{
	"credit": "MineDlp 3D by DJNicolasfk",
	"parent": "item/handheld",
	"textures": {
		"layer0": "item/diamond_shovel"
	},
	"overrides": [
		{ "predicate": { "damaged": 0, "damage": 0.000640204865557 }, "model": "item/accessoires/hat/casquechantier" },
		{ "predicate": { "damaged": 0, "damage": 0.001281229980782 }, "model": "item/accessoires/hat/hatminedlp" },
		{ "predicate": { "damaged": 0, "damage": 0.001921844971172 }, "model": "item/accessoires/peluches/ironman" },
		{ "predicate": { "damaged": 0, "damage": 0.002562459961563 }, "model": "item/accessoires/peluches/spiderman" },
		{ "predicate": { "damaged": 0, "damage": 0.003203074951954 }, "model": "item/accessoires/hat/mickeymasque" },
		{ "predicate": { "damaged": 0, "damage": 0.003843689942345 }, "model": "item/accessoires/peluches/dingo" },
		{ "predicate": { "damaged": 0, "damage": 0.004484304932735 }, "model": "item/accessoires/items/fusils" },
		{ "predicate": { "damaged": 0, "damage": 0.005124919923126 }, "model": "item/accessoires/peluches/hulk" },
		{ "predicate": { "damaged": 0, "damage": 0.005765534913517 }, "model": "item/accessoires/hat/hulk" },
		{ "predicate": { "damaged": 0, "damage": 0.006406149903908 }, "model": "item/accessoires/items/pass/passdiscovery" },
		{ "predicate": { "damaged": 0, "damage": 0.007046764894299 }, "model": "item/accessoires/items/pass/passinfinity" },
		{ "predicate": { "damaged": 0, "damage": 0.007687379884689 }, "model": "item/accessoires/items/pass/passmagicflex" },
		{ "predicate": { "damaged": 0, "damage": 0.00832799487508 }, "model": "item/accessoires/items/pass/passmagicplus" },
		{ "predicate": { "damaged": 0, "damage": 0.008968609865471 }, "model": "" },
		{ "predicate": { "damaged": 0, "damage": 0.009609224855862 }, "model": "" },
		{ "predicate": { "damaged": 0, "damage": 0.010249839846252 }, "model": "" },
		{ "predicate": { "damaged": 0, "damage": 0.010890454836643 }, "model": "" },
		{ "predicate": { "damaged": 0, "damage": 0.011531069827034 }, "model": "" },
		{ "predicate": { "damaged": 0, "damage": 0.012171684817425 }, "model": "" },
		{ "predicate": { "damaged": 0, "damage": 0.012812299807816 }, "model": "" },
		{ "predicate": { "damaged": 0, "damage": 0.013452914798206 }, "model": "" }
	]
}