{
	"parent": "item/handheld",
	"textures": {
		"layer0": "item/diamond_sword"
	},
	"overrides": [
		{ "predicate": { "damage": 0 }, "model": "item/diamond_sword" },
		{ "predicate": { "damaged": 0, "damage": 0.000640614990391 }, "model": "item/panneaux/barriere" },
		{ "predicate": { "damaged": 0, "damage": 0.001281229980782 }, "model": "item/panneaux/unavailable" },
		{ "predicate": { "damaged": 0, "damage": 0.001921844971172 }, "model": "item/panneaux/entresecua" },
		{ "predicate": { "damaged": 0, "damage": 0.002562459961563 }, "model": "item/panneaux/entresecub" },
		{ "predicate": { "damaged": 0, "damage": 0.003203074951954 }, "model": "item/panneaux/entresecuc" },
		{ "predicate": { "damaged": 0, "damage": 0.003843689942345 }, "model": "item/poubelles/poubellecanette" },
		{ "predicate": { "damaged": 0, "damage": 0.004484304932735 }, "model": "item/divers/lampadaire" },
		{ "predicate": { "damaged": 0, "damage": 0.005124919923126 }, "model": "item/divers/lyreblanc" },
		{ "predicate": { "damaged": 0, "damage": 0.005765534913517 }, "model": "item/divers/lyrebleu" },
		{ "predicate": { "damaged": 0, "damage": 0.006406149903908 }, "model": "item/divers/lyrejaune" },
		{ "predicate": { "damaged": 0, "damage": 0.007046764894299 }, "model": "item/divers/lyreverte" },
		{ "predicate": { "damaged": 0, "damage": 0.007687379884689 }, "model": "item/divers/projecteur1" },
		{ "predicate": { "damaged": 0, "damage": 0.00832799487508 }, "model": "item/divers/projecteur2" },
		{ "predicate": { "damaged": 0, "damage": 0.008968609865471 }, "model": "item/divers/projecteurfume" },
		{ "predicate": { "damaged": 0, "damage": 0.009609224855862 }, "model": "" },
		{ "predicate": { "damaged": 0, "damage": 0.010249839846252 }, "model": "" },
		{ "predicate": { "damaged": 0, "damage": 0.010890454836643 }, "model": "" },
		{ "predicate": { "damaged": 0, "damage": 0.011531069827034 }, "model": "" },
		{ "predicate": { "damaged": 0, "damage": 0.012171684817425 }, "model": "" },
		{ "predicate": { "damaged": 0, "damage": 0.012812299807816 }, "model": "" },
		{ "predicate": { "damaged": 0, "damage": 0.013452914798206 }, "model": "" },
		{ "predicate": { "damaged": 0, "damage": 0.014093529788597 }, "model": "" },
		{ "predicate": { "damaged": 0, "damage": 0.014734144778988 }, "model": "" },
		{ "predicate": { "damaged": 0, "damage": 0.015374759769379 }, "model": "" },
		{ "predicate": { "damaged": 0, "damage": 0.01665598975016 }, "model": "" },
		{ "predicate": { "damaged": 0, "damage": 0.017296604740551 }, "model": "" }
	]
}