{
	"credit": "Made with Blockbench",
	"textures": {
		"0": "block/black_concrete",
		"1": "block/light_gray_concrete",
		"2": "divers/poubelles/poubelle2",
		"3": "logo",
		"particle": "block/black_concrete"
	},
	"elements": [
		{
			"from": [14.768, 0.188, 1.2085],
			"to": [15.52, 19.928, 14.768],
			"rotation": {"angle": 0, "axis": "y", "origin": [0.48, 0, 0.48]},
			"faces": {
				"east": {"uv": [0, 0, 1.224, 1.128], "texture": "#2"},
				"west": {"uv": [0, 0, 1.224, 1.128], "texture": "#2"},
				"down": {"uv": [0, 0, 1.224, 1.128], "texture": "#2"}
			}
		},
		{
			"from": [0.48, 0.188, 1.2085],
			"to": [1.232, 19.928, 14.768],
			"rotation": {"angle": 0, "axis": "y", "origin": [0.48, 0, 0.48]},
			"faces": {
				"east": {"uv": [0, 0, 1.224, 1.128], "texture": "#2"},
				"west": {"uv": [0, 0, 1.224, 1.128], "texture": "#2"},
				"down": {"uv": [0, 0, 1.224, 1.128], "texture": "#2"}
			}
		},
		{
			"from": [0.48, 0.188, 0.48],
			"to": [15.52, 16.108, 1.232],
			"rotation": {"angle": 0, "axis": "y", "origin": [0.48, 0, 0.48]},
			"faces": {
				"north": {"uv": [0, 0, 1.224, 1.128], "texture": "#2"},
				"south": {"uv": [0, 0, 1.224, 1.128], "texture": "#2"},
				"up": {"uv": [0, 0, 1.224, 1.128], "texture": "#2"},
				"down": {"uv": [0, 0, 1.224, 1.128], "texture": "#2"}
			}
		},
		{
			"from": [4.98, 7.188, 0.455],
			"to": [11.02, 14.108, 0.455],
			"rotation": {"angle": 0, "axis": "y", "origin": [0.48, 0, 0.48]},
			"faces": {
				"north": {"uv": [0.864, 0.128, 7.24, 7.464], "texture": "#2"},
				"south": {"uv": [0.48, 0.416, 8.552, 8.264], "texture": "#2"}
			}
		},
		{
			"from": [4.98, 7.188, 15.555],
			"to": [11.02, 14.108, 15.555],
			"rotation": {"angle": 0, "axis": "y", "origin": [0.48, 0, 0.48]},
			"faces": {
				"north": {"uv": [0.48, 0.416, 8.552, 8.296], "texture": "#2"},
				"south": {"uv": [0.864, 0.128, 7.24, 7.464], "texture": "#2"}
			}
		},
		{
			"from": [0.48, 0.188, 14.768],
			"to": [15.52, 16.108, 15.52],
			"rotation": {"angle": 0, "axis": "y", "origin": [0.48, 0, 0.48]},
			"faces": {
				"north": {"uv": [0, 0, 1.224, 1.128], "texture": "#2"},
				"south": {"uv": [0, 0, 1.224, 1.128], "texture": "#2"},
				"up": {"uv": [0, 0, 1.224, 1.128], "texture": "#2"},
				"down": {"uv": [0, 0, 1.224, 1.128], "texture": "#2"}
			}
		},
		{
			"from": [1.232, 0.188, 1.232],
			"to": [14.768, 1.128, 14.768],
			"rotation": {"angle": 0, "axis": "y", "origin": [0.48, 0, 0.48]},
			"faces": {
				"down": {"uv": [3, 3, 4, 4], "texture": "#2"}
			}
		},
		{
			"from": [1.232, 1.128, 1.232],
			"to": [14.768, 2.068, 14.768],
			"rotation": {"angle": 0, "axis": "y", "origin": [0.48, 0, 0.48]},
			"faces": {
				"up": {"uv": [0, 0, 14.4, 14.4], "rotation": 90, "texture": "#0"}
			}
		},
		{
			"from": [0.292, 0, 0.292],
			"to": [1.232, 21.338, 1.232],
			"rotation": {"angle": 0, "axis": "y", "origin": [0.48, 0, 0.48]},
			"faces": {
				"north": {"uv": [0, 0, 1.224, 1.128], "texture": "#2"},
				"east": {"uv": [0, 0, 1.224, 1.128], "texture": "#2"},
				"south": {"uv": [0, 0, 1.224, 1.128], "texture": "#2"},
				"west": {"uv": [0, 0, 1.224, 1.128], "texture": "#2"},
				"down": {"uv": [0, 0, 1.224, 1.128], "texture": "#2"}
			}
		},
		{
			"from": [14.768, 0, 0.292],
			"to": [15.708, 21.338, 1.232],
			"rotation": {"angle": 0, "axis": "y", "origin": [0.48, 0, 0.48]},
			"faces": {
				"north": {"uv": [0, 0, 1.224, 1.128], "texture": "#2"},
				"east": {"uv": [0, 0, 1.224, 1.128], "texture": "#2"},
				"south": {"uv": [0, 0, 1.224, 1.128], "texture": "#2"},
				"west": {"uv": [0, 0, 1.224, 1.128], "texture": "#2"},
				"down": {"uv": [0, 0, 1.224, 1.128], "texture": "#2"}
			}
		},
		{
			"from": [14.768, 0, 14.768],
			"to": [15.708, 21.338, 15.708],
			"rotation": {"angle": 0, "axis": "y", "origin": [0.48, 0, 0.48]},
			"faces": {
				"north": {"uv": [0, 0, 1.224, 1.128], "texture": "#2"},
				"east": {"uv": [0, 0, 1.224, 1.128], "texture": "#2"},
				"south": {"uv": [0, 0, 1.224, 1.128], "texture": "#2"},
				"west": {"uv": [0, 0, 1.224, 1.128], "texture": "#2"},
				"down": {"uv": [0, 0, 1.224, 1.128], "texture": "#2"}
			}
		},
		{
			"from": [0.292, 0, 14.768],
			"to": [1.232, 21.338, 15.708],
			"rotation": {"angle": 0, "axis": "y", "origin": [0.48, 0, 0.48]},
			"faces": {
				"north": {"uv": [0, 0, 1.224, 1.128], "texture": "#2"},
				"east": {"uv": [0, 0, 1.224, 1.128], "texture": "#2"},
				"south": {"uv": [0, 0, 1.224, 1.128], "texture": "#2"},
				"west": {"uv": [0, 0, 1.224, 1.128], "texture": "#2"},
				"down": {"uv": [0, 0, 1.224, 1.128], "texture": "#2"}
			}
		},
		{
			"from": [0.997, 0, 15.708],
			"to": [1.232, 21.197, 15.755],
			"rotation": {"angle": 0, "axis": "y", "origin": [0.48, 0, 0.48]},
			"faces": {
				"east": {"uv": [0, 0, 1.224, 1.128], "texture": "#2"},
				"south": {"uv": [0, 0, 1.224, 1.128], "texture": "#2"},
				"west": {"uv": [0, 0, 1.224, 1.128], "texture": "#2"},
				"up": {"uv": [0, 0, 1.224, 1.128], "texture": "#2"},
				"down": {"uv": [0, 0, 1.224, 1.128], "texture": "#2"}
			}
		},
		{
			"from": [0.527, 0, 15.708],
			"to": [0.997, 0.517, 15.755],
			"rotation": {"angle": 0, "axis": "y", "origin": [0.48, 0, 0.48]},
			"faces": {
				"south": {"uv": [0, 0, 1.224, 1.128], "texture": "#2"},
				"up": {"uv": [0, 0, 1.224, 1.128], "texture": "#2"},
				"down": {"uv": [0, 0, 1.224, 1.128], "texture": "#2"}
			}
		},
		{
			"from": [15.003, 0, 15.708],
			"to": [15.473, 0.517, 15.755],
			"rotation": {"angle": 0, "axis": "y", "origin": [0.48, 0, 0.48]},
			"faces": {
				"south": {"uv": [0, 0, 1.224, 1.128], "texture": "#2"},
				"up": {"uv": [0, 0, 1.224, 1.128], "texture": "#2"},
				"down": {"uv": [0, 0, 1.224, 1.128], "texture": "#2"}
			}
		},
		{
			"from": [15.003, 0, 0.245],
			"to": [15.473, 0.517, 0.292],
			"rotation": {"angle": 0, "axis": "y", "origin": [0.48, 0, 0.48]},
			"faces": {
				"north": {"uv": [0, 0, 1.224, 1.128], "texture": "#2"},
				"up": {"uv": [0, 0, 1.224, 1.128], "texture": "#2"},
				"down": {"uv": [0, 0, 1.224, 1.128], "texture": "#2"}
			}
		},
		{
			"from": [0.527, 0, 0.245],
			"to": [0.997, 0.517, 0.292],
			"rotation": {"angle": 0, "axis": "y", "origin": [0.48, 0, 0.48]},
			"faces": {
				"north": {"uv": [0, 0, 1.224, 1.128], "texture": "#2"},
				"up": {"uv": [0, 0, 1.224, 1.128], "texture": "#2"},
				"down": {"uv": [0, 0, 1.224, 1.128], "texture": "#2"}
			}
		},
		{
			"from": [14.768, 0, 15.708],
			"to": [15.003, 21.197, 15.755],
			"rotation": {"angle": 0, "axis": "y", "origin": [0.48, 0, 0.48]},
			"faces": {
				"east": {"uv": [0, 0, 1.224, 1.128], "texture": "#2"},
				"south": {"uv": [0, 0, 1.224, 1.128], "texture": "#2"},
				"west": {"uv": [0, 0, 1.224, 1.128], "texture": "#2"},
				"up": {"uv": [0, 0, 1.224, 1.128], "texture": "#2"},
				"down": {"uv": [0, 0, 1.224, 1.128], "texture": "#2"}
			}
		},
		{
			"from": [15.473, 0, 15.708],
			"to": [15.708, 21.338, 15.755],
			"rotation": {"angle": 0, "axis": "y", "origin": [0.48, 0, 0.48]},
			"faces": {
				"east": {"uv": [0, 0, 1.224, 1.128], "texture": "#2"},
				"south": {"uv": [0, 0, 1.224, 1.128], "texture": "#2"},
				"west": {"uv": [0, 0, 1.224, 1.128], "texture": "#2"},
				"down": {"uv": [0, 0, 1.224, 1.128], "texture": "#2"}
			}
		},
		{
			"from": [0.292, 0, 15.708],
			"to": [0.527, 21.338, 15.755],
			"rotation": {"angle": 0, "axis": "y", "origin": [0.48, 0, 0.48]},
			"faces": {
				"east": {"uv": [0, 0, 1.224, 1.128], "texture": "#2"},
				"south": {"uv": [0, 0, 1.224, 1.128], "texture": "#2"},
				"west": {"uv": [0, 0, 1.224, 1.128], "texture": "#2"},
				"down": {"uv": [0, 0, 1.224, 1.128], "texture": "#2"}
			}
		},
		{
			"from": [15.473, 0, 0.245],
			"to": [15.708, 21.338, 0.292],
			"rotation": {"angle": 0, "axis": "y", "origin": [0.48, 0, -14.983]},
			"faces": {
				"north": {"uv": [0, 0, 1.224, 1.128], "texture": "#2"},
				"east": {"uv": [0, 0, 1.224, 1.128], "texture": "#2"},
				"west": {"uv": [0, 0, 1.224, 1.128], "texture": "#2"},
				"down": {"uv": [0, 0, 1.224, 1.128], "texture": "#2"}
			}
		},
		{
			"from": [14.768, 0, 0.245],
			"to": [15.003, 21.197, 0.292],
			"rotation": {"angle": 0, "axis": "y", "origin": [0.48, 0, -14.983]},
			"faces": {
				"north": {"uv": [0, 0, 1.224, 1.128], "texture": "#2"},
				"east": {"uv": [0, 0, 1.224, 1.128], "texture": "#2"},
				"west": {"uv": [0, 0, 1.224, 1.128], "texture": "#2"},
				"up": {"uv": [0, 0, 1.224, 1.128], "texture": "#2"},
				"down": {"uv": [0, 0, 1.224, 1.128], "texture": "#2"}
			}
		},
		{
			"from": [0.292, 0, 0.245],
			"to": [0.527, 21.338, 0.292],
			"rotation": {"angle": 0, "axis": "y", "origin": [0.48, 0, -14.983]},
			"faces": {
				"north": {"uv": [0, 0, 1.224, 1.128], "texture": "#2"},
				"east": {"uv": [0, 0, 1.224, 1.128], "texture": "#2"},
				"west": {"uv": [0, 0, 1.224, 1.128], "texture": "#2"},
				"down": {"uv": [0, 0, 1.224, 1.128], "texture": "#2"}
			}
		},
		{
			"from": [0.997, 0, 0.245],
			"to": [1.232, 21.197, 0.292],
			"rotation": {"angle": 0, "axis": "y", "origin": [0.48, 0, -14.983]},
			"faces": {
				"north": {"uv": [0, 0, 1.224, 1.128], "texture": "#2"},
				"east": {"uv": [0, 0, 1.224, 1.128], "texture": "#2"},
				"west": {"uv": [0, 0, 1.224, 1.128], "texture": "#2"},
				"up": {"uv": [0, 0, 1.224, 1.128], "texture": "#2"},
				"down": {"uv": [0, 0, 1.224, 1.128], "texture": "#2"}
			}
		},
		{
			"name": "hexadecagon",
			"from": [3.11558, 23.1005, 1.2085],
			"to": [4.42442, 23.782, 14.768],
			"rotation": {"angle": 22.5, "axis": "z", "origin": [3.77, 20.492, 1.42]},
			"faces": {
				"north": {"uv": [0, 0, 1.224, 1.128], "texture": "#2"},
				"south": {"uv": [0, 0, 1.224, 1.128], "texture": "#2"},
				"up": {"uv": [0, 0, 1.224, 1.128], "texture": "#2"},
				"down": {"uv": [0, 0, 1.224, 1.128], "texture": "#2"}
			}
		},
		{
			"name": "hexadecagon",
			"from": [2.92758, 23.03358, 0.292],
			"to": [4.23642, 23.97358, 1.232],
			"rotation": {"angle": 22.5, "axis": "z", "origin": [3.582, 20.68358, 1.232]},
			"faces": {
				"north": {"uv": [0, 0, 1.224, 1.128], "texture": "#2"},
				"south": {"uv": [0, 0, 1.224, 1.128], "texture": "#2"},
				"up": {"uv": [0, 0, 1.224, 1.128], "texture": "#2"},
				"down": {"uv": [0, 0, 1.224, 1.128], "texture": "#2"}
			}
		},
		{
			"name": "hexadecagon",
			"from": [3.11558, 23.124, 1.2085],
			"to": [4.42442, 23.782, 14.768],
			"rotation": {"angle": 45, "axis": "z", "origin": [3.77, 20.492, 1.42]},
			"faces": {
				"north": {"uv": [0, 0, 1.224, 1.128], "texture": "#2"},
				"south": {"uv": [0, 0, 1.224, 1.128], "texture": "#2"},
				"up": {"uv": [0, 0, 1.224, 1.128], "texture": "#2"},
				"down": {"uv": [0, 0, 1.224, 1.128], "texture": "#2"}
			}
		},
		{
			"name": "hexadecagon",
			"from": [2.92758, 23.03358, 0.292],
			"to": [4.23642, 23.97358, 1.232],
			"rotation": {"angle": 45, "axis": "z", "origin": [3.582, 20.68358, 1.232]},
			"faces": {
				"north": {"uv": [0, 0, 1.224, 1.128], "texture": "#2"},
				"south": {"uv": [0, 0, 1.224, 1.128], "texture": "#2"},
				"up": {"uv": [0, 0, 1.224, 1.128], "texture": "#2"},
				"down": {"uv": [0, 0, 1.224, 1.128], "texture": "#2"}
			}
		},
		{
			"name": "hexadecagon",
			"from": [0.48, 19.83758, 1.2085],
			"to": [1.1709, 21.14642, 14.768],
			"rotation": {"angle": -22.5, "axis": "z", "origin": [3.77, 20.492, 1.42]},
			"faces": {
				"north": {"uv": [0, 0, 1.224, 1.128], "texture": "#2"},
				"east": {"uv": [0, 0, 1.224, 1.128], "texture": "#2"},
				"south": {"uv": [0, 0, 1.224, 1.128], "texture": "#2"},
				"west": {"uv": [0, 0, 1.224, 1.128], "texture": "#2"}
			}
		},
		{
			"name": "hexadecagon",
			"from": [0.292, 20.02916, 0.292],
			"to": [1.232, 21.338, 1.232],
			"rotation": {"angle": -22.5, "axis": "z", "origin": [3.582, 20.68358, 1.232]},
			"faces": {
				"north": {"uv": [0, 0, 1.224, 1.128], "texture": "#2"},
				"east": {"uv": [0, 0, 1.224, 1.128], "texture": "#2"},
				"south": {"uv": [0, 0, 1.224, 1.128], "texture": "#2"},
				"west": {"uv": [0, 0, 1.224, 1.128], "texture": "#2"}
			}
		},
		{
			"name": "hexadecagon",
			"from": [2.92758, 23.03358, 14.768],
			"to": [4.23642, 23.97358, 15.708],
			"rotation": {"angle": 22.5, "axis": "z", "origin": [3.582, 20.68358, 15.708]},
			"faces": {
				"north": {"uv": [0, 0, 1.224, 1.128], "texture": "#2"},
				"south": {"uv": [0, 0, 1.224, 1.128], "texture": "#2"},
				"up": {"uv": [0, 0, 1.224, 1.128], "texture": "#2"},
				"down": {"uv": [0, 0, 1.224, 1.128], "texture": "#2"}
			}
		},
		{
			"name": "hexadecagon",
			"from": [2.92758, 23.03358, 14.768],
			"to": [4.23642, 23.97358, 15.708],
			"rotation": {"angle": 45, "axis": "z", "origin": [3.582, 20.68358, 15.708]},
			"faces": {
				"north": {"uv": [0, 0, 1.224, 1.128], "texture": "#2"},
				"south": {"uv": [0, 0, 1.224, 1.128], "texture": "#2"},
				"up": {"uv": [0, 0, 1.224, 1.128], "texture": "#2"},
				"down": {"uv": [0, 0, 1.224, 1.128], "texture": "#2"}
			}
		},
		{
			"name": "hexadecagon",
			"from": [0.292, 20.02916, 14.768],
			"to": [1.232, 21.338, 15.708],
			"rotation": {"angle": -22.5, "axis": "z", "origin": [3.582, 20.68358, 15.708]},
			"faces": {
				"north": {"uv": [0, 0, 1.224, 1.128], "texture": "#2"},
				"east": {"uv": [0, 0, 1.224, 1.128], "texture": "#2"},
				"south": {"uv": [0, 0, 1.224, 1.128], "texture": "#2"},
				"west": {"uv": [0, 0, 1.224, 1.128], "texture": "#2"}
			}
		},
		{
			"name": "hexadecagon",
			"from": [0.997, 20.17016, 15.708],
			"to": [1.232, 21.197, 15.755],
			"rotation": {"angle": -22.5, "axis": "z", "origin": [3.582, 20.68358, 15.708]},
			"faces": {
				"east": {"uv": [0, 0, 1.224, 1.128], "texture": "#2"},
				"south": {"uv": [0, 0, 1.224, 1.128], "texture": "#2"},
				"west": {"uv": [0, 0, 1.224, 1.128], "texture": "#2"},
				"up": {"uv": [0, 0, 1.224, 1.128], "texture": "#2"},
				"down": {"uv": [0, 0, 1.224, 1.128], "texture": "#2"}
			}
		},
		{
			"name": "hexadecagon",
			"from": [3.06858, 23.03358, 15.708],
			"to": [4.09542, 23.26858, 15.755],
			"rotation": {"angle": 45, "axis": "z", "origin": [3.582, 20.68358, 15.708]},
			"faces": {
				"east": {"uv": [0, 0, 1.224, 1.128], "texture": "#2"},
				"south": {"uv": [0, 0, 1.224, 1.128], "texture": "#2"},
				"west": {"uv": [0, 0, 1.224, 1.128], "texture": "#2"},
				"up": {"uv": [0, 0, 1.224, 1.128], "texture": "#2"},
				"down": {"uv": [0, 0, 1.224, 1.128], "texture": "#2"}
			}
		},
		{
			"name": "hexadecagon",
			"from": [3.06858, 23.03358, 15.708],
			"to": [4.07192, 23.26858, 15.755],
			"rotation": {"angle": 22.5, "axis": "z", "origin": [3.582, 20.68358, 15.708]},
			"faces": {
				"east": {"uv": [0, 0, 1.224, 1.128], "texture": "#2"},
				"south": {"uv": [0, 0, 1.224, 1.128], "texture": "#2"},
				"west": {"uv": [0, 0, 1.224, 1.128], "texture": "#2"},
				"up": {"uv": [0, 0, 1.224, 1.128], "texture": "#2"},
				"down": {"uv": [0, 0, 1.224, 1.128], "texture": "#2"}
			}
		},
		{
			"name": "hexadecagon",
			"from": [2.92758, 23.71508, 15.708],
			"to": [4.23642, 23.97358, 15.755],
			"rotation": {"angle": 22.5, "axis": "z", "origin": [3.582, 20.68358, 15.708]},
			"faces": {
				"east": {"uv": [0, 0, 1.224, 1.128], "texture": "#2"},
				"south": {"uv": [0, 0, 1.224, 1.128], "texture": "#2"},
				"west": {"uv": [0, 0, 1.224, 1.128], "texture": "#2"},
				"up": {"uv": [0, 0, 1.224, 1.128], "texture": "#2"},
				"down": {"uv": [0, 0, 1.224, 1.128], "texture": "#2"}
			}
		},
		{
			"name": "hexadecagon",
			"from": [2.92758, 23.73858, 15.708],
			"to": [4.23642, 23.97358, 15.755],
			"rotation": {"angle": 45, "axis": "z", "origin": [3.582, 20.68358, 15.708]},
			"faces": {
				"south": {"uv": [0, 0, 1.224, 1.128], "texture": "#2"},
				"up": {"uv": [0, 0, 1.224, 1.128], "texture": "#2"},
				"down": {"uv": [0, 0, 1.224, 1.128], "texture": "#2"}
			}
		},
		{
			"name": "hexadecagon",
			"from": [0.292, 20.02916, 15.708],
			"to": [0.527, 21.338, 15.755],
			"rotation": {"angle": -22.5, "axis": "z", "origin": [3.582, 20.68358, 15.708]},
			"faces": {
				"east": {"uv": [0, 0, 1.224, 1.128], "texture": "#2"},
				"south": {"uv": [0, 0, 1.224, 1.128], "texture": "#2"},
				"west": {"uv": [0, 0, 1.224, 1.128], "texture": "#2"}
			}
		},
		{
			"name": "hexadecagon",
			"from": [3.06858, 23.03358, 0.245],
			"to": [4.07192, 23.26858, 0.292],
			"rotation": {"angle": 22.5, "axis": "z", "origin": [3.582, 20.68358, 0.245]},
			"faces": {
				"north": {"uv": [0, 0, 1.224, 1.128], "texture": "#2"},
				"east": {"uv": [0, 0, 1.224, 1.128], "texture": "#2"},
				"west": {"uv": [0, 0, 1.224, 1.128], "texture": "#2"},
				"up": {"uv": [0, 0, 1.224, 1.128], "texture": "#2"},
				"down": {"uv": [0, 0, 1.224, 1.128], "texture": "#2"}
			}
		},
		{
			"name": "hexadecagon",
			"from": [2.92758, 23.71508, 0.245],
			"to": [4.23642, 23.97358, 0.292],
			"rotation": {"angle": 22.5, "axis": "z", "origin": [3.582, 20.68358, 0.245]},
			"faces": {
				"north": {"uv": [0, 0, 1.224, 1.128], "texture": "#2"},
				"east": {"uv": [0, 0, 1.224, 1.128], "texture": "#2"},
				"west": {"uv": [0, 0, 1.224, 1.128], "texture": "#2"},
				"up": {"uv": [0, 0, 1.224, 1.128], "texture": "#2"},
				"down": {"uv": [0, 0, 1.224, 1.128], "texture": "#2"}
			}
		},
		{
			"name": "hexadecagon",
			"from": [2.92758, 23.73858, 0.245],
			"to": [4.23642, 23.97358, 0.292],
			"rotation": {"angle": 45, "axis": "z", "origin": [3.582, 20.68358, 0.245]},
			"faces": {
				"north": {"uv": [0, 0, 1.224, 1.128], "texture": "#2"},
				"up": {"uv": [0, 0, 1.224, 1.128], "texture": "#2"},
				"down": {"uv": [0, 0, 1.224, 1.128], "texture": "#2"}
			}
		},
		{
			"name": "hexadecagon",
			"from": [3.06858, 23.03358, 0.245],
			"to": [4.09542, 23.26858, 0.292],
			"rotation": {"angle": 45, "axis": "z", "origin": [3.582, 20.68358, 0.245]},
			"faces": {
				"north": {"uv": [0, 0, 1.224, 1.128], "texture": "#2"},
				"east": {"uv": [0, 0, 1.224, 1.128], "texture": "#2"},
				"west": {"uv": [0, 0, 1.224, 1.128], "texture": "#2"},
				"up": {"uv": [0, 0, 1.224, 1.128], "texture": "#2"},
				"down": {"uv": [0, 0, 1.224, 1.128], "texture": "#2"}
			}
		},
		{
			"name": "hexadecagon",
			"from": [0.997, 20.17016, 0.245],
			"to": [1.232, 21.197, 0.292],
			"rotation": {"angle": -22.5, "axis": "z", "origin": [3.582, 20.68358, 0.245]},
			"faces": {
				"north": {"uv": [0, 0, 1.224, 1.128], "texture": "#2"},
				"east": {"uv": [0, 0, 1.224, 1.128], "texture": "#2"},
				"west": {"uv": [0, 0, 1.224, 1.128], "texture": "#2"},
				"up": {"uv": [0, 0, 1.224, 1.128], "texture": "#2"},
				"down": {"uv": [0, 0, 1.224, 1.128], "texture": "#2"}
			}
		},
		{
			"name": "hexadecagon",
			"from": [0.292, 20.02916, 0.245],
			"to": [0.527, 21.338, 0.292],
			"rotation": {"angle": -22.5, "axis": "z", "origin": [3.582, 20.68358, 0.245]},
			"faces": {
				"north": {"uv": [0, 0, 1.224, 1.128], "texture": "#2"},
				"east": {"uv": [0, 0, 1.224, 1.128], "texture": "#2"},
				"west": {"uv": [0, 0, 1.224, 1.128], "texture": "#2"}
			}
		},
		{
			"name": "hexadecagon",
			"from": [0.48, 19.83758, 1.2085],
			"to": [1.232, 21.14642, 14.768],
			"rotation": {"angle": 0, "axis": "z", "origin": [3.77, 20.492, 1.42]},
			"faces": {
				"east": {"uv": [0, 0, 1.224, 1.128], "texture": "#2"},
				"west": {"uv": [0, 0, 1.224, 1.128], "texture": "#2"},
				"up": {"uv": [0, 0, 1.224, 1.128], "texture": "#2"}
			}
		},
		{
			"name": "hexadecagon",
			"from": [11.57558, 23.124, 1.2085],
			"to": [12.88442, 23.8055, 14.768],
			"rotation": {"angle": -45, "axis": "z", "origin": [12.23, 20.492, 1.42]},
			"faces": {
				"north": {"uv": [0, 0, 1.224, 1.128], "texture": "#2"},
				"east": {"uv": [0, 0, 1.224, 1.128], "texture": "#2"},
				"south": {"uv": [0, 0, 1.224, 1.128], "texture": "#2"},
				"west": {"uv": [0, 0, 1.224, 1.128], "texture": "#2"},
				"up": {"uv": [0, 0, 1.224, 1.128], "texture": "#2"},
				"down": {"uv": [0, 0, 1.224, 1.128], "texture": "#2"}
			}
		},
		{
			"name": "hexadecagon",
			"from": [11.76358, 23.03358, 0.292],
			"to": [13.07242, 23.97358, 1.232],
			"rotation": {"angle": -45, "axis": "z", "origin": [12.418, 20.68358, 1.232]},
			"faces": {
				"north": {"uv": [0, 0, 1.224, 1.128], "texture": "#2"},
				"south": {"uv": [0, 0, 1.224, 1.128], "texture": "#2"},
				"up": {"uv": [0, 0, 1.224, 1.128], "texture": "#2"},
				"down": {"uv": [0, 0, 1.224, 1.128], "texture": "#2"}
			}
		},
		{
			"name": "hexadecagon",
			"from": [11.57558, 23.1005, 1.2085],
			"to": [12.88442, 23.782, 14.768],
			"rotation": {"angle": -22.5, "axis": "z", "origin": [12.23, 20.492, 1.42]},
			"faces": {
				"north": {"uv": [0, 0, 1.224, 1.128], "texture": "#2"},
				"south": {"uv": [0, 0, 1.224, 1.128], "texture": "#2"},
				"up": {"uv": [0, 0, 1.224, 1.128], "texture": "#2"},
				"down": {"uv": [0, 0, 1.224, 1.128], "texture": "#2"}
			}
		},
		{
			"name": "hexadecagon",
			"from": [11.76358, 23.03358, 0.292],
			"to": [13.07242, 23.97358, 1.232],
			"rotation": {"angle": -22.5, "axis": "z", "origin": [12.418, 20.68358, 1.232]},
			"faces": {
				"north": {"uv": [0, 0, 1.224, 1.128], "texture": "#2"},
				"south": {"uv": [0, 0, 1.224, 1.128], "texture": "#2"},
				"up": {"uv": [0, 0, 1.224, 1.128], "texture": "#2"},
				"down": {"uv": [0, 0, 1.224, 1.128], "texture": "#2"}
			}
		},
		{
			"name": "hexadecagon",
			"from": [3.11558, 23.124, 1.2085],
			"to": [12.88442, 23.782, 14.768],
			"rotation": {"angle": 0, "axis": "z", "origin": [12.23, 20.492, 1.42]},
			"faces": {
				"up": {"uv": [0, 0, 1.224, 1.128], "texture": "#2"},
				"down": {"uv": [0, 0, 1.224, 1.128], "texture": "#2"}
			}
		},
		{
			"name": "hexadecagon",
			"from": [2.92758, 23.03358, 0.292],
			"to": [13.07242, 23.97358, 1.232],
			"rotation": {"angle": 0, "axis": "z", "origin": [12.418, 20.68358, 1.232]},
			"faces": {
				"north": {"uv": [0, 0, 1.224, 1.128], "texture": "#2"},
				"south": {"uv": [0, 0, 1.224, 1.128], "texture": "#2"},
				"up": {"uv": [0, 0, 1.224, 1.128], "texture": "#2"},
				"down": {"uv": [0, 0, 1.224, 1.128], "texture": "#2"}
			}
		},
		{
			"name": "hexadecagon",
			"from": [14.768, 19.83758, 1.2085],
			"to": [15.52, 21.14642, 14.768],
			"rotation": {"angle": 0, "axis": "z", "origin": [12.23, 20.492, 1.42]},
			"faces": {
				"east": {"uv": [0, 0, 1.224, 1.128], "texture": "#2"},
				"west": {"uv": [0, 0, 1.224, 1.128], "texture": "#2"},
				"up": {"uv": [0, 0, 1.224, 1.128], "texture": "#2"}
			}
		},
		{
			"name": "hexadecagon",
			"from": [14.8291, 19.83758, 1.2085],
			"to": [15.52, 21.14642, 14.768],
			"rotation": {"angle": 22.5, "axis": "z", "origin": [12.23, 20.492, 1.42]},
			"faces": {
				"north": {"uv": [0, 0, 1.224, 1.128], "texture": "#2"},
				"east": {"uv": [0, 0, 1.224, 1.128], "texture": "#2"},
				"south": {"uv": [0, 0, 1.224, 1.128], "texture": "#2"},
				"west": {"uv": [0, 0, 1.224, 1.128], "texture": "#2"}
			}
		},
		{
			"name": "hexadecagon",
			"from": [14.768, 20.02916, 0.292],
			"to": [15.708, 21.338, 1.232],
			"rotation": {"angle": 22.5, "axis": "z", "origin": [12.418, 20.68358, 1.232]},
			"faces": {
				"north": {"uv": [0, 0, 1.224, 1.128], "texture": "#2"},
				"east": {"uv": [0, 0, 1.224, 1.128], "texture": "#2"},
				"south": {"uv": [0, 0, 1.224, 1.128], "texture": "#2"},
				"west": {"uv": [0, 0, 1.224, 1.128], "texture": "#2"}
			}
		},
		{
			"name": "hexadecagon",
			"from": [14.768, 20.02916, 14.768],
			"to": [15.708, 21.338, 15.708],
			"rotation": {"angle": 22.5, "axis": "z", "origin": [12.418, 20.68358, 15.708]},
			"faces": {
				"north": {"uv": [0, 0, 1.224, 1.128], "texture": "#2"},
				"east": {"uv": [0, 0, 1.224, 1.128], "texture": "#2"},
				"south": {"uv": [0, 0, 1.224, 1.128], "texture": "#2"},
				"west": {"uv": [0, 0, 1.224, 1.128], "texture": "#2"}
			}
		},
		{
			"name": "hexadecagon",
			"from": [11.76358, 23.03358, 14.768],
			"to": [13.07242, 23.97358, 15.708],
			"rotation": {"angle": -45, "axis": "z", "origin": [12.418, 20.68358, 15.708]},
			"faces": {
				"north": {"uv": [0, 0, 1.224, 1.128], "texture": "#2"},
				"south": {"uv": [0, 0, 1.224, 1.128], "texture": "#2"},
				"up": {"uv": [0, 0, 1.224, 1.128], "texture": "#2"},
				"down": {"uv": [0, 0, 1.224, 1.128], "texture": "#2"}
			}
		},
		{
			"name": "hexadecagon",
			"from": [11.76358, 23.03358, 14.768],
			"to": [13.07242, 23.97358, 15.708],
			"rotation": {"angle": -22.5, "axis": "z", "origin": [12.418, 20.68358, 15.708]},
			"faces": {
				"north": {"uv": [0, 0, 1.224, 1.128], "texture": "#2"},
				"south": {"uv": [0, 0, 1.224, 1.128], "texture": "#2"},
				"up": {"uv": [0, 0, 1.224, 1.128], "texture": "#2"},
				"down": {"uv": [0, 0, 1.224, 1.128], "texture": "#2"}
			}
		},
		{
			"name": "hexadecagon",
			"from": [2.92758, 23.03358, 14.768],
			"to": [13.07242, 23.97358, 15.708],
			"rotation": {"angle": 0, "axis": "z", "origin": [12.418, 20.68358, 15.708]},
			"faces": {
				"north": {"uv": [0, 0, 1.224, 1.128], "texture": "#2"},
				"south": {"uv": [0, 0, 1.224, 1.128], "texture": "#2"},
				"up": {"uv": [0, 0, 1.224, 1.128], "texture": "#2"},
				"down": {"uv": [0, 0, 1.224, 1.128], "texture": "#2"}
			}
		},
		{
			"name": "hexadecagon",
			"from": [3.04508, 23.03358, 15.708],
			"to": [13.00192, 23.24978, 15.755],
			"rotation": {"angle": 0, "axis": "z", "origin": [12.418, 20.68358, 15.708]},
			"faces": {
				"south": {"uv": [0, 0, 1.224, 1.128], "texture": "#2"},
				"up": {"uv": [0, 0, 1.224, 1.128], "texture": "#2"},
				"down": {"uv": [0, 0, 1.224, 1.128], "texture": "#2"}
			}
		},
		{
			"name": "hexadecagon",
			"from": [11.97508, 23.03358, 15.708],
			"to": [12.90792, 23.27798, 15.755],
			"rotation": {"angle": -22.5, "axis": "z", "origin": [12.418, 20.68358, 15.708]},
			"faces": {
				"east": {"uv": [0, 0, 1.224, 1.128], "texture": "#2"},
				"south": {"uv": [0, 0, 1.224, 1.128], "texture": "#2"},
				"west": {"uv": [0, 0, 1.224, 1.128], "texture": "#2"},
				"up": {"uv": [0, 0, 1.224, 1.128], "texture": "#2"},
				"down": {"uv": [0, 0, 1.224, 1.128], "texture": "#2"}
			}
		},
		{
			"name": "hexadecagon",
			"from": [11.88108, 23.03358, 15.708],
			"to": [12.93142, 23.26858, 15.755],
			"rotation": {"angle": -45, "axis": "z", "origin": [12.418, 20.68358, 15.708]},
			"faces": {
				"east": {"uv": [0, 0, 1.224, 1.128], "texture": "#2"},
				"south": {"uv": [0, 0, 1.224, 1.128], "texture": "#2"},
				"west": {"uv": [0, 0, 1.224, 1.128], "texture": "#2"},
				"up": {"uv": [0, 0, 1.224, 1.128], "texture": "#2"},
				"down": {"uv": [0, 0, 1.224, 1.128], "texture": "#2"}
			}
		},
		{
			"name": "hexadecagon",
			"from": [14.768, 20.17016, 15.708],
			"to": [15.003, 21.197, 15.755],
			"rotation": {"angle": 22.5, "axis": "z", "origin": [12.418, 20.68358, 15.708]},
			"faces": {
				"east": {"uv": [0, 0, 1.224, 1.128], "texture": "#2"},
				"south": {"uv": [0, 0, 1.224, 1.128], "texture": "#2"},
				"west": {"uv": [0, 0, 1.224, 1.128], "texture": "#2"},
				"up": {"uv": [0, 0, 1.224, 1.128], "texture": "#2"},
				"down": {"uv": [0, 0, 1.224, 1.128], "texture": "#2"}
			}
		},
		{
			"name": "hexadecagon",
			"from": [15.473, 20.02916, 15.708],
			"to": [15.708, 21.338, 15.755],
			"rotation": {"angle": 22.5, "axis": "z", "origin": [12.418, 20.68358, 15.708]},
			"faces": {
				"east": {"uv": [0, 0, 1.224, 1.128], "texture": "#2"},
				"south": {"uv": [0, 0, 1.224, 1.128], "texture": "#2"},
				"west": {"uv": [0, 0, 1.224, 1.128], "texture": "#2"}
			}
		},
		{
			"name": "hexadecagon",
			"from": [11.76358, 23.73858, 15.708],
			"to": [13.07242, 23.97358, 15.755],
			"rotation": {"angle": -45, "axis": "z", "origin": [12.418, 20.68358, 15.708]},
			"faces": {
				"south": {"uv": [0, 0, 1.224, 1.128], "texture": "#2"},
				"up": {"uv": [0, 0, 1.224, 1.128], "texture": "#2"},
				"down": {"uv": [0, 0, 1.224, 1.128], "texture": "#2"}
			}
		},
		{
			"name": "hexadecagon",
			"from": [11.76358, 23.73858, 15.708],
			"to": [13.07242, 23.97358, 15.755],
			"rotation": {"angle": -22.5, "axis": "z", "origin": [12.418, 20.68358, 15.708]},
			"faces": {
				"south": {"uv": [0, 0, 1.224, 1.128], "texture": "#2"},
				"up": {"uv": [0, 0, 1.224, 1.128], "texture": "#2"},
				"down": {"uv": [0, 0, 1.224, 1.128], "texture": "#2"}
			}
		},
		{
			"name": "hexadecagon",
			"from": [2.92758, 23.73858, 15.708],
			"to": [13.07242, 23.97358, 15.755],
			"rotation": {"angle": 0, "axis": "z", "origin": [12.418, 20.68358, 15.708]},
			"faces": {
				"south": {"uv": [0, 0, 1.224, 1.128], "texture": "#2"},
				"up": {"uv": [0, 0, 1.224, 1.128], "texture": "#2"},
				"down": {"uv": [0, 0, 1.224, 1.128], "texture": "#2"}
			}
		},
		{
			"name": "hexadecagon",
			"from": [15.473, 20.02916, 0.245],
			"to": [15.708, 21.338, 0.292],
			"rotation": {"angle": 22.5, "axis": "z", "origin": [12.418, 20.68358, 0.245]},
			"faces": {
				"north": {"uv": [0, 0, 1.224, 1.128], "texture": "#2"},
				"east": {"uv": [0, 0, 1.224, 1.128], "texture": "#2"},
				"west": {"uv": [0, 0, 1.224, 1.128], "texture": "#2"}
			}
		},
		{
			"name": "hexadecagon",
			"from": [14.768, 20.17016, 0.245],
			"to": [15.003, 21.197, 0.292],
			"rotation": {"angle": 22.5, "axis": "z", "origin": [12.418, 20.68358, 0.245]},
			"faces": {
				"north": {"uv": [0, 0, 1.224, 1.128], "texture": "#2"},
				"east": {"uv": [0, 0, 1.224, 1.128], "texture": "#2"},
				"west": {"uv": [0, 0, 1.224, 1.128], "texture": "#2"},
				"up": {"uv": [0, 0, 1.224, 1.128], "texture": "#2"},
				"down": {"uv": [0, 0, 1.224, 1.128], "texture": "#2"}
			}
		},
		{
			"name": "hexadecagon",
			"from": [11.76358, 23.73858, 0.245],
			"to": [13.07242, 23.97358, 0.292],
			"rotation": {"angle": -45, "axis": "z", "origin": [12.418, 20.68358, 0.245]},
			"faces": {
				"north": {"uv": [0, 0, 1.224, 1.128], "texture": "#2"},
				"up": {"uv": [0, 0, 1.224, 1.128], "texture": "#2"},
				"down": {"uv": [0, 0, 1.224, 1.128], "texture": "#2"}
			}
		},
		{
			"name": "hexadecagon",
			"from": [11.88108, 23.03358, 0.245],
			"to": [12.93142, 23.26858, 0.292],
			"rotation": {"angle": -45, "axis": "z", "origin": [12.418, 20.68358, 0.245]},
			"faces": {
				"north": {"uv": [0, 0, 1.224, 1.128], "texture": "#2"},
				"east": {"uv": [0, 0, 1.224, 1.128], "texture": "#2"},
				"west": {"uv": [0, 0, 1.224, 1.128], "texture": "#2"},
				"up": {"uv": [0, 0, 1.224, 1.128], "texture": "#2"},
				"down": {"uv": [0, 0, 1.224, 1.128], "texture": "#2"}
			}
		},
		{
			"name": "hexadecagon",
			"from": [11.97508, 23.03358, 0.245],
			"to": [12.90792, 23.27798, 0.292],
			"rotation": {"angle": -22.5, "axis": "z", "origin": [12.418, 20.68358, 0.245]},
			"faces": {
				"north": {"uv": [0, 0, 1.224, 1.128], "texture": "#2"},
				"east": {"uv": [0, 0, 1.224, 1.128], "texture": "#2"},
				"west": {"uv": [0, 0, 1.224, 1.128], "texture": "#2"},
				"up": {"uv": [0, 0, 1.224, 1.128], "texture": "#2"},
				"down": {"uv": [0, 0, 1.224, 1.128], "texture": "#2"}
			}
		},
		{
			"name": "hexadecagon",
			"from": [11.76358, 23.73858, 0.245],
			"to": [13.07242, 23.97358, 0.292],
			"rotation": {"angle": -22.5, "axis": "z", "origin": [12.418, 20.68358, 0.245]},
			"faces": {
				"north": {"uv": [0, 0, 1.224, 1.128], "texture": "#2"},
				"up": {"uv": [0, 0, 1.224, 1.128], "texture": "#2"},
				"down": {"uv": [0, 0, 1.224, 1.128], "texture": "#2"}
			}
		},
		{
			"name": "hexadecagon",
			"from": [2.92758, 23.73858, 0.245],
			"to": [13.07242, 23.97358, 0.292],
			"rotation": {"angle": 0, "axis": "z", "origin": [12.418, 20.68358, 0.245]},
			"faces": {
				"north": {"uv": [0, 0, 1.224, 1.128], "texture": "#2"},
				"up": {"uv": [0, 0, 1.224, 1.128], "texture": "#2"},
				"down": {"uv": [0, 0, 1.224, 1.128], "texture": "#2"}
			}
		},
		{
			"name": "hexadecagon",
			"from": [3.04508, 23.03358, 0.245],
			"to": [13.00192, 23.24978, 0.292],
			"rotation": {"angle": 0, "axis": "z", "origin": [12.418, 20.68358, 0.245]},
			"faces": {
				"north": {"uv": [0, 0, 1.224, 1.128], "texture": "#2"},
				"up": {"uv": [0, 0, 1.224, 1.128], "texture": "#2"},
				"down": {"uv": [0, 0, 1.224, 1.128], "texture": "#2"}
			}
		},
		{
			"from": [1.42, 1.1515, 13.828],
			"to": [14.58, 15.98, 14.768],
			"rotation": {"angle": 0, "axis": "y", "origin": [0.48, 0, 0.48]},
			"faces": {
				"north": {"uv": [0, 0, 14, 16], "texture": "#0"},
				"east": {"uv": [0, 0, 1, 16], "texture": "#0"},
				"west": {"uv": [0, 0, 1, 16], "texture": "#0"},
				"up": {"uv": [0, 0, 14, 1], "texture": "#0"}
			}
		},
		{
			"from": [1.232, 16.2255, 14.5565],
			"to": [14.768, 22.607, 15.4965],
			"rotation": {"angle": 0, "axis": "y", "origin": [0.48, -1.88, 0.48]},
			"faces": {
				"north": {"uv": [0, 0, 14, 16], "texture": "#1"},
				"east": {"uv": [0, 0, 1, 16], "texture": "#1"},
				"south": {"uv": [0, 0, 14, 16], "texture": "#1"},
				"west": {"uv": [0, 0, 1, 16], "texture": "#1"},
				"up": {"uv": [0, 0, 14, 1], "texture": "#1"},
				"down": {"uv": [0, 0, 14, 1], "texture": "#1"}
			}
		},
		{
			"from": [2.172, 22.607, 14.5565],
			"to": [13.828, 23.359, 15.4965],
			"rotation": {"angle": 0, "axis": "y", "origin": [0.48, -1.88, 0.48]},
			"faces": {
				"north": {"uv": [0, 0, 14, 1], "texture": "#1"},
				"east": {"uv": [0, 0, 1, 16], "texture": "#1"},
				"south": {"uv": [0, 0, 14, 1], "texture": "#1"},
				"west": {"uv": [0, 0, 1, 16], "texture": "#1"}
			}
		},
		{
			"from": [1.232, 16.2255, 0.4565],
			"to": [14.768, 22.607, 1.3965],
			"rotation": {"angle": 0, "axis": "y", "origin": [0.48, -1.88, 0.48]},
			"faces": {
				"north": {"uv": [0, 0, 14, 16], "texture": "#1"},
				"east": {"uv": [0, 0, 1, 16], "texture": "#1"},
				"south": {"uv": [0, 0, 14, 16], "texture": "#1"},
				"west": {"uv": [0, 0, 1, 16], "texture": "#1"},
				"up": {"uv": [0, 0, 14, 1], "texture": "#1"},
				"down": {"uv": [0, 0, 14, 1], "texture": "#1"}
			}
		},
		{
			"from": [2.172, 22.607, 0.4565],
			"to": [13.828, 23.359, 1.3965],
			"rotation": {"angle": 0, "axis": "y", "origin": [0.48, -1.88, 0.48]},
			"faces": {
				"north": {"uv": [0, 0, 14, 1], "texture": "#1"},
				"east": {"uv": [0, 0, 1, 16], "texture": "#1"},
				"south": {"uv": [0, 0, 14, 1], "texture": "#1"},
				"west": {"uv": [0, 0, 1, 16], "texture": "#1"}
			}
		},
		{
			"from": [1.42, 1.1515, 1.2555],
			"to": [14.58, 15.98, 2.1955],
			"rotation": {"angle": 0, "axis": "y", "origin": [0.48, 0, 0.48]},
			"faces": {
				"north": {"uv": [0, 0, 14, 16], "texture": "#0"},
				"east": {"uv": [0, 0, 1, 16], "texture": "#0"},
				"south": {"uv": [0, 0, 14, 16], "texture": "#0"},
				"west": {"uv": [0, 0, 1, 16], "texture": "#0"},
				"up": {"uv": [0, 0, 14, 1], "texture": "#0"}
			}
		},
		{
			"from": [13.81625, 1.1515, 1.43175],
			"to": [14.75625, 15.98, 14.59175],
			"rotation": {"angle": 0, "axis": "y", "origin": [8, 9.50575, 8.01175]},
			"faces": {
				"north": {"uv": [0, 0, 1, 16], "texture": "#0"},
				"east": {"uv": [0, 0, 14, 16], "texture": "#0"},
				"south": {"uv": [0, 0, 1, 16], "texture": "#0"},
				"west": {"uv": [0, 0, 14, 16], "texture": "#0"},
				"up": {"uv": [0, 0, 14, 1], "rotation": 270, "texture": "#0"}
			}
		},
		{
			"from": [1.24375, 1.1515, 1.43175],
			"to": [2.18375, 15.98, 14.59175],
			"rotation": {"angle": 0, "axis": "y", "origin": [8, 9.50575, 8.01175]},
			"faces": {
				"north": {"uv": [0, 0, 1, 16], "texture": "#0"},
				"east": {"uv": [0, 0, 14, 16], "texture": "#0"},
				"south": {"uv": [0, 0, 1, 16], "texture": "#0"},
				"west": {"uv": [0, 0, 14, 16], "texture": "#0"},
				"up": {"uv": [0, 0, 14, 1], "rotation": 270, "texture": "#0"}
			}
		},
		{
			"from": [14.599, 10, 6],
			"to": [15.599, 13, 9],
			"faces": {
				"north": {"uv": [0, 0, 1, 3], "texture": "#3"},
				"east": {"uv": [2.592, 2.496, 13.56, 13.56], "texture": "#3"},
				"south": {"uv": [0, 0, 1, 3], "texture": "#3"},
				"west": {"uv": [0, 0, 3, 3], "texture": "#3"},
				"up": {"uv": [0, 0, 1, 3], "texture": "#3"},
				"down": {"uv": [0, 0, 1, 3], "texture": "#3"}
			}
		},
		{
			"from": [-0.401, 10, 7],
			"to": [0.599, 13, 10],
			"rotation": {"angle": 0, "axis": "y", "origin": [-0.901, 11.5, 7.5]},
			"faces": {
				"north": {"uv": [0, 0, 1, 3], "texture": "#3"},
				"east": {"uv": [0, 0, 3, 3], "texture": "#3"},
				"south": {"uv": [0, 0, 1, 3], "texture": "#3"},
				"west": {"uv": [2.592, 2.496, 13.56, 13.56], "texture": "#3"},
				"up": {"uv": [0, 0, 1, 3], "rotation": 180, "texture": "#3"},
				"down": {"uv": [0, 0, 1, 3], "rotation": 180, "texture": "#3"}
			}
		}
	],
	"display": {
		"head": {
			"translation": [0, -33.5, 0],
			"scale": [1.5, 1.5, 1.5]
		}
	},
	"groups": [
		0,
		1,
		2,
		3,
		4,
		5,
		6,
		7,
		8,
		9,
		10,
		11,
		12,
		13,
		14,
		15,
		16,
		17,
		18,
		19,
		20,
		21,
		22,
		23,
		{
			"name": "hexadecagon",
			"origin": [8, 8, 8],
			"color": 0,
			"children": [24, 25, 26, 27, 28, 29, 30, 31, 32, 33, 34, 35, 36, 37, 38, 39, 40, 41, 42, 43, 44, 45]
		},
		{
			"name": "hexadecagon",
			"origin": [8, 8, 8],
			"color": 0,
			"children": [46, 47, 48, 49, 50, 51, 52, 53, 54, 55, 56, 57, 58, 59, 60, 61, 62, 63, 64, 65, 66, 67, 68, 69, 70, 71, 72, 73, 74]
		},
		75,
		76,
		77,
		78,
		79,
		80,
		81,
		82,
		83,
		84
	]
}