{
	"credit": "Made with Blockbench",
	"textures": {
		"2": "vide",
		"particle": "vide"
	},
	"elements": [
		{
			"from": [9, 7, 6],
			"to": [13, 11, 10],
			"rotation": {"angle": 0, "axis": "y", "origin": [18, 16, 14]},
			"faces": {
				"north": {"uv": [2, 2, 4, 4], "texture": "#missing"},
				"east": {"uv": [0, 2, 2, 4], "texture": "#missing"},
				"south": {"uv": [6, 2, 8, 4], "texture": "#missing"},
				"west": {"uv": [4, 2, 6, 4], "texture": "#missing"},
				"up": {"uv": [2, 0, 4, 2], "texture": "#missing"},
				"down": {"uv": [4, 0, 6, 2], "texture": "#missing"}
			}
		},
		{
			"from": [9, 0, 6.75],
			"to": [13, 7, 9.75],
			"rotation": {"angle": 0, "axis": "y", "origin": [20, 8, 17]},
			"faces": {
				"north": {"uv": [5, 5, 7, 9], "texture": "#missing"},
				"east": {"uv": [4, 5, 5, 8], "texture": "#missing"},
				"south": {"uv": [7.75, 5, 10, 8], "texture": "#missing"},
				"west": {"uv": [7, 5, 8, 8], "texture": "#missing"},
				"up": {"uv": [4.75, 10, 7.25, 16], "texture": "#missing"},
				"down": {"uv": [6.25, 3, 7.75, 4], "texture": "#missing"}
			}
		},
		{
			"from": [7, 5, 4],
			"to": [9, 7, 10],
			"rotation": {"angle": 0, "axis": "y", "origin": [16, 14, 17]},
			"faces": {
				"north": {"uv": [10, 12, 11, 13], "texture": "#missing"},
				"east": {"uv": [8, 13, 9, 16], "rotation": 270, "texture": "#missing"},
				"south": {"uv": [9, 12, 10, 13], "rotation": 180, "texture": "#missing"},
				"west": {"uv": [10, 13, 11, 16], "rotation": 90, "texture": "#missing"},
				"up": {"uv": [9, 13, 10, 16], "rotation": 180, "texture": "#missing"},
				"down": {"uv": [11, 13, 12, 16], "texture": "#missing"}
			}
		},
		{
			"from": [13, 5, 4],
			"to": [15, 7, 10],
			"rotation": {"angle": 0, "axis": "y", "origin": [22, 14, 17]},
			"faces": {
				"north": {"uv": [12, 4, 13, 5], "texture": "#missing"},
				"east": {"uv": [10, 5, 11, 8], "rotation": 270, "texture": "#missing"},
				"south": {"uv": [11, 4, 12, 5], "rotation": 180, "texture": "#missing"},
				"west": {"uv": [12, 5, 13, 8], "rotation": 90, "texture": "#missing"},
				"up": {"uv": [11, 5, 12, 8], "rotation": 180, "texture": "#missing"},
				"down": {"uv": [13, 5, 14, 8], "texture": "#missing"}
			}
		},
		{
			"from": [9, 7, 5.95],
			"to": [13, 11, 5.975],
			"rotation": {"angle": 0, "axis": "y", "origin": [20, 15, 12.975]},
			"faces": {
				"north": {"uv": [10, 2, 12, 4], "texture": "#missing"},
				"east": {"uv": [0, 0, 4, 4], "texture": "#2"},
				"south": {"uv": [0, 0, 4, 4], "texture": "#2"},
				"west": {"uv": [0, 0, 4, 4], "texture": "#2"},
				"up": {"uv": [0, 0, 4, 4], "texture": "#2"},
				"down": {"uv": [0, 0, 4, 4], "texture": "#2"}
			}
		},
		{
			"from": [11, -4.5, 7.25],
			"to": [13, 0.5, 9.25],
			"rotation": {"angle": 0, "axis": "x", "origin": [12, 1, 4.25]},
			"faces": {
				"north": {"uv": [1, 5, 2, 8], "texture": "#missing"},
				"east": {"uv": [0, 5, 1, 8], "texture": "#missing"},
				"south": {"uv": [3, 5, 4, 8], "texture": "#missing"},
				"west": {"uv": [0, 0, 5, 2], "rotation": 270, "texture": "#missing"},
				"up": {"uv": [0, 0, 2, 2], "texture": "#missing"},
				"down": {"uv": [2, 4, 3, 5], "rotation": 180, "texture": "#missing"}
			}
		},
		{
			"from": [9, -4.5, 7.25],
			"to": [11, 0.5, 9.25],
			"rotation": {"angle": 0, "axis": "x", "origin": [10, 1, 4.25]},
			"faces": {
				"north": {"uv": [5, 13, 6, 16], "texture": "#missing"},
				"east": {"uv": [0, 0, 5, 2], "rotation": 90, "texture": "#missing"},
				"south": {"uv": [7, 13, 8, 16], "texture": "#missing"},
				"west": {"uv": [6, 13, 7, 16], "texture": "#missing"},
				"up": {"uv": [0, 0, 2, 2], "texture": "#missing"},
				"down": {"uv": [6, 12, 7, 13], "rotation": 180, "texture": "#missing"}
			}
		}
	],
	"display": {
		"thirdperson_righthand": {
			"rotation": [75, 0, 0],
			"translation": [-4, 2.75, 5]
		},
		"thirdperson_lefthand": {
			"rotation": [89, 0, 0],
			"translation": [2.75, -1, 17],
			"scale": [0.65, 0.65, 0.65]
		},
		"firstperson_righthand": {
			"rotation": [0, 157.25, 0.75],
			"translation": [6.5, 2.75, -1.25]
		},
		"firstperson_lefthand": {
			"rotation": [0, 154, 3.5],
			"translation": [23.75, 4.5, -2.25]
		},
		"gui": {
			"rotation": [13.5, 141.75, 0.5],
			"translation": [3.25, 1.5, 0],
			"scale": [1.05, 1.05, 1]
		}
	}
}