{
	"credit": "Made with Blockbench",
	"textures": {
		"0": "block/oxidized_cut_copper",
		"1": "block/birch_door_top",
		"particle": "block/oxidized_cut_copper"
	},
	"elements": [
		{
			"name": "hexadecagon",
			"from": [7.84962, -14.28, 7.164],
			"to": [8.15038, 29.4, 8.676],
			"rotation": {"angle": -45, "axis": "y", "origin": [8, 6.3, 7.92]},
			"faces": {
				"north": {"uv": [7, 1, 8, 2], "texture": "#0"},
				"south": {"uv": [7, 1, 8, 2], "texture": "#0"}
			}
		},
		{
			"name": "hexadecagon",
			"from": [7.84962, -14.28, 7.164],
			"to": [8.15038, 29.4, 8.676],
			"rotation": {"angle": -22.5, "axis": "y", "origin": [8, 6.3, 7.92]},
			"faces": {
				"north": {"uv": [7, 1, 8, 2], "texture": "#0"},
				"south": {"uv": [7, 1, 8, 2], "texture": "#0"}
			}
		},
		{
			"name": "hexadecagon",
			"from": [7.84962, -14.28, 7.164],
			"to": [8.15038, 29.4, 8.676],
			"rotation": {"angle": 0, "axis": "y", "origin": [8, 6.3, 7.92]},
			"faces": {
				"north": {"uv": [7, 1, 8, 2], "texture": "#0"},
				"south": {"uv": [7, 1, 8, 2], "texture": "#0"}
			}
		},
		{
			"name": "hexadecagon",
			"from": [7.84962, -14.28, 7.164],
			"to": [8.15038, 29.4, 8.676],
			"rotation": {"angle": 22.5, "axis": "y", "origin": [8, 6.3, 7.92]},
			"faces": {
				"north": {"uv": [7, 1, 8, 2], "texture": "#0"},
				"south": {"uv": [7, 1, 8, 2], "texture": "#0"}
			}
		},
		{
			"name": "hexadecagon",
			"from": [7.84962, -14.28, 7.164],
			"to": [8.15038, 29.4, 8.676],
			"rotation": {"angle": 45, "axis": "y", "origin": [8, 6.3, 7.92]},
			"faces": {
				"north": {"uv": [7, 1, 8, 2], "texture": "#0"},
				"south": {"uv": [7, 1, 8, 2], "texture": "#0"}
			}
		},
		{
			"name": "hexadecagon",
			"from": [7.244, -14.28, 7.76962],
			"to": [8.756, 29.4, 8.07038],
			"rotation": {"angle": -22.5, "axis": "y", "origin": [8, 6.3, 7.92]},
			"faces": {
				"east": {"uv": [7, 1, 8, 2], "texture": "#0"},
				"west": {"uv": [7, 1, 8, 2], "texture": "#0"}
			}
		},
		{
			"name": "hexadecagon",
			"from": [7.244, -14.28, 7.76962],
			"to": [8.756, 29.4, 8.07038],
			"rotation": {"angle": 0, "axis": "y", "origin": [8, 6.3, 7.92]},
			"faces": {
				"east": {"uv": [7, 1, 8, 2], "texture": "#0"},
				"west": {"uv": [7, 1, 8, 2], "texture": "#0"}
			}
		},
		{
			"name": "hexadecagon",
			"from": [7.244, -14.28, 7.76962],
			"to": [8.756, 29.4, 8.07038],
			"rotation": {"angle": 22.5, "axis": "y", "origin": [8, 6.3, 7.92]},
			"faces": {
				"east": {"uv": [7, 1, 8, 2], "texture": "#0"},
				"west": {"uv": [7, 1, 8, 2], "texture": "#0"}
			}
		},
		{
			"name": "hexadecagon",
			"from": [7.79428, 29.80253, 6.92725],
			"to": [8.20572, 31.1304, 8.99567],
			"rotation": {"angle": -45, "axis": "y", "origin": [8, 29.80253, 7.96146]},
			"faces": {
				"north": {"uv": [5, 5, 6, 6], "texture": "#1"},
				"east": {"uv": [5, 5, 6, 6], "texture": "#1"},
				"south": {"uv": [5, 5, 6, 6], "texture": "#1"},
				"up": {"uv": [5, 5, 6, 6], "texture": "#1"}
			}
		},
		{
			"name": "hexadecagon",
			"from": [7.79428, 29.80253, 6.92725],
			"to": [8.20572, 31.1304, 8.99567],
			"rotation": {"angle": -22.5, "axis": "y", "origin": [8, 29.80253, 7.96146]},
			"faces": {
				"north": {"uv": [5, 5, 6, 6], "texture": "#1"},
				"south": {"uv": [5, 5, 6, 6], "texture": "#1"},
				"up": {"uv": [5, 5, 6, 6], "texture": "#1"}
			}
		},
		{
			"name": "hexadecagon",
			"from": [7.79428, 29.80253, 6.92725],
			"to": [8.20572, 31.1304, 8.99567],
			"rotation": {"angle": 0, "axis": "y", "origin": [8, 29.80253, 7.96146]},
			"faces": {
				"north": {"uv": [5, 5, 6, 6], "texture": "#1"},
				"south": {"uv": [5, 5, 6, 6], "texture": "#1"},
				"up": {"uv": [5, 5, 6, 6], "texture": "#1"}
			}
		},
		{
			"name": "hexadecagon",
			"from": [7.79428, 29.80253, 6.92725],
			"to": [8.20572, 31.1304, 8.99567],
			"rotation": {"angle": 22.5, "axis": "y", "origin": [8, 29.80253, 7.96146]},
			"faces": {
				"north": {"uv": [5, 5, 6, 6], "texture": "#1"},
				"south": {"uv": [5, 5, 6, 6], "texture": "#1"},
				"up": {"uv": [5, 5, 6, 6], "texture": "#1"}
			}
		},
		{
			"name": "hexadecagon",
			"from": [7.79428, 29.80253, 6.92725],
			"to": [8.20572, 31.1304, 8.99567],
			"rotation": {"angle": 45, "axis": "y", "origin": [8, 29.80253, 7.96146]},
			"faces": {
				"north": {"uv": [5, 5, 6, 6], "texture": "#1"},
				"south": {"uv": [5, 5, 6, 6], "texture": "#1"},
				"west": {"uv": [5, 5, 6, 6], "texture": "#1"},
				"up": {"uv": [5, 5, 6, 6], "texture": "#1"}
			}
		},
		{
			"name": "hexadecagon",
			"from": [6.96579, 29.80253, 7.75575],
			"to": [9.03421, 31.1304, 8.16718],
			"rotation": {"angle": -22.5, "axis": "y", "origin": [8, 29.80253, 7.96146]},
			"faces": {
				"east": {"uv": [5, 5, 6, 6], "texture": "#1"},
				"south": {"uv": [5, 5, 6, 6], "texture": "#1"},
				"west": {"uv": [5, 5, 6, 6], "texture": "#1"},
				"up": {"uv": [5, 5, 6, 6], "texture": "#1"}
			}
		},
		{
			"name": "hexadecagon",
			"from": [6.96579, 29.80253, 7.75575],
			"to": [9.03421, 31.1304, 8.16718],
			"rotation": {"angle": 0, "axis": "y", "origin": [8, 29.80253, 7.96146]},
			"faces": {
				"east": {"uv": [5, 5, 6, 6], "texture": "#1"},
				"south": {"uv": [5, 5, 6, 6], "texture": "#1"},
				"west": {"uv": [5, 5, 6, 6], "texture": "#1"},
				"up": {"uv": [5, 5, 6, 6], "texture": "#1"}
			}
		},
		{
			"name": "hexadecagon",
			"from": [6.96579, 29.80253, 7.75575],
			"to": [9.03421, 31.1304, 8.16718],
			"rotation": {"angle": 22.5, "axis": "y", "origin": [8, 29.80253, 7.96146]},
			"faces": {
				"east": {"uv": [5, 5, 6, 6], "texture": "#1"},
				"south": {"uv": [5, 5, 6, 6], "texture": "#1"},
				"west": {"uv": [5, 5, 6, 6], "texture": "#1"},
				"up": {"uv": [5, 5, 6, 6], "texture": "#1"}
			}
		},
		{
			"name": "hexadecagon",
			"from": [7.72571, 25.39093, 6.61699],
			"to": [8.27429, 30.43224, 9.37488],
			"rotation": {"angle": -45, "axis": "y", "origin": [8, 29.35437, 7.99594]},
			"faces": {
				"north": {"uv": [5, 5, 6, 6], "texture": "#1"},
				"east": {"uv": [5, 5, 6, 6], "texture": "#1"},
				"south": {"uv": [5, 5, 6, 6], "texture": "#1"},
				"up": {"uv": [5, 5, 6, 6], "texture": "#1"},
				"down": {"uv": [5, 5, 6, 6], "texture": "#1"}
			}
		},
		{
			"name": "hexadecagon",
			"from": [7.72571, 25.39093, 6.61699],
			"to": [8.27429, 30.43224, 9.37488],
			"rotation": {"angle": -22.5, "axis": "y", "origin": [8, 29.35437, 7.99594]},
			"faces": {
				"north": {"uv": [5, 5, 6, 6], "texture": "#1"},
				"south": {"uv": [5, 5, 6, 6], "texture": "#1"},
				"up": {"uv": [5, 5, 6, 6], "texture": "#1"},
				"down": {"uv": [5, 5, 6, 6], "texture": "#1"}
			}
		},
		{
			"name": "hexadecagon",
			"from": [7.72571, 25.39093, 6.61699],
			"to": [8.27429, 30.43224, 9.37488],
			"rotation": {"angle": 0, "axis": "y", "origin": [8, 29.35437, 7.99594]},
			"faces": {
				"north": {"uv": [5, 5, 6, 6], "texture": "#1"},
				"south": {"uv": [5, 5, 6, 6], "texture": "#1"},
				"up": {"uv": [5, 5, 6, 6], "texture": "#1"},
				"down": {"uv": [5, 5, 6, 6], "texture": "#1"}
			}
		},
		{
			"name": "hexadecagon",
			"from": [7.72571, 25.39093, 6.61699],
			"to": [8.27429, 30.43224, 9.37488],
			"rotation": {"angle": 22.5, "axis": "y", "origin": [8, 29.35437, 7.99594]},
			"faces": {
				"north": {"uv": [5, 5, 6, 6], "texture": "#1"},
				"south": {"uv": [5, 5, 6, 6], "texture": "#1"},
				"up": {"uv": [5, 5, 6, 6], "texture": "#1"},
				"down": {"uv": [5, 5, 6, 6], "texture": "#1"}
			}
		},
		{
			"name": "hexadecagon",
			"from": [7.72571, 25.39093, 6.61699],
			"to": [8.27429, 30.43224, 9.37488],
			"rotation": {"angle": 45, "axis": "y", "origin": [8, 29.35437, 7.99594]},
			"faces": {
				"north": {"uv": [5, 5, 6, 6], "texture": "#1"},
				"south": {"uv": [5, 5, 6, 6], "texture": "#1"},
				"west": {"uv": [5, 5, 6, 6], "texture": "#1"},
				"up": {"uv": [5, 5, 6, 6], "texture": "#1"},
				"down": {"uv": [5, 5, 6, 6], "texture": "#1"}
			}
		},
		{
			"name": "hexadecagon",
			"from": [6.62106, 25.39093, 7.72164],
			"to": [9.37894, 30.43224, 8.27023],
			"rotation": {"angle": -22.5, "axis": "y", "origin": [8, 29.35437, 7.99594]},
			"faces": {
				"east": {"uv": [5, 5, 6, 6], "texture": "#1"},
				"west": {"uv": [5, 5, 6, 6], "texture": "#1"},
				"up": {"uv": [5, 5, 6, 6], "texture": "#1"},
				"down": {"uv": [5, 5, 6, 6], "texture": "#1"}
			}
		},
		{
			"name": "hexadecagon",
			"from": [6.62106, 25.39093, 7.72164],
			"to": [9.37894, 30.43224, 8.27023],
			"rotation": {"angle": 0, "axis": "y", "origin": [8, 29.35437, 7.99594]},
			"faces": {
				"east": {"uv": [5, 5, 6, 6], "texture": "#1"},
				"west": {"uv": [5, 5, 6, 6], "texture": "#1"},
				"up": {"uv": [5, 5, 6, 6], "texture": "#1"},
				"down": {"uv": [5, 5, 6, 6], "texture": "#1"}
			}
		},
		{
			"name": "hexadecagon",
			"from": [6.62106, 25.39093, 7.72164],
			"to": [9.37894, 30.43224, 8.27023],
			"rotation": {"angle": 22.5, "axis": "y", "origin": [8, 29.35437, 7.99594]},
			"faces": {
				"east": {"uv": [5, 5, 6, 6], "texture": "#1"},
				"west": {"uv": [5, 5, 6, 6], "texture": "#1"},
				"up": {"uv": [5, 5, 6, 6], "texture": "#1"},
				"down": {"uv": [5, 5, 6, 6], "texture": "#1"}
			}
		},
		{
			"name": "hexadecagon",
			"from": [7.58857, 26.57758, 5.92752],
			"to": [8.41143, 29.75146, 10.06435],
			"rotation": {"angle": -45, "axis": "y", "origin": [8, 28.42358, 7.99594]},
			"faces": {
				"north": {"uv": [5, 5, 6, 6], "texture": "#1"},
				"east": {"uv": [5, 5, 6, 6], "texture": "#1"},
				"south": {"uv": [5, 5, 6, 6], "texture": "#1"},
				"west": {"uv": [5, 5, 6, 6], "texture": "#1"},
				"up": {"uv": [5, 5, 6, 6], "texture": "#1"},
				"down": {"uv": [5, 5, 6, 6], "texture": "#1"}
			}
		},
		{
			"name": "hexadecagon",
			"from": [7.58857, 26.57758, 5.92752],
			"to": [8.41143, 29.75146, 10.06435],
			"rotation": {"angle": -22.5, "axis": "y", "origin": [8, 28.42358, 7.99594]},
			"faces": {
				"north": {"uv": [5, 5, 6, 6], "texture": "#1"},
				"east": {"uv": [5, 5, 6, 6], "texture": "#1"},
				"south": {"uv": [5, 5, 6, 6], "texture": "#1"},
				"west": {"uv": [5, 5, 6, 6], "texture": "#1"},
				"up": {"uv": [5, 5, 6, 6], "texture": "#1"},
				"down": {"uv": [5, 5, 6, 6], "texture": "#1"}
			}
		},
		{
			"name": "hexadecagon",
			"from": [7.58857, 26.57758, 5.92752],
			"to": [8.41143, 29.75146, 10.06435],
			"rotation": {"angle": 0, "axis": "y", "origin": [8, 28.42358, 7.99594]},
			"faces": {
				"north": {"uv": [5, 5, 6, 6], "texture": "#1"},
				"east": {"uv": [5, 5, 6, 6], "texture": "#1"},
				"south": {"uv": [5, 5, 6, 6], "texture": "#1"},
				"west": {"uv": [5, 5, 6, 6], "texture": "#1"},
				"up": {"uv": [5, 5, 6, 6], "texture": "#1"},
				"down": {"uv": [5, 5, 6, 6], "texture": "#1"}
			}
		},
		{
			"name": "hexadecagon",
			"from": [7.58857, 26.57758, 5.92752],
			"to": [8.41143, 29.75146, 10.06435],
			"rotation": {"angle": 22.5, "axis": "y", "origin": [8, 28.42358, 7.99594]},
			"faces": {
				"north": {"uv": [5, 5, 6, 6], "texture": "#1"},
				"east": {"uv": [5, 5, 6, 6], "texture": "#1"},
				"south": {"uv": [5, 5, 6, 6], "texture": "#1"},
				"west": {"uv": [5, 5, 6, 6], "texture": "#1"},
				"up": {"uv": [5, 5, 6, 6], "texture": "#1"},
				"down": {"uv": [5, 5, 6, 6], "texture": "#1"}
			}
		},
		{
			"name": "hexadecagon",
			"from": [7.58857, 26.57758, 5.92752],
			"to": [8.41143, 29.75146, 10.06435],
			"rotation": {"angle": 45, "axis": "y", "origin": [8, 28.42358, 7.99594]},
			"faces": {
				"north": {"uv": [5, 5, 6, 6], "texture": "#1"},
				"east": {"uv": [5, 5, 6, 6], "texture": "#1"},
				"south": {"uv": [5, 5, 6, 6], "texture": "#1"},
				"west": {"uv": [5, 5, 6, 6], "texture": "#1"},
				"up": {"uv": [5, 5, 6, 6], "texture": "#1"},
				"down": {"uv": [5, 5, 6, 6], "texture": "#1"}
			}
		},
		{
			"name": "hexadecagon",
			"from": [5.93158, 26.57758, 7.5845],
			"to": [10.06842, 29.75146, 8.40737],
			"rotation": {"angle": -22.5, "axis": "y", "origin": [8, 28.42358, 7.99594]},
			"faces": {
				"east": {"uv": [5, 5, 6, 6], "texture": "#1"},
				"south": {"uv": [5, 5, 6, 6], "texture": "#1"},
				"west": {"uv": [5, 5, 6, 6], "texture": "#1"},
				"up": {"uv": [5, 5, 6, 6], "texture": "#1"},
				"down": {"uv": [5, 5, 6, 6], "texture": "#1"}
			}
		},
		{
			"name": "hexadecagon",
			"from": [5.93158, 26.57758, 7.5845],
			"to": [10.06842, 29.75146, 8.40737],
			"rotation": {"angle": 0, "axis": "y", "origin": [8, 28.42358, 7.99594]},
			"faces": {
				"east": {"uv": [5, 5, 6, 6], "texture": "#1"},
				"west": {"uv": [5, 5, 6, 6], "texture": "#1"},
				"up": {"uv": [5, 5, 6, 6], "texture": "#1"},
				"down": {"uv": [5, 5, 6, 6], "texture": "#1"}
			}
		},
		{
			"name": "hexadecagon",
			"from": [5.93158, 26.57758, 7.5845],
			"to": [10.06842, 29.75146, 8.40737],
			"rotation": {"angle": 22.5, "axis": "y", "origin": [8, 28.42358, 7.99594]},
			"faces": {
				"east": {"uv": [5, 5, 6, 6], "texture": "#1"},
				"south": {"uv": [5, 5, 6, 6], "texture": "#1"},
				"west": {"uv": [5, 5, 6, 6], "texture": "#1"},
				"up": {"uv": [5, 5, 6, 6], "texture": "#1"},
				"down": {"uv": [5, 5, 6, 6], "texture": "#1"}
			}
		},
		{
			"name": "hexadecagon",
			"from": [7.53372, 27.76859, 5.65173],
			"to": [8.46628, 29.06198, 10.34014],
			"rotation": {"angle": -45, "axis": "y", "origin": [8, 27.73411, 7.99594]},
			"faces": {
				"north": {"uv": [5, 5, 6, 6], "texture": "#1"},
				"east": {"uv": [5, 5, 6, 6], "texture": "#1"},
				"south": {"uv": [5, 5, 6, 6], "texture": "#1"},
				"west": {"uv": [5, 5, 6, 6], "texture": "#1"},
				"up": {"uv": [5, 5, 6, 6], "texture": "#1"},
				"down": {"uv": [5, 5, 6, 6], "texture": "#1"}
			}
		},
		{
			"name": "hexadecagon",
			"from": [7.53372, 27.76859, 5.65173],
			"to": [8.46628, 29.06198, 10.34014],
			"rotation": {"angle": -22.5, "axis": "y", "origin": [8, 27.73411, 7.99594]},
			"faces": {
				"north": {"uv": [5, 5, 6, 6], "texture": "#1"},
				"east": {"uv": [5, 5, 6, 6], "texture": "#1"},
				"south": {"uv": [5, 5, 6, 6], "texture": "#1"},
				"west": {"uv": [5, 5, 6, 6], "texture": "#1"},
				"up": {"uv": [5, 5, 6, 6], "texture": "#1"},
				"down": {"uv": [5, 5, 6, 6], "texture": "#1"}
			}
		},
		{
			"name": "hexadecagon",
			"from": [7.53372, 27.76859, 5.65173],
			"to": [8.46628, 29.06198, 10.34014],
			"rotation": {"angle": 0, "axis": "y", "origin": [8, 27.73411, 7.99594]},
			"faces": {
				"north": {"uv": [5, 5, 6, 6], "texture": "#1"},
				"east": {"uv": [5, 5, 6, 6], "texture": "#1"},
				"south": {"uv": [5, 5, 6, 6], "texture": "#1"},
				"west": {"uv": [5, 5, 6, 6], "texture": "#1"},
				"up": {"uv": [5, 5, 6, 6], "texture": "#1"},
				"down": {"uv": [5, 5, 6, 6], "texture": "#1"}
			}
		},
		{
			"name": "hexadecagon",
			"from": [7.53372, 27.76859, 5.65173],
			"to": [8.46628, 29.06198, 10.34014],
			"rotation": {"angle": 22.5, "axis": "y", "origin": [8, 27.73411, 7.99594]},
			"faces": {
				"north": {"uv": [5, 5, 6, 6], "texture": "#1"},
				"east": {"uv": [5, 5, 6, 6], "texture": "#1"},
				"south": {"uv": [5, 5, 6, 6], "texture": "#1"},
				"west": {"uv": [5, 5, 6, 6], "texture": "#1"},
				"up": {"uv": [5, 5, 6, 6], "texture": "#1"},
				"down": {"uv": [5, 5, 6, 6], "texture": "#1"}
			}
		},
		{
			"name": "hexadecagon",
			"from": [7.53372, 27.76859, 5.65173],
			"to": [8.46628, 29.06198, 10.34014],
			"rotation": {"angle": 45, "axis": "y", "origin": [8, 27.73411, 7.99594]},
			"faces": {
				"north": {"uv": [5, 5, 6, 6], "texture": "#1"},
				"east": {"uv": [5, 5, 6, 6], "texture": "#1"},
				"south": {"uv": [5, 5, 6, 6], "texture": "#1"},
				"west": {"uv": [5, 5, 6, 6], "texture": "#1"},
				"up": {"uv": [5, 5, 6, 6], "texture": "#1"},
				"down": {"uv": [5, 5, 6, 6], "texture": "#1"}
			}
		},
		{
			"name": "hexadecagon",
			"from": [5.6558, 27.76859, 7.52965],
			"to": [10.3442, 29.06198, 8.46222],
			"rotation": {"angle": -22.5, "axis": "y", "origin": [8, 27.73411, 7.99594]},
			"faces": {
				"north": {"uv": [5, 5, 6, 6], "texture": "#1"},
				"east": {"uv": [5, 5, 6, 6], "texture": "#1"},
				"south": {"uv": [5, 5, 6, 6], "texture": "#1"},
				"west": {"uv": [5, 5, 6, 6], "texture": "#1"},
				"up": {"uv": [5, 5, 6, 6], "texture": "#1"},
				"down": {"uv": [5, 5, 6, 6], "texture": "#1"}
			}
		},
		{
			"name": "hexadecagon",
			"from": [5.6558, 27.76859, 7.52965],
			"to": [10.3442, 29.06198, 8.46222],
			"rotation": {"angle": 0, "axis": "y", "origin": [8, 27.73411, 7.99594]},
			"faces": {
				"north": {"uv": [5, 5, 6, 6], "texture": "#1"},
				"east": {"uv": [5, 5, 6, 6], "texture": "#1"},
				"south": {"uv": [5, 5, 6, 6], "texture": "#1"},
				"west": {"uv": [5, 5, 6, 6], "texture": "#1"},
				"up": {"uv": [5, 5, 6, 6], "texture": "#1"},
				"down": {"uv": [5, 5, 6, 6], "texture": "#1"}
			}
		},
		{
			"name": "hexadecagon",
			"from": [5.6558, 27.76859, 7.52965],
			"to": [10.3442, 29.06198, 8.46222],
			"rotation": {"angle": 22.5, "axis": "y", "origin": [8, 27.73411, 7.99594]},
			"faces": {
				"north": {"uv": [5, 5, 6, 6], "texture": "#1"},
				"east": {"uv": [5, 5, 6, 6], "texture": "#1"},
				"south": {"uv": [5, 5, 6, 6], "texture": "#1"},
				"west": {"uv": [5, 5, 6, 6], "texture": "#1"},
				"up": {"uv": [5, 5, 6, 6], "texture": "#1"},
				"down": {"uv": [5, 5, 6, 6], "texture": "#1"}
			}
		},
		{
			"name": "hexadecagon",
			"from": [7.74938, -14.28, 6.66],
			"to": [8.25062, -5.88, 9.18],
			"rotation": {"angle": -45, "axis": "y", "origin": [8, -6.72, 7.92]},
			"faces": {
				"north": {"uv": [7, 1, 8, 2], "texture": "#0"},
				"east": {"uv": [7, 1, 8, 2], "texture": "#0"},
				"south": {"uv": [7, 1, 8, 2], "texture": "#0"},
				"west": {"uv": [7, 1, 8, 2], "texture": "#0"},
				"up": {"uv": [7, 1, 8, 2], "texture": "#0"},
				"down": {"uv": [7, 1, 8, 2], "texture": "#0"}
			}
		},
		{
			"name": "hexadecagon",
			"from": [7.74938, -14.28, 6.66],
			"to": [8.25062, -5.88, 9.18],
			"rotation": {"angle": -22.5, "axis": "y", "origin": [8, -6.72, 7.92]},
			"faces": {
				"north": {"uv": [7, 1, 8, 2], "texture": "#0"},
				"east": {"uv": [7, 1, 8, 2], "texture": "#0"},
				"south": {"uv": [7, 1, 8, 2], "texture": "#0"},
				"west": {"uv": [7, 1, 8, 2], "texture": "#0"},
				"up": {"uv": [7, 1, 8, 2], "texture": "#0"},
				"down": {"uv": [7, 1, 8, 2], "texture": "#0"}
			}
		},
		{
			"name": "hexadecagon",
			"from": [7.74938, -14.28, 6.66],
			"to": [8.25062, -5.88, 9.18],
			"rotation": {"angle": 0, "axis": "y", "origin": [8, -6.72, 7.92]},
			"faces": {
				"north": {"uv": [7, 1, 8, 2], "texture": "#0"},
				"east": {"uv": [7, 1, 8, 2], "texture": "#0"},
				"south": {"uv": [7, 1, 8, 2], "texture": "#0"},
				"west": {"uv": [7, 1, 8, 2], "texture": "#0"},
				"up": {"uv": [7, 1, 8, 2], "texture": "#0"},
				"down": {"uv": [7, 1, 8, 2], "texture": "#0"}
			}
		},
		{
			"name": "hexadecagon",
			"from": [7.74938, -14.28, 6.66],
			"to": [8.25062, -5.88, 9.18],
			"rotation": {"angle": 22.5, "axis": "y", "origin": [8, -6.72, 7.92]},
			"faces": {
				"north": {"uv": [7, 1, 8, 2], "texture": "#0"},
				"east": {"uv": [7, 1, 8, 2], "texture": "#0"},
				"south": {"uv": [7, 1, 8, 2], "texture": "#0"},
				"west": {"uv": [7, 1, 8, 2], "texture": "#0"},
				"up": {"uv": [7, 1, 8, 2], "texture": "#0"},
				"down": {"uv": [7, 1, 8, 2], "texture": "#0"}
			}
		},
		{
			"name": "hexadecagon",
			"from": [7.74938, -14.28, 6.66],
			"to": [8.25062, -5.88, 9.18],
			"rotation": {"angle": 45, "axis": "y", "origin": [8, -6.72, 7.92]},
			"faces": {
				"north": {"uv": [7, 1, 8, 2], "texture": "#0"},
				"east": {"uv": [7, 1, 8, 2], "texture": "#0"},
				"south": {"uv": [7, 1, 8, 2], "texture": "#0"},
				"west": {"uv": [7, 1, 8, 2], "texture": "#0"},
				"up": {"uv": [7, 1, 8, 2], "texture": "#0"},
				"down": {"uv": [7, 1, 8, 2], "texture": "#0"}
			}
		},
		{
			"name": "hexadecagon",
			"from": [6.74, -14.28, 7.66938],
			"to": [9.26, -5.88, 8.17062],
			"rotation": {"angle": -22.5, "axis": "y", "origin": [8, -6.72, 7.92]},
			"faces": {
				"north": {"uv": [7, 1, 8, 2], "texture": "#0"},
				"east": {"uv": [7, 1, 8, 2], "texture": "#0"},
				"south": {"uv": [7, 1, 8, 2], "texture": "#0"},
				"west": {"uv": [7, 1, 8, 2], "texture": "#0"},
				"up": {"uv": [7, 1, 8, 2], "texture": "#0"},
				"down": {"uv": [7, 1, 8, 2], "texture": "#0"}
			}
		},
		{
			"name": "hexadecagon",
			"from": [6.74, -14.28, 7.66938],
			"to": [9.26, -5.88, 8.17062],
			"rotation": {"angle": 0, "axis": "y", "origin": [8, -6.72, 7.92]},
			"faces": {
				"north": {"uv": [7, 1, 8, 2], "texture": "#0"},
				"east": {"uv": [7, 1, 8, 2], "texture": "#0"},
				"south": {"uv": [7, 1, 8, 2], "texture": "#0"},
				"west": {"uv": [7, 1, 8, 2], "texture": "#0"},
				"up": {"uv": [7, 1, 8, 2], "texture": "#0"},
				"down": {"uv": [7, 1, 8, 2], "texture": "#0"}
			}
		},
		{
			"name": "hexadecagon",
			"from": [6.74, -14.28, 7.66938],
			"to": [9.26, -5.88, 8.17062],
			"rotation": {"angle": 22.5, "axis": "y", "origin": [8, -6.72, 7.92]},
			"faces": {
				"north": {"uv": [7, 1, 8, 2], "texture": "#0"},
				"east": {"uv": [7, 1, 8, 2], "texture": "#0"},
				"south": {"uv": [7, 1, 8, 2], "texture": "#0"},
				"west": {"uv": [7, 1, 8, 2], "texture": "#0"},
				"up": {"uv": [7, 1, 8, 2], "texture": "#0"},
				"down": {"uv": [7, 1, 8, 2], "texture": "#0"}
			}
		},
		{
			"name": "hexadecagon",
			"from": [7.78279, -5.88, 6.828],
			"to": [8.21721, -4.2, 9.012],
			"rotation": {"angle": -45, "axis": "y", "origin": [8, -5.04, 7.92]},
			"faces": {
				"north": {"uv": [7, 1, 8, 2], "texture": "#0"},
				"east": {"uv": [7, 1, 8, 2], "texture": "#0"},
				"south": {"uv": [7, 1, 8, 2], "texture": "#0"},
				"west": {"uv": [7, 1, 8, 2], "texture": "#0"},
				"up": {"uv": [7, 1, 8, 2], "texture": "#0"}
			}
		},
		{
			"name": "hexadecagon",
			"from": [7.78279, -5.88, 6.828],
			"to": [8.21721, -4.2, 9.012],
			"rotation": {"angle": -22.5, "axis": "y", "origin": [8, -5.04, 7.92]},
			"faces": {
				"north": {"uv": [7, 1, 8, 2], "texture": "#0"},
				"east": {"uv": [7, 1, 8, 2], "texture": "#0"},
				"south": {"uv": [7, 1, 8, 2], "texture": "#0"},
				"west": {"uv": [7, 1, 8, 2], "texture": "#0"},
				"up": {"uv": [7, 1, 8, 2], "texture": "#0"}
			}
		},
		{
			"name": "hexadecagon",
			"from": [7.78279, -5.88, 6.828],
			"to": [8.21721, -4.2, 9.012],
			"rotation": {"angle": 0, "axis": "y", "origin": [8, -5.04, 7.92]},
			"faces": {
				"north": {"uv": [7, 1, 8, 2], "texture": "#0"},
				"east": {"uv": [7, 1, 8, 2], "texture": "#0"},
				"south": {"uv": [7, 1, 8, 2], "texture": "#0"},
				"west": {"uv": [7, 1, 8, 2], "texture": "#0"},
				"up": {"uv": [7, 1, 8, 2], "texture": "#0"}
			}
		},
		{
			"name": "hexadecagon",
			"from": [7.78279, -5.88, 6.828],
			"to": [8.21721, -4.2, 9.012],
			"rotation": {"angle": 22.5, "axis": "y", "origin": [8, -5.04, 7.92]},
			"faces": {
				"north": {"uv": [7, 1, 8, 2], "texture": "#0"},
				"east": {"uv": [7, 1, 8, 2], "texture": "#0"},
				"south": {"uv": [7, 1, 8, 2], "texture": "#0"},
				"west": {"uv": [7, 1, 8, 2], "texture": "#0"},
				"up": {"uv": [7, 1, 8, 2], "texture": "#0"}
			}
		},
		{
			"name": "hexadecagon",
			"from": [7.78279, -5.88, 6.828],
			"to": [8.21721, -4.2, 9.012],
			"rotation": {"angle": 45, "axis": "y", "origin": [8, -5.04, 7.92]},
			"faces": {
				"north": {"uv": [7, 1, 8, 2], "texture": "#0"},
				"east": {"uv": [7, 1, 8, 2], "texture": "#0"},
				"south": {"uv": [7, 1, 8, 2], "texture": "#0"},
				"west": {"uv": [7, 1, 8, 2], "texture": "#0"},
				"up": {"uv": [7, 1, 8, 2], "texture": "#0"}
			}
		},
		{
			"name": "hexadecagon",
			"from": [6.908, -5.88, 7.70279],
			"to": [9.092, -4.2, 8.13721],
			"rotation": {"angle": -22.5, "axis": "y", "origin": [8, -5.04, 7.92]},
			"faces": {
				"north": {"uv": [7, 1, 8, 2], "texture": "#0"},
				"east": {"uv": [7, 1, 8, 2], "texture": "#0"},
				"south": {"uv": [7, 1, 8, 2], "texture": "#0"},
				"west": {"uv": [7, 1, 8, 2], "texture": "#0"},
				"up": {"uv": [7, 1, 8, 2], "texture": "#0"}
			}
		},
		{
			"name": "hexadecagon",
			"from": [6.908, -5.88, 7.70279],
			"to": [9.092, -4.2, 8.13721],
			"rotation": {"angle": 0, "axis": "y", "origin": [8, -5.04, 7.92]},
			"faces": {
				"north": {"uv": [7, 1, 8, 2], "texture": "#0"},
				"east": {"uv": [7, 1, 8, 2], "texture": "#0"},
				"south": {"uv": [7, 1, 8, 2], "texture": "#0"},
				"west": {"uv": [7, 1, 8, 2], "texture": "#0"},
				"up": {"uv": [7, 1, 8, 2], "texture": "#0"}
			}
		},
		{
			"name": "hexadecagon",
			"from": [6.908, -5.88, 7.70279],
			"to": [9.092, -4.2, 8.13721],
			"rotation": {"angle": 22.5, "axis": "y", "origin": [8, -5.04, 7.92]},
			"faces": {
				"north": {"uv": [7, 1, 8, 2], "texture": "#0"},
				"east": {"uv": [7, 1, 8, 2], "texture": "#0"},
				"south": {"uv": [7, 1, 8, 2], "texture": "#0"},
				"west": {"uv": [7, 1, 8, 2], "texture": "#0"},
				"up": {"uv": [7, 1, 8, 2], "texture": "#0"}
			}
		}
	],
	"display": {
		"thirdperson_righthand": {
			"scale": [4, 4, 4]
		},
		"head": {
			"translation": [0, 33, 0],
			"scale": [3.5, 3.5, 3.5]
		}
	},
	"groups": [
		{
			"name": "hexadecagon",
			"origin": [8, 8, 8],
			"color": 0,
			"children": []
		},
		{
			"name": "hexadecagon",
			"origin": [8, 8, 8],
			"color": 0,
			"children": [0, 1, 2, 3, 4, 5, 6, 7]
		},
		{
			"name": "hexadecagon",
			"origin": [8, 8, 8],
			"color": 0,
			"children": []
		},
		{
			"name": "hexadecagon",
			"origin": [8, 8, 8],
			"color": 0,
			"children": [8, 9, 10, 11, 12, 13, 14, 15]
		},
		{
			"name": "hexadecagon",
			"origin": [8, 8, 8],
			"color": 0,
			"children": [16, 17, 18, 19, 20, 21, 22, 23]
		},
		{
			"name": "hexadecagon",
			"origin": [8, 8, 8],
			"color": 0,
			"children": []
		},
		{
			"name": "hexadecagon",
			"origin": [8, 8, 8],
			"color": 0,
			"children": [24, 25, 26, 27, 28, 29, 30, 31]
		},
		{
			"name": "hexadecagon",
			"origin": [8, 8, 8],
			"color": 0,
			"children": [32, 33, 34, 35, 36, 37, 38, 39]
		},
		{
			"name": "hexadecagon",
			"origin": [8, 8, 8],
			"color": 0,
			"children": [40, 41, 42, 43, 44, 45, 46, 47]
		},
		{
			"name": "hexadecagon",
			"origin": [8, 8, 8],
			"color": 0,
			"children": [48, 49, 50, 51, 52, 53, 54, 55]
		}
	]
}