{
	"credit": "Waltcraft 3D by Becraft Studios",
	"textures": {
		"0": "divers/spotlight/spotlight",
		"particle": "divers/spotlight/spotlight"
	},
	"elements": [
		{
			"from": [0, 0, 0],
			"to": [16, 5, 16],
			"faces": {
				"north": {"uv": [2, 0, 4, 0.5], "texture": "#0"},
				"east": {"uv": [4, 2.25, 6, 2.75], "texture": "#0"},
				"south": {"uv": [0, 2, 2, 2.5], "texture": "#0"},
				"west": {"uv": [4, 0, 6, 0.5], "texture": "#0"},
				"up": {"uv": [12, 0, 14, 2], "texture": "#0"},
				"down": {"uv": [12, 0, 14, 2], "texture": "#0"}
			}
		},
		{
			"from": [-2, 5, 4],
			"to": [18, 8, 12],
			"faces": {
				"north": {"uv": [0, 3.5, 2, 4], "texture": "#0"},
				"east": {"uv": [0, 3.5, 1, 4], "texture": "#0"},
				"south": {"uv": [0, 3.5, 2, 4], "texture": "#0"},
				"west": {"uv": [0, 3.5, 1, 4], "texture": "#0"},
				"up": {"uv": [0, 3, 2, 4], "texture": "#0"},
				"down": {"uv": [0, 3, 2, 4], "texture": "#0"}
			}
		},
		{
			"from": [0, 12.125, -6],
			"to": [16, 28.125, 11],
			"rotation": {"angle": 45, "axis": "x", "origin": [8, 18, 5.5]},
			"faces": {
				"north": {"uv": [10, 2, 12, 4], "texture": "#0"},
				"east": {"uv": [0, 2, 2, 4], "texture": "#0"},
				"south": {"uv": [6, 2, 8, 4], "texture": "#0"},
				"west": {"uv": [4, 2, 6, 4], "texture": "#0"},
				"up": {"uv": [2, 0, 4, 2], "texture": "#0"},
				"down": {"uv": [4, 0, 6, 2], "texture": "#0"}
			}
		},
		{
			"from": [16, 8, 4],
			"to": [18, 21, 12],
			"faces": {
				"north": {"uv": [0, 2, 0.25, 4], "texture": "#0"},
				"east": {"uv": [0, 2, 1, 4], "texture": "#0"},
				"south": {"uv": [1, 2, 1.25, 4], "texture": "#0"},
				"west": {"uv": [1, 2, 2, 4], "rotation": 180, "texture": "#0"},
				"up": {"uv": [0, 2, 0.25, 3], "texture": "#0"}
			}
		},
		{
			"from": [-2, 8, 4],
			"to": [0, 21, 12],
			"faces": {
				"north": {"uv": [0, 2, 0.25, 4], "texture": "#0"},
				"east": {"uv": [1, 2, 2, 4], "rotation": 180, "texture": "#0"},
				"south": {"uv": [1, 2, 1.25, 4], "texture": "#0"},
				"west": {"uv": [1, 2, 2, 4], "rotation": 180, "texture": "#0"},
				"up": {"uv": [0, 2, 0.25, 3], "texture": "#0"}
			}
		}
	],
	"display": {
		"head": {
			"rotation": [0, 0, 180],
			"translation": [0, 4, 0]
		}
	}
}