{
	"credit": "Waltcraft 3D by Becraft Studios",
	"textures": {
		"0": "block/gray_concrete",
		"3": "block/white_stained_glass",
		"particle": "block/gray_concrete"
	},
	"elements": [
		{
			"name": "hexadecagon",
			"from": [6.11477, 11.5159, 6.98941],
			"to": [9.33664, 12.90186, 11.47958],
			"rotation": {"angle": 45, "axis": "x", "origin": [7.7257, 12.20888, 7.99573]},
			"faces": {
				"east": {"uv": [0, 0, 1, 1], "rotation": 270, "texture": "#0"},
				"south": {"uv": [0, 0, 1, 1], "rotation": 270, "texture": "#0"},
				"west": {"uv": [0, 0, 1, 1], "rotation": 270, "texture": "#0"}
			}
		},
		{
			"name": "hexadecagon",
			"from": [6.11477, 11.5159, 6.98941],
			"to": [9.33664, 12.90186, 11.47958],
			"rotation": {"angle": 22.5, "axis": "x", "origin": [7.7257, 12.20888, 7.99573]},
			"faces": {
				"east": {"uv": [0, 0, 1, 1], "rotation": 270, "texture": "#0"},
				"south": {"uv": [0, 0, 1, 1], "rotation": 270, "texture": "#0"},
				"west": {"uv": [0, 0, 1, 1], "rotation": 270, "texture": "#0"}
			}
		},
		{
			"name": "hexadecagon",
			"from": [6.11477, 11.5159, 4.51189],
			"to": [9.33664, 13.89286, 11.47958],
			"rotation": {"angle": 0, "axis": "y", "origin": [7.7257, 12.20888, 7.99573]},
			"faces": {
				"north": {"uv": [0, 0, 1, 1], "rotation": 90, "texture": "#0"},
				"east": {"uv": [0, 0, 1, 1], "rotation": 270, "texture": "#0"},
				"south": {"uv": [0, 0, 1, 1], "rotation": 270, "texture": "#0"},
				"west": {"uv": [0, 0, 1, 1], "rotation": 270, "texture": "#0"},
				"up": {"uv": [0, 0, 1, 1], "rotation": 270, "texture": "#0"}
			}
		},
		{
			"name": "hexadecagon",
			"from": [6.11477, 11.5159, 4.51189],
			"to": [9.33664, 12.90186, 9.00206],
			"rotation": {"angle": -22.5, "axis": "x", "origin": [7.7257, 12.20888, 7.99573]},
			"faces": {
				"north": {"uv": [0, 0, 1, 1], "rotation": 90, "texture": "#0"},
				"east": {"uv": [0, 0, 1, 1], "rotation": 270, "texture": "#0"},
				"west": {"uv": [0, 0, 1, 1], "rotation": 270, "texture": "#0"}
			}
		},
		{
			"name": "hexadecagon",
			"from": [6.11477, 11.5159, 4.51189],
			"to": [9.33664, 12.90186, 9.00206],
			"rotation": {"angle": -45, "axis": "x", "origin": [7.7257, 12.20888, 7.99573]},
			"faces": {
				"north": {"uv": [0, 0, 1, 1], "rotation": 90, "texture": "#0"},
				"east": {"uv": [0, 0, 1, 1], "rotation": 270, "texture": "#0"},
				"west": {"uv": [0, 0, 1, 1], "rotation": 270, "texture": "#0"}
			}
		},
		{
			"name": "hexadecagon",
			"from": [6.11477, 8.72503, 7.30275],
			"to": [9.33664, 12.7197, 8.68871],
			"rotation": {"angle": 22.5, "axis": "x", "origin": [7.7257, 12.20888, 7.99573]},
			"faces": {
				"north": {"uv": [0, 0, 1, 1], "rotation": 90, "texture": "#0"},
				"east": {"uv": [0, 0, 1, 1], "rotation": 270, "texture": "#0"},
				"west": {"uv": [0, 0, 1, 1], "rotation": 270, "texture": "#0"},
				"down": {"uv": [0, 0, 1, 1], "rotation": 270, "texture": "#0"}
			}
		},
		{
			"name": "hexadecagon",
			"from": [6.11477, 8.72503, 7.30275],
			"to": [9.33664, 13.2152, 8.68871],
			"rotation": {"angle": 0, "axis": "y", "origin": [7.7257, 12.20888, 7.99573]},
			"faces": {
				"east": {"uv": [0, 0, 1, 1], "rotation": 270, "texture": "#0"},
				"west": {"uv": [0, 0, 1, 1], "rotation": 270, "texture": "#0"},
				"down": {"uv": [0, 0, 1, 1], "rotation": 270, "texture": "#0"}
			}
		},
		{
			"name": "hexadecagon",
			"from": [6.11477, 8.72503, 7.30275],
			"to": [9.33664, 13.2152, 8.68871],
			"rotation": {"angle": -22.5, "axis": "x", "origin": [7.7257, 12.20888, 7.99573]},
			"faces": {
				"east": {"uv": [0, 0, 1, 1], "rotation": 270, "texture": "#0"},
				"west": {"uv": [0, 0, 1, 1], "rotation": 270, "texture": "#0"},
				"down": {"uv": [0, 0, 1, 1], "rotation": 270, "texture": "#0"}
			}
		},
		{
			"name": "hexadecagon",
			"from": [6.11477, 13.89432, 6.98941],
			"to": [9.33664, 15.28028, 11.47958],
			"rotation": {"angle": -45, "axis": "x", "origin": [7.7257, 14.5873, 7.99573]},
			"faces": {
				"east": {"uv": [1, 0, 0, 1], "rotation": 270, "texture": "#0"},
				"south": {"uv": [1, 0, 0, 1], "rotation": 270, "texture": "#0"},
				"west": {"uv": [1, 0, 0, 1], "rotation": 270, "texture": "#0"},
				"up": {"uv": [1, 0, 0, 1], "rotation": 270, "texture": "#0"}
			}
		},
		{
			"name": "hexadecagon",
			"from": [6.11477, 13.89432, 6.98941],
			"to": [9.33664, 15.28028, 11.47958],
			"rotation": {"angle": -22.5, "axis": "x", "origin": [7.7257, 14.5873, 7.99573]},
			"faces": {
				"east": {"uv": [1, 0, 0, 1], "rotation": 270, "texture": "#0"},
				"south": {"uv": [1, 0, 0, 1], "rotation": 270, "texture": "#0"},
				"west": {"uv": [1, 0, 0, 1], "rotation": 270, "texture": "#0"}
			}
		},
		{
			"name": "hexadecagon",
			"from": [6.11477, 13.89432, 4.51189],
			"to": [9.33664, 15.28028, 11.47958],
			"rotation": {"angle": 0, "axis": "y", "origin": [7.7257, 14.5873, 7.99573]},
			"faces": {
				"north": {"uv": [1, 0, 0, 1], "rotation": 90, "texture": "#0"},
				"east": {"uv": [1, 0, 0, 1], "rotation": 270, "texture": "#0"},
				"south": {"uv": [1, 0, 0, 1], "rotation": 270, "texture": "#0"},
				"west": {"uv": [1, 0, 0, 1], "rotation": 270, "texture": "#0"},
				"down": {"uv": [1, 0, 0, 1], "rotation": 270, "texture": "#0"}
			}
		},
		{
			"name": "hexadecagon",
			"from": [6.11477, 13.89432, 4.51189],
			"to": [9.33664, 15.28028, 9.00206],
			"rotation": {"angle": 22.5, "axis": "x", "origin": [7.7257, 14.5873, 7.99573]},
			"faces": {
				"north": {"uv": [1, 0, 0, 1], "rotation": 90, "texture": "#0"},
				"east": {"uv": [1, 0, 0, 1], "rotation": 270, "texture": "#0"},
				"west": {"uv": [1, 0, 0, 1], "rotation": 270, "texture": "#0"}
			}
		},
		{
			"name": "hexadecagon",
			"from": [6.11477, 13.89432, 4.51189],
			"to": [9.33664, 15.28028, 9.00206],
			"rotation": {"angle": 45, "axis": "x", "origin": [7.7257, 14.5873, 7.99573]},
			"faces": {
				"north": {"uv": [1, 0, 0, 1], "rotation": 90, "texture": "#0"},
				"east": {"uv": [1, 0, 0, 1], "rotation": 270, "texture": "#0"},
				"west": {"uv": [1, 0, 0, 1], "rotation": 270, "texture": "#0"}
			}
		},
		{
			"name": "hexadecagon",
			"from": [6.11477, 14.07647, 7.30275],
			"to": [9.33664, 18.07114, 8.68871],
			"rotation": {"angle": -22.5, "axis": "x", "origin": [7.7257, 14.5873, 7.99573]},
			"faces": {
				"east": {"uv": [1, 0, 0, 1], "rotation": 270, "texture": "#0"},
				"west": {"uv": [1, 0, 0, 1], "rotation": 270, "texture": "#0"},
				"up": {"uv": [1, 0, 0, 1], "rotation": 270, "texture": "#0"}
			}
		},
		{
			"name": "hexadecagon",
			"from": [6.11477, 13.58097, 7.30275],
			"to": [9.33664, 18.07114, 8.68871],
			"rotation": {"angle": 0, "axis": "y", "origin": [7.7257, 14.5873, 7.99573]},
			"faces": {
				"east": {"uv": [1, 0, 0, 1], "rotation": 270, "texture": "#0"},
				"west": {"uv": [1, 0, 0, 1], "rotation": 270, "texture": "#0"},
				"up": {"uv": [1, 0, 0, 1], "rotation": 270, "texture": "#0"}
			}
		},
		{
			"name": "hexadecagon",
			"from": [6.11477, 13.58097, 7.30275],
			"to": [9.33664, 18.07114, 8.68871],
			"rotation": {"angle": 22.5, "axis": "x", "origin": [7.7257, 14.5873, 7.99573]},
			"faces": {
				"east": {"uv": [1, 0, 0, 1], "rotation": 270, "texture": "#0"},
				"west": {"uv": [1, 0, 0, 1], "rotation": 270, "texture": "#0"},
				"up": {"uv": [1, 0, 0, 1], "rotation": 270, "texture": "#0"}
			}
		},
		{
			"name": "hexadecagon",
			"from": [4.29385, 11.70721, 7.08886],
			"to": [11.15756, 12.95458, 11.13001],
			"rotation": {"angle": 45, "axis": "x", "origin": [7.7257, 12.33089, 7.99455]},
			"faces": {
				"east": {"uv": [0, 0, 1, 1], "rotation": 270, "texture": "#0"},
				"south": {"uv": [0, 0, 1, 1], "rotation": 270, "texture": "#0"},
				"west": {"uv": [0, 0, 1, 1], "rotation": 270, "texture": "#0"}
			}
		},
		{
			"name": "hexadecagon",
			"from": [4.29385, 11.70721, 7.08886],
			"to": [11.15756, 12.95458, 11.13001],
			"rotation": {"angle": 22.5, "axis": "x", "origin": [7.7257, 12.33089, 7.99455]},
			"faces": {
				"east": {"uv": [0, 0, 1, 1], "rotation": 270, "texture": "#0"},
				"south": {"uv": [0, 0, 1, 1], "rotation": 270, "texture": "#0"},
				"west": {"uv": [0, 0, 1, 1], "rotation": 270, "texture": "#0"}
			}
		},
		{
			"name": "hexadecagon",
			"from": [4.29385, 11.70721, 4.85909],
			"to": [11.15756, 13.84648, 11.13001],
			"rotation": {"angle": 0, "axis": "y", "origin": [7.7257, 12.33089, 7.99455]},
			"faces": {
				"north": {"uv": [0, 0, 1, 1], "rotation": 90, "texture": "#0"},
				"east": {"uv": [0, 0, 1, 1], "rotation": 270, "texture": "#0"},
				"south": {"uv": [0, 0, 1, 1], "rotation": 270, "texture": "#0"},
				"west": {"uv": [0, 0, 1, 1], "rotation": 270, "texture": "#0"},
				"up": {"uv": [0, 0, 1, 1], "rotation": 270, "texture": "#0"}
			}
		},
		{
			"name": "hexadecagon",
			"from": [4.29385, 13.56578, 7.37087],
			"to": [11.15756, 17.60693, 8.61823],
			"rotation": {"angle": 22.5, "axis": "x", "origin": [7.7257, 14.47147, 7.99455]},
			"faces": {
				"east": {"uv": [1, 0, 0, 1], "rotation": 270, "texture": "#0"},
				"west": {"uv": [1, 0, 0, 1], "rotation": 270, "texture": "#0"},
				"up": {"uv": [1, 0, 0, 1], "rotation": 270, "texture": "#0"}
			}
		},
		{
			"name": "hexadecagon",
			"from": [4.29385, 13.56578, 7.37087],
			"to": [11.15756, 17.60693, 8.61823],
			"rotation": {"angle": 0, "axis": "y", "origin": [7.7257, 14.47147, 7.99455]},
			"faces": {
				"east": {"uv": [1, 0, 0, 1], "rotation": 270, "texture": "#0"},
				"west": {"uv": [1, 0, 0, 1], "rotation": 270, "texture": "#0"},
				"up": {"uv": [1, 0, 0, 1], "rotation": 270, "texture": "#0"}
			}
		},
		{
			"name": "hexadecagon",
			"from": [4.29385, 14.01173, 7.37087],
			"to": [11.15756, 17.60693, 8.61823],
			"rotation": {"angle": -22.5, "axis": "x", "origin": [7.7257, 14.47147, 7.99455]},
			"faces": {
				"east": {"uv": [1, 0, 0, 1], "rotation": 270, "texture": "#0"},
				"west": {"uv": [1, 0, 0, 1], "rotation": 270, "texture": "#0"},
				"up": {"uv": [1, 0, 0, 1], "rotation": 270, "texture": "#0"}
			}
		},
		{
			"name": "hexadecagon",
			"from": [4.29385, 13.84779, 4.85909],
			"to": [11.15756, 15.09515, 8.90024],
			"rotation": {"angle": 45, "axis": "x", "origin": [7.7257, 14.47147, 7.99455]},
			"faces": {
				"north": {"uv": [1, 0, 0, 1], "rotation": 90, "texture": "#0"},
				"east": {"uv": [1, 0, 0, 1], "rotation": 270, "texture": "#0"},
				"west": {"uv": [1, 0, 0, 1], "rotation": 270, "texture": "#0"}
			}
		},
		{
			"name": "hexadecagon",
			"from": [4.29385, 13.84779, 4.85909],
			"to": [11.15756, 15.09515, 8.90024],
			"rotation": {"angle": 22.5, "axis": "x", "origin": [7.7257, 14.47147, 7.99455]},
			"faces": {
				"north": {"uv": [1, 0, 0, 1], "rotation": 90, "texture": "#0"},
				"east": {"uv": [1, 0, 0, 1], "rotation": 270, "texture": "#0"},
				"west": {"uv": [1, 0, 0, 1], "rotation": 270, "texture": "#0"}
			}
		},
		{
			"name": "hexadecagon",
			"from": [4.29385, 13.84779, 4.85909],
			"to": [11.15756, 15.09515, 11.13001],
			"rotation": {"angle": 0, "axis": "y", "origin": [7.7257, 14.47147, 7.99455]},
			"faces": {
				"north": {"uv": [1, 0, 0, 1], "rotation": 90, "texture": "#0"},
				"east": {"uv": [1, 0, 0, 1], "rotation": 270, "texture": "#0"},
				"south": {"uv": [1, 0, 0, 1], "rotation": 270, "texture": "#0"},
				"west": {"uv": [1, 0, 0, 1], "rotation": 270, "texture": "#0"},
				"down": {"uv": [1, 0, 0, 1], "rotation": 270, "texture": "#0"}
			}
		},
		{
			"name": "hexadecagon",
			"from": [4.29385, 13.84779, 7.08886],
			"to": [11.15756, 15.09515, 11.13001],
			"rotation": {"angle": -22.5, "axis": "x", "origin": [7.7257, 14.47147, 7.99455]},
			"faces": {
				"east": {"uv": [1, 0, 0, 1], "rotation": 270, "texture": "#0"},
				"south": {"uv": [1, 0, 0, 1], "rotation": 270, "texture": "#0"},
				"west": {"uv": [1, 0, 0, 1], "rotation": 270, "texture": "#0"}
			}
		},
		{
			"name": "hexadecagon",
			"from": [4.29385, 13.84779, 7.08886],
			"to": [11.15756, 15.09515, 11.13001],
			"rotation": {"angle": -45, "axis": "x", "origin": [7.7257, 14.47147, 7.99455]},
			"faces": {
				"east": {"uv": [1, 0, 0, 1], "rotation": 270, "texture": "#0"},
				"south": {"uv": [1, 0, 0, 1], "rotation": 270, "texture": "#0"},
				"west": {"uv": [1, 0, 0, 1], "rotation": 270, "texture": "#0"}
			}
		},
		{
			"name": "hexadecagon",
			"from": [4.29385, 11.70721, 4.85909],
			"to": [11.15756, 12.95458, 8.90024],
			"rotation": {"angle": -22.5, "axis": "x", "origin": [7.7257, 12.33089, 7.99455]},
			"faces": {
				"north": {"uv": [0, 0, 1, 1], "rotation": 90, "texture": "#0"},
				"east": {"uv": [0, 0, 1, 1], "rotation": 270, "texture": "#0"},
				"west": {"uv": [0, 0, 1, 1], "rotation": 270, "texture": "#0"}
			}
		},
		{
			"name": "hexadecagon",
			"from": [4.29385, 11.70721, 4.85909],
			"to": [11.15756, 12.95458, 8.90024],
			"rotation": {"angle": -45, "axis": "x", "origin": [7.7257, 12.33089, 7.99455]},
			"faces": {
				"north": {"uv": [0, 0, 1, 1], "rotation": 90, "texture": "#0"},
				"east": {"uv": [0, 0, 1, 1], "rotation": 270, "texture": "#0"},
				"west": {"uv": [0, 0, 1, 1], "rotation": 270, "texture": "#0"}
			}
		},
		{
			"name": "hexadecagon",
			"from": [4.29385, 9.19543, 7.37087],
			"to": [11.15756, 12.79063, 8.61823],
			"rotation": {"angle": 22.5, "axis": "x", "origin": [7.7257, 12.33089, 7.99455]},
			"faces": {
				"east": {"uv": [0, 0, 1, 1], "rotation": 270, "texture": "#0"},
				"west": {"uv": [0, 0, 1, 1], "rotation": 270, "texture": "#0"},
				"down": {"uv": [0, 0, 1, 1], "rotation": 270, "texture": "#0"}
			}
		},
		{
			"name": "hexadecagon",
			"from": [4.29385, 9.19543, 7.37087],
			"to": [11.15756, 13.23659, 8.61823],
			"rotation": {"angle": 0, "axis": "y", "origin": [7.7257, 12.33089, 7.99455]},
			"faces": {
				"east": {"uv": [0, 0, 1, 1], "rotation": 270, "texture": "#0"},
				"west": {"uv": [0, 0, 1, 1], "rotation": 270, "texture": "#0"},
				"down": {"uv": [0, 0, 1, 1], "rotation": 270, "texture": "#0"}
			}
		},
		{
			"name": "hexadecagon",
			"from": [4.29385, 9.19543, 7.37087],
			"to": [11.15756, 13.23659, 8.61823],
			"rotation": {"angle": -22.5, "axis": "x", "origin": [7.7257, 12.33089, 7.99455]},
			"faces": {
				"east": {"uv": [0, 0, 1, 1], "rotation": 270, "texture": "#0"},
				"west": {"uv": [0, 0, 1, 1], "rotation": 270, "texture": "#0"},
				"down": {"uv": [0, 0, 1, 1], "rotation": 270, "texture": "#0"}
			}
		},
		{
			"name": "hexadecagon",
			"from": [3.25164, 12.01714, 7.24996],
			"to": [12.24932, 13.03998, 10.56371],
			"rotation": {"angle": 45, "axis": "x", "origin": [7.59192, 12.52856, 7.99263]},
			"faces": {
				"east": {"uv": [0, 0, 1, 1], "rotation": 270, "texture": "#0"},
				"south": {"uv": [0, 0, 1, 1], "rotation": 270, "texture": "#0"},
				"west": {"uv": [0, 0, 1, 1], "rotation": 270, "texture": "#0"},
				"down": {"uv": [0, 0, 1, 1], "rotation": 270, "texture": "#0"}
			}
		},
		{
			"name": "hexadecagon",
			"from": [3.25164, 12.01714, 7.24996],
			"to": [12.24932, 13.03998, 10.56371],
			"rotation": {"angle": 22.5, "axis": "x", "origin": [7.59192, 12.52856, 7.99263]},
			"faces": {
				"east": {"uv": [0, 0, 1, 1], "rotation": 270, "texture": "#0"},
				"south": {"uv": [0, 0, 1, 1], "rotation": 270, "texture": "#0"},
				"west": {"uv": [0, 0, 1, 1], "rotation": 270, "texture": "#0"}
			}
		},
		{
			"name": "hexadecagon",
			"from": [3.25164, 12.01714, 5.42155],
			"to": [12.24932, 13.77135, 10.56371],
			"rotation": {"angle": 0, "axis": "y", "origin": [7.59192, 12.52856, 7.99263]},
			"faces": {
				"north": {"uv": [0, 0, 1, 1], "rotation": 90, "texture": "#0"},
				"east": {"uv": [0, 0, 1, 1], "rotation": 270, "texture": "#0"},
				"south": {"uv": [0, 0, 1, 1], "rotation": 270, "texture": "#0"},
				"west": {"uv": [0, 0, 1, 1], "rotation": 270, "texture": "#0"},
				"up": {"uv": [0, 0, 1, 1], "rotation": 270, "texture": "#0"}
			}
		},
		{
			"name": "hexadecagon",
			"from": [3.25164, 13.54117, 7.48121],
			"to": [12.24932, 16.85491, 8.50405],
			"rotation": {"angle": 22.5, "axis": "x", "origin": [7.59192, 14.28384, 7.99263]},
			"faces": {
				"east": {"uv": [1, 0, 0, 1], "rotation": 270, "texture": "#0"},
				"west": {"uv": [1, 0, 0, 1], "rotation": 270, "texture": "#0"},
				"up": {"uv": [1, 0, 0, 1], "rotation": 270, "texture": "#0"}
			}
		},
		{
			"name": "hexadecagon",
			"from": [3.25164, 13.54117, 7.48121],
			"to": [12.24932, 16.85491, 8.50405],
			"rotation": {"angle": 0, "axis": "y", "origin": [7.59192, 14.28384, 7.99263]},
			"faces": {
				"east": {"uv": [1, 0, 0, 1], "rotation": 270, "texture": "#0"},
				"west": {"uv": [1, 0, 0, 1], "rotation": 270, "texture": "#0"},
				"up": {"uv": [1, 0, 0, 1], "rotation": 270, "texture": "#0"}
			}
		},
		{
			"name": "hexadecagon",
			"from": [3.25164, 13.90685, 7.48121],
			"to": [12.24932, 16.85491, 8.50405],
			"rotation": {"angle": -22.5, "axis": "x", "origin": [7.59192, 14.28384, 7.99263]},
			"faces": {
				"east": {"uv": [1, 0, 0, 1], "rotation": 270, "texture": "#0"},
				"west": {"uv": [1, 0, 0, 1], "rotation": 270, "texture": "#0"},
				"up": {"uv": [1, 0, 0, 1], "rotation": 270, "texture": "#0"}
			}
		},
		{
			"name": "hexadecagon",
			"from": [3.25164, 13.77242, 5.42155],
			"to": [12.24932, 14.79526, 8.7353],
			"rotation": {"angle": 45, "axis": "x", "origin": [7.59192, 14.28384, 7.99263]},
			"faces": {
				"north": {"uv": [1, 0, 0, 1], "rotation": 90, "texture": "#0"},
				"east": {"uv": [1, 0, 0, 1], "rotation": 270, "texture": "#0"},
				"west": {"uv": [1, 0, 0, 1], "rotation": 270, "texture": "#0"},
				"up": {"uv": [1, 0, 0, 1], "rotation": 270, "texture": "#0"}
			}
		},
		{
			"name": "hexadecagon",
			"from": [3.25164, 13.77242, 5.42155],
			"to": [12.24932, 14.79526, 8.7353],
			"rotation": {"angle": 22.5, "axis": "x", "origin": [7.59192, 14.28384, 7.99263]},
			"faces": {
				"north": {"uv": [1, 0, 0, 1], "rotation": 90, "texture": "#0"},
				"east": {"uv": [1, 0, 0, 1], "rotation": 270, "texture": "#0"},
				"west": {"uv": [1, 0, 0, 1], "rotation": 270, "texture": "#0"}
			}
		},
		{
			"name": "hexadecagon",
			"from": [3.25164, 13.77242, 5.42155],
			"to": [12.24932, 14.79526, 10.56371],
			"rotation": {"angle": 0, "axis": "y", "origin": [7.59192, 14.28384, 7.99263]},
			"faces": {
				"north": {"uv": [1, 0, 0, 1], "rotation": 90, "texture": "#0"},
				"east": {"uv": [1, 0, 0, 1], "rotation": 270, "texture": "#0"},
				"south": {"uv": [1, 0, 0, 1], "rotation": 270, "texture": "#0"},
				"west": {"uv": [1, 0, 0, 1], "rotation": 270, "texture": "#0"},
				"down": {"uv": [1, 0, 0, 1], "rotation": 270, "texture": "#0"}
			}
		},
		{
			"name": "hexadecagon",
			"from": [3.25164, 13.77242, 7.24996],
			"to": [12.24932, 14.79526, 10.56371],
			"rotation": {"angle": -22.5, "axis": "x", "origin": [7.59192, 14.28384, 7.99263]},
			"faces": {
				"east": {"uv": [1, 0, 0, 1], "rotation": 270, "texture": "#0"},
				"south": {"uv": [1, 0, 0, 1], "rotation": 270, "texture": "#0"},
				"west": {"uv": [1, 0, 0, 1], "rotation": 270, "texture": "#0"}
			}
		},
		{
			"name": "hexadecagon",
			"from": [3.25164, 13.77242, 7.24996],
			"to": [12.24932, 14.79526, 10.56371],
			"rotation": {"angle": -45, "axis": "x", "origin": [7.59192, 14.28384, 7.99263]},
			"faces": {
				"east": {"uv": [1, 0, 0, 1], "rotation": 270, "texture": "#0"},
				"south": {"uv": [1, 0, 0, 1], "rotation": 270, "texture": "#0"},
				"west": {"uv": [1, 0, 0, 1], "rotation": 270, "texture": "#0"},
				"up": {"uv": [1, 0, 0, 1], "rotation": 270, "texture": "#0"}
			}
		},
		{
			"name": "hexadecagon",
			"from": [3.25164, 12.01714, 5.42155],
			"to": [12.24932, 13.03998, 8.7353],
			"rotation": {"angle": -22.5, "axis": "x", "origin": [7.59192, 12.52856, 7.99263]},
			"faces": {
				"north": {"uv": [0, 0, 1, 1], "rotation": 90, "texture": "#0"},
				"east": {"uv": [0, 0, 1, 1], "rotation": 270, "texture": "#0"},
				"west": {"uv": [0, 0, 1, 1], "rotation": 270, "texture": "#0"}
			}
		},
		{
			"name": "hexadecagon",
			"from": [3.25164, 12.01714, 5.42155],
			"to": [12.24932, 13.03998, 8.7353],
			"rotation": {"angle": -45, "axis": "x", "origin": [7.59192, 12.52856, 7.99263]},
			"faces": {
				"north": {"uv": [0, 0, 1, 1], "rotation": 90, "texture": "#0"},
				"east": {"uv": [0, 0, 1, 1], "rotation": 270, "texture": "#0"},
				"west": {"uv": [0, 0, 1, 1], "rotation": 270, "texture": "#0"},
				"down": {"uv": [0, 0, 1, 1], "rotation": 270, "texture": "#0"}
			}
		},
		{
			"name": "hexadecagon",
			"from": [3.25164, 9.95749, 7.48121],
			"to": [12.24932, 12.90555, 8.50405],
			"rotation": {"angle": 22.5, "axis": "x", "origin": [7.59192, 12.52856, 7.99263]},
			"faces": {
				"east": {"uv": [0, 0, 1, 1], "rotation": 270, "texture": "#0"},
				"west": {"uv": [0, 0, 1, 1], "rotation": 270, "texture": "#0"},
				"down": {"uv": [0, 0, 1, 1], "rotation": 270, "texture": "#0"}
			}
		},
		{
			"name": "hexadecagon",
			"from": [3.25164, 9.95749, 7.48121],
			"to": [12.24932, 13.27123, 8.50405],
			"rotation": {"angle": 0, "axis": "y", "origin": [7.59192, 12.52856, 7.99263]},
			"faces": {
				"east": {"uv": [0, 0, 1, 1], "rotation": 270, "texture": "#0"},
				"west": {"uv": [0, 0, 1, 1], "rotation": 270, "texture": "#0"},
				"down": {"uv": [0, 0, 1, 1], "rotation": 270, "texture": "#0"}
			}
		},
		{
			"name": "hexadecagon",
			"from": [3.25164, 9.95749, 7.48121],
			"to": [12.24932, 13.27123, 8.50405],
			"rotation": {"angle": -22.5, "axis": "x", "origin": [7.59192, 12.52856, 7.99263]},
			"faces": {
				"east": {"uv": [0, 0, 1, 1], "rotation": 270, "texture": "#0"},
				"west": {"uv": [0, 0, 1, 1], "rotation": 270, "texture": "#0"},
				"down": {"uv": [0, 0, 1, 1], "rotation": 270, "texture": "#0"}
			}
		},
		{
			"name": "hexadecagon",
			"from": [2.66531, 12.24305, 7.36739],
			"to": [12.8852, 13.10223, 10.15094],
			"rotation": {"angle": 45, "axis": "x", "origin": [7.42701, 12.67264, 7.99123]},
			"faces": {
				"east": {"uv": [0, 0, 1, 1], "rotation": 270, "texture": "#0"},
				"south": {"uv": [0, 0, 1, 1], "rotation": 270, "texture": "#0"},
				"west": {"uv": [0, 0, 1, 1], "rotation": 270, "texture": "#0"},
				"up": {"uv": [0, 0, 1, 1], "rotation": 270, "texture": "#0"},
				"down": {"uv": [0, 0, 1, 1], "rotation": 270, "texture": "#0"}
			}
		},
		{
			"name": "hexadecagon",
			"from": [2.66531, 12.24305, 7.36739],
			"to": [12.8852, 13.10223, 10.15094],
			"rotation": {"angle": 22.5, "axis": "x", "origin": [7.42701, 12.67264, 7.99123]},
			"faces": {
				"east": {"uv": [0, 0, 1, 1], "rotation": 270, "texture": "#0"},
				"south": {"uv": [0, 0, 1, 1], "rotation": 270, "texture": "#0"},
				"west": {"uv": [0, 0, 1, 1], "rotation": 270, "texture": "#0"},
				"up": {"uv": [0, 0, 1, 1], "rotation": 270, "texture": "#0"},
				"down": {"uv": [0, 0, 1, 1], "rotation": 270, "texture": "#0"}
			}
		},
		{
			"name": "hexadecagon",
			"from": [2.66531, 12.24305, 5.83152],
			"to": [12.8852, 13.71658, 10.15094],
			"rotation": {"angle": 0, "axis": "y", "origin": [7.42701, 12.67264, 7.99123]},
			"faces": {
				"north": {"uv": [0, 0, 1, 1], "rotation": 90, "texture": "#0"},
				"east": {"uv": [0, 0, 1, 1], "rotation": 270, "texture": "#0"},
				"south": {"uv": [0, 0, 1, 1], "rotation": 270, "texture": "#0"},
				"west": {"uv": [0, 0, 1, 1], "rotation": 270, "texture": "#0"},
				"up": {"uv": [0, 0, 1, 1], "rotation": 270, "texture": "#0"},
				"down": {"uv": [0, 0, 1, 1], "rotation": 270, "texture": "#0"}
			}
		},
		{
			"name": "hexadecagon",
			"from": [2.66531, 13.52323, 7.56164],
			"to": [12.8852, 16.30678, 8.42082],
			"rotation": {"angle": 22.5, "axis": "x", "origin": [7.42701, 14.14707, 7.99123]},
			"faces": {
				"north": {"uv": [1, 0, 0, 1], "rotation": 90, "texture": "#0"},
				"east": {"uv": [1, 0, 0, 1], "rotation": 270, "texture": "#0"},
				"south": {"uv": [1, 0, 0, 1], "rotation": 270, "texture": "#0"},
				"west": {"uv": [1, 0, 0, 1], "rotation": 270, "texture": "#0"},
				"up": {"uv": [1, 0, 0, 1], "rotation": 270, "texture": "#0"},
				"down": {"uv": [1, 0, 0, 1], "rotation": 270, "texture": "#0"}
			}
		},
		{
			"name": "hexadecagon",
			"from": [2.66531, 13.52323, 7.56164],
			"to": [12.8852, 16.30678, 8.42082],
			"rotation": {"angle": 0, "axis": "y", "origin": [7.42701, 14.14707, 7.99123]},
			"faces": {
				"north": {"uv": [1, 0, 0, 1], "rotation": 90, "texture": "#0"},
				"east": {"uv": [1, 0, 0, 1], "rotation": 270, "texture": "#0"},
				"south": {"uv": [1, 0, 0, 1], "rotation": 270, "texture": "#0"},
				"west": {"uv": [1, 0, 0, 1], "rotation": 270, "texture": "#0"},
				"up": {"uv": [1, 0, 0, 1], "rotation": 270, "texture": "#0"}
			}
		},
		{
			"name": "hexadecagon",
			"from": [2.66531, 13.8304, 7.56164],
			"to": [12.8852, 16.30678, 8.42082],
			"rotation": {"angle": -22.5, "axis": "x", "origin": [7.42701, 14.14707, 7.99123]},
			"faces": {
				"north": {"uv": [1, 0, 0, 1], "rotation": 90, "texture": "#0"},
				"east": {"uv": [1, 0, 0, 1], "rotation": 270, "texture": "#0"},
				"south": {"uv": [1, 0, 0, 1], "rotation": 270, "texture": "#0"},
				"west": {"uv": [1, 0, 0, 1], "rotation": 270, "texture": "#0"},
				"up": {"uv": [1, 0, 0, 1], "rotation": 270, "texture": "#0"}
			}
		},
		{
			"name": "hexadecagon",
			"from": [2.66531, 13.71748, 5.83152],
			"to": [12.8852, 14.57666, 8.61507],
			"rotation": {"angle": 45, "axis": "x", "origin": [7.42701, 14.14707, 7.99123]},
			"faces": {
				"north": {"uv": [1, 0, 0, 1], "rotation": 90, "texture": "#0"},
				"east": {"uv": [1, 0, 0, 1], "rotation": 270, "texture": "#0"},
				"west": {"uv": [1, 0, 0, 1], "rotation": 270, "texture": "#0"},
				"up": {"uv": [1, 0, 0, 1], "rotation": 270, "texture": "#0"},
				"down": {"uv": [1, 0, 0, 1], "rotation": 270, "texture": "#0"}
			}
		},
		{
			"name": "hexadecagon",
			"from": [2.49915, 13.58764, 5.87385],
			"to": [2.89892, 14.43297, 10.12358],
			"rotation": {"angle": 45, "axis": "x", "origin": [2.82304, 14.0103, 7.99871]},
			"faces": {
				"north": {"uv": [0, 0, 1, 1], "rotation": 90, "texture": "#3"},
				"east": {"uv": [0, 0, 1, 1], "rotation": 270, "texture": "#3"},
				"south": {"uv": [0, 0, 1, 1], "rotation": 270, "texture": "#3"},
				"west": {"uv": [0, 0, 1, 1], "rotation": 270, "texture": "#3"},
				"down": {"uv": [0, 0, 1, 1], "rotation": 270, "texture": "#3"}
			}
		},
		{
			"name": "hexadecagon",
			"from": [2.49915, 13.58764, 5.87385],
			"to": [2.89892, 14.43297, 10.12358],
			"rotation": {"angle": 22.5, "axis": "x", "origin": [2.82304, 14.0103, 7.99871]},
			"faces": {
				"north": {"uv": [0, 0, 1, 1], "rotation": 90, "texture": "#3"},
				"east": {"uv": [0, 0, 1, 1], "rotation": 270, "texture": "#3"},
				"south": {"uv": [0, 0, 1, 1], "rotation": 270, "texture": "#3"},
				"west": {"uv": [0, 0, 1, 1], "rotation": 270, "texture": "#3"}
			}
		},
		{
			"name": "hexadecagon",
			"from": [2.49915, 13.58764, 5.87385],
			"to": [2.89892, 14.43297, 10.12358],
			"rotation": {"angle": 0, "axis": "y", "origin": [2.82304, 14.0103, 7.99871]},
			"faces": {
				"north": {"uv": [0, 0, 1, 1], "rotation": 90, "texture": "#3"},
				"east": {"uv": [0, 0, 1, 1], "rotation": 270, "texture": "#3"},
				"south": {"uv": [0, 0, 1, 1], "rotation": 270, "texture": "#3"},
				"west": {"uv": [0, 0, 1, 1], "rotation": 270, "texture": "#3"}
			}
		},
		{
			"name": "hexadecagon",
			"from": [2.49915, 13.58764, 5.87385],
			"to": [2.89892, 14.43297, 10.12358],
			"rotation": {"angle": -22.5, "axis": "x", "origin": [2.82304, 14.0103, 7.99871]},
			"faces": {
				"north": {"uv": [0, 0, 1, 1], "rotation": 90, "texture": "#3"},
				"east": {"uv": [0, 0, 1, 1], "rotation": 270, "texture": "#3"},
				"south": {"uv": [0, 0, 1, 1], "rotation": 270, "texture": "#3"},
				"west": {"uv": [0, 0, 1, 1], "rotation": 270, "texture": "#3"}
			}
		},
		{
			"name": "hexadecagon",
			"from": [2.49915, 13.58764, 5.87385],
			"to": [2.89892, 14.43297, 10.12358],
			"rotation": {"angle": -45, "axis": "x", "origin": [2.82304, 14.0103, 7.99871]},
			"faces": {
				"north": {"uv": [0, 0, 1, 1], "rotation": 90, "texture": "#3"},
				"east": {"uv": [0, 0, 1, 1], "rotation": 270, "texture": "#3"},
				"south": {"uv": [0, 0, 1, 1], "rotation": 270, "texture": "#3"},
				"west": {"uv": [0, 0, 1, 1], "rotation": 270, "texture": "#3"}
			}
		},
		{
			"name": "hexadecagon",
			"from": [2.49915, 11.88544, 7.57605],
			"to": [2.89892, 16.13517, 8.42137],
			"rotation": {"angle": 22.5, "axis": "x", "origin": [2.82304, 14.0103, 7.99871]},
			"faces": {
				"north": {"uv": [0, 0, 1, 1], "rotation": 90, "texture": "#3"},
				"east": {"uv": [0, 0, 1, 1], "rotation": 270, "texture": "#3"},
				"west": {"uv": [0, 0, 1, 1], "rotation": 270, "texture": "#3"},
				"up": {"uv": [0, 0, 1, 1], "rotation": 270, "texture": "#3"},
				"down": {"uv": [0, 0, 1, 1], "rotation": 270, "texture": "#3"}
			}
		},
		{
			"name": "hexadecagon",
			"from": [2.49915, 11.88544, 7.57605],
			"to": [2.89892, 16.13517, 8.42137],
			"rotation": {"angle": 0, "axis": "y", "origin": [2.82304, 14.0103, 7.99871]},
			"faces": {
				"north": {"uv": [0, 0, 1, 1], "rotation": 90, "texture": "#3"},
				"east": {"uv": [0, 0, 1, 1], "rotation": 270, "texture": "#3"},
				"south": {"uv": [0, 0, 1, 1], "rotation": 270, "texture": "#3"},
				"west": {"uv": [0, 0, 1, 1], "rotation": 270, "texture": "#3"},
				"up": {"uv": [0, 0, 1, 1], "rotation": 270, "texture": "#3"},
				"down": {"uv": [0, 0, 1, 1], "rotation": 270, "texture": "#3"}
			}
		},
		{
			"name": "hexadecagon",
			"from": [2.49915, 11.88544, 7.57605],
			"to": [2.89892, 16.13517, 8.42137],
			"rotation": {"angle": -22.5, "axis": "x", "origin": [2.82304, 14.0103, 7.99871]},
			"faces": {
				"east": {"uv": [0, 0, 1, 1], "rotation": 270, "texture": "#3"},
				"south": {"uv": [0, 0, 1, 1], "rotation": 270, "texture": "#3"},
				"west": {"uv": [0, 0, 1, 1], "rotation": 270, "texture": "#3"},
				"up": {"uv": [0, 0, 1, 1], "rotation": 270, "texture": "#3"},
				"down": {"uv": [0, 0, 1, 1], "rotation": 270, "texture": "#3"}
			}
		},
		{
			"name": "hexadecagon",
			"from": [2.66531, 13.71748, 5.83152],
			"to": [12.8852, 14.57666, 8.61507],
			"rotation": {"angle": 22.5, "axis": "x", "origin": [7.42701, 14.14707, 7.99123]},
			"faces": {
				"north": {"uv": [1, 0, 0, 1], "rotation": 90, "texture": "#0"},
				"east": {"uv": [1, 0, 0, 1], "rotation": 270, "texture": "#0"},
				"south": {"uv": [1, 0, 0, 1], "rotation": 270, "texture": "#0"},
				"west": {"uv": [1, 0, 0, 1], "rotation": 270, "texture": "#0"},
				"up": {"uv": [1, 0, 0, 1], "rotation": 270, "texture": "#0"},
				"down": {"uv": [1, 0, 0, 1], "rotation": 270, "texture": "#0"}
			}
		},
		{
			"name": "hexadecagon",
			"from": [2.66531, 13.71748, 5.83152],
			"to": [12.8852, 14.57666, 10.15094],
			"rotation": {"angle": 0, "axis": "y", "origin": [7.42701, 14.14707, 7.99123]},
			"faces": {
				"north": {"uv": [1, 0, 0, 1], "rotation": 90, "texture": "#0"},
				"east": {"uv": [1, 0, 0, 1], "rotation": 270, "texture": "#0"},
				"south": {"uv": [1, 0, 0, 1], "rotation": 270, "texture": "#0"},
				"west": {"uv": [1, 0, 0, 1], "rotation": 270, "texture": "#0"},
				"up": {"uv": [1, 0, 0, 1], "rotation": 270, "texture": "#0"},
				"down": {"uv": [1, 0, 0, 1], "rotation": 270, "texture": "#0"}
			}
		},
		{
			"name": "hexadecagon",
			"from": [2.66531, 13.71748, 7.36739],
			"to": [12.8852, 14.57666, 10.15094],
			"rotation": {"angle": -22.5, "axis": "x", "origin": [7.42701, 14.14707, 7.99123]},
			"faces": {
				"east": {"uv": [1, 0, 0, 1], "rotation": 270, "texture": "#0"},
				"south": {"uv": [1, 0, 0, 1], "rotation": 270, "texture": "#0"},
				"west": {"uv": [1, 0, 0, 1], "rotation": 270, "texture": "#0"},
				"up": {"uv": [1, 0, 0, 1], "rotation": 270, "texture": "#0"},
				"down": {"uv": [1, 0, 0, 1], "rotation": 270, "texture": "#0"}
			}
		},
		{
			"name": "hexadecagon",
			"from": [2.66531, 13.71748, 7.36739],
			"to": [12.8852, 14.57666, 10.15094],
			"rotation": {"angle": -45, "axis": "x", "origin": [7.42701, 14.14707, 7.99123]},
			"faces": {
				"east": {"uv": [1, 0, 0, 1], "rotation": 270, "texture": "#0"},
				"south": {"uv": [1, 0, 0, 1], "rotation": 270, "texture": "#0"},
				"west": {"uv": [1, 0, 0, 1], "rotation": 270, "texture": "#0"},
				"up": {"uv": [1, 0, 0, 1], "rotation": 270, "texture": "#0"},
				"down": {"uv": [1, 0, 0, 1], "rotation": 270, "texture": "#0"}
			}
		},
		{
			"name": "hexadecagon",
			"from": [2.66531, 12.24305, 5.83152],
			"to": [12.8852, 13.10223, 8.61507],
			"rotation": {"angle": -22.5, "axis": "x", "origin": [7.42701, 12.67264, 7.99123]},
			"faces": {
				"north": {"uv": [0, 0, 1, 1], "rotation": 90, "texture": "#0"},
				"east": {"uv": [0, 0, 1, 1], "rotation": 270, "texture": "#0"},
				"west": {"uv": [0, 0, 1, 1], "rotation": 270, "texture": "#0"},
				"up": {"uv": [0, 0, 1, 1], "rotation": 270, "texture": "#0"},
				"down": {"uv": [0, 0, 1, 1], "rotation": 270, "texture": "#0"}
			}
		},
		{
			"name": "hexadecagon",
			"from": [2.66531, 12.24305, 5.83152],
			"to": [12.8852, 13.10223, 8.61507],
			"rotation": {"angle": -45, "axis": "x", "origin": [7.42701, 12.67264, 7.99123]},
			"faces": {
				"north": {"uv": [0, 0, 1, 1], "rotation": 90, "texture": "#0"},
				"east": {"uv": [0, 0, 1, 1], "rotation": 270, "texture": "#0"},
				"west": {"uv": [0, 0, 1, 1], "rotation": 270, "texture": "#0"},
				"up": {"uv": [0, 0, 1, 1], "rotation": 270, "texture": "#0"},
				"down": {"uv": [0, 0, 1, 1], "rotation": 270, "texture": "#0"}
			}
		},
		{
			"name": "hexadecagon",
			"from": [2.66531, 10.51294, 7.56164],
			"to": [12.8852, 12.98931, 8.42082],
			"rotation": {"angle": 22.5, "axis": "x", "origin": [7.42701, 12.67264, 7.99123]},
			"faces": {
				"east": {"uv": [0, 0, 1, 1], "rotation": 270, "texture": "#0"},
				"west": {"uv": [0, 0, 1, 1], "rotation": 270, "texture": "#0"},
				"down": {"uv": [0, 0, 1, 1], "rotation": 270, "texture": "#0"}
			}
		},
		{
			"name": "hexadecagon",
			"from": [2.66531, 10.51294, 7.56164],
			"to": [12.8852, 13.29648, 8.42082],
			"rotation": {"angle": 0, "axis": "y", "origin": [7.42701, 12.67264, 7.99123]},
			"faces": {
				"east": {"uv": [0, 0, 1, 1], "rotation": 270, "texture": "#0"},
				"west": {"uv": [0, 0, 1, 1], "rotation": 270, "texture": "#0"},
				"down": {"uv": [0, 0, 1, 1], "rotation": 270, "texture": "#0"}
			}
		},
		{
			"name": "hexadecagon",
			"from": [2.66531, 10.51294, 7.56164],
			"to": [12.8852, 13.29648, 8.42082],
			"rotation": {"angle": -22.5, "axis": "x", "origin": [7.42701, 12.67264, 7.99123]},
			"faces": {
				"east": {"uv": [0, 0, 1, 1], "rotation": 270, "texture": "#0"},
				"west": {"uv": [0, 0, 1, 1], "rotation": 270, "texture": "#0"},
				"down": {"uv": [0, 0, 1, 1], "rotation": 270, "texture": "#0"}
			}
		}
	],
	"display": {
		"head": {
			"rotation": [0, -90, 0],
			"translation": [0, -18, 0],
			"scale": [1.97, 1.97, 2.42]
		}
	},
	"groups": [
		{
			"name": "group",
			"origin": [8, 8, 8],
			"color": 0,
			"children": []
		},
		{
			"name": "hexadecagon",
			"origin": [8, 8, 8],
			"color": 0,
			"children": []
		},
		{
			"name": "hexadecagon",
			"origin": [8, 8, 8],
			"color": 0,
			"children": []
		},
		{
			"name": "hexadecagon",
			"origin": [8, 8, 8],
			"color": 0,
			"children": []
		},
		{
			"name": "hexadecagon",
			"origin": [8, 8, 8],
			"color": 0,
			"children": []
		},
		{
			"name": "hexadecagon",
			"origin": [8, 8, 8],
			"color": 0,
			"children": [
				{
					"name": "group",
					"origin": [7.3972, 25.53595, 7.99091],
					"color": 0,
					"children": [0, 1, 2, 3, 4, 5, 6, 7, 8, 9, 10, 11, 12, 13, 14, 15, 16, 17, 18, 19, 20, 21, 22, 23, 24, 25, 26, 27, 28, 29, 30, 31, 32, 33, 34, 35, 36, 37, 38, 39, 40, 41, 42, 43, 44, 45, 46, 47, 48, 49, 50, 51, 52, 53, 54, 55, 56, 57, 58, 59, 60, 61, 62, 63, 64, 65, 66, 67, 68, 69, 70, 71]
				}
			]
		},
		{
			"name": "hexadecagon",
			"origin": [8, 8, 8],
			"color": 0,
			"children": []
		}
	]
}