{
	"credit": "Waltcraft 3D by Becraft Studios",
	"textures": {
		"0": "block/black_concrete",
		"1": "block/light_gray_concrete",
		"2": "block/red_concrete",
		"4": "block/gray_concrete",
		"6": "block/lantern",
		"7": "block/smooth_stone",
		"particle": "block/black_concrete"
	},
	"elements": [
		{
			"from": [0, -3, 0],
			"to": [16, 6, 16],
			"rotation": {"angle": 0, "axis": "y", "origin": [0, 1, 0]},
			"faces": {
				"north": {"uv": [0, 0, 0.4, 1], "texture": "#1"},
				"south": {"uv": [0, 0, 0.4, 1], "texture": "#1"}
			}
		},
		{
			"from": [0, -9, 0],
			"to": [2, -3, 2],
			"rotation": {"angle": 0, "axis": "y", "origin": [0, 1, 0]},
			"faces": {
				"north": {"uv": [0, 0, 0.4, 1], "texture": "#4"},
				"east": {"uv": [0, 0, 0.4, 1], "texture": "#4"},
				"south": {"uv": [0, 0, 0.4, 1], "texture": "#4"},
				"west": {"uv": [0, 0, 0.4, 1], "texture": "#4"}
			}
		},
		{
			"from": [0, -9, 14],
			"to": [2, -3, 16],
			"rotation": {"angle": 0, "axis": "y", "origin": [0, 1, 0]},
			"faces": {
				"north": {"uv": [0, 0, 0.4, 1], "texture": "#4"},
				"east": {"uv": [0, 0, 0.4, 1], "texture": "#4"},
				"south": {"uv": [0, 0, 0.4, 1], "texture": "#4"},
				"west": {"uv": [0, 0, 0.4, 1], "texture": "#4"}
			}
		},
		{
			"from": [-1, -11, -1],
			"to": [17, -7, 17],
			"rotation": {"angle": 0, "axis": "y", "origin": [0, 1, 0]},
			"faces": {
				"north": {"uv": [0, 0, 16, 4], "texture": "#7"},
				"east": {"uv": [0, 0, 16, 4], "texture": "#7"},
				"south": {"uv": [0, 0, 16, 4], "texture": "#7"},
				"west": {"uv": [0, 0, 16, 4], "texture": "#7"},
				"up": {"uv": [0, 0, 16, 16], "texture": "#7"},
				"down": {"uv": [0, 0, 16, 16], "texture": "#7"}
			}
		},
		{
			"from": [14, -9, 14],
			"to": [16, -3, 16],
			"rotation": {"angle": 0, "axis": "y", "origin": [0, 1, 0]},
			"faces": {
				"north": {"uv": [0, 0, 0.4, 1], "texture": "#4"},
				"east": {"uv": [0, 0, 0.4, 1], "texture": "#4"},
				"south": {"uv": [0, 0, 0.4, 1], "texture": "#4"},
				"west": {"uv": [0, 0, 0.4, 1], "texture": "#4"}
			}
		},
		{
			"from": [-3.89636, -3.60748, 14.4],
			"to": [9.40364, -2.80748, 15.6],
			"rotation": {"angle": -22.5, "axis": "z", "origin": [-0.59636, -18.10748, 0]},
			"faces": {
				"north": {"uv": [0, 0, 0.4, 1], "rotation": 90, "texture": "#4"},
				"south": {"uv": [0, 0, 0.4, 1], "rotation": 270, "texture": "#4"},
				"west": {"uv": [0, 0, 0.4, 1], "rotation": 270, "texture": "#4"},
				"up": {"uv": [0, 0, 0.4, 1], "rotation": 270, "texture": "#4"},
				"down": {"uv": [0, 0, 0.4, 1], "rotation": 270, "texture": "#4"}
			}
		},
		{
			"from": [-3.89636, -3.60748, 0.4],
			"to": [9.40364, -2.80748, 1.6],
			"rotation": {"angle": -22.5, "axis": "z", "origin": [-0.59636, -18.10748, 0]},
			"faces": {
				"north": {"uv": [0, 0, 0.4, 1], "rotation": 90, "texture": "#4"},
				"south": {"uv": [0, 0, 0.4, 1], "rotation": 270, "texture": "#4"},
				"west": {"uv": [0, 0, 0.4, 1], "rotation": 270, "texture": "#4"},
				"up": {"uv": [0, 0, 0.4, 1], "rotation": 270, "texture": "#4"},
				"down": {"uv": [0, 0, 0.4, 1], "rotation": 270, "texture": "#4"}
			}
		},
		{
			"from": [6.59636, -3.60748, 0.4],
			"to": [19.89636, -2.80748, 1.6],
			"rotation": {"angle": 22.5, "axis": "z", "origin": [16.59636, -18.10748, 0]},
			"faces": {
				"north": {"uv": [0, 1, 0.4, 0], "rotation": 90, "texture": "#4"},
				"east": {"uv": [0, 1, 0.4, 0], "rotation": 270, "texture": "#4"},
				"south": {"uv": [0, 1, 0.4, 0], "rotation": 270, "texture": "#4"},
				"up": {"uv": [0, 1, 0.4, 0], "rotation": 270, "texture": "#4"},
				"down": {"uv": [0, 1, 0.4, 0], "rotation": 270, "texture": "#4"}
			}
		},
		{
			"from": [6.59636, -3.60748, 14.4],
			"to": [19.89636, -2.80748, 15.6],
			"rotation": {"angle": 22.5, "axis": "z", "origin": [16.59636, -18.10748, 0]},
			"faces": {
				"north": {"uv": [0, 1, 0.4, 0], "rotation": 90, "texture": "#4"},
				"east": {"uv": [0, 1, 0.4, 0], "rotation": 270, "texture": "#4"},
				"south": {"uv": [0, 1, 0.4, 0], "rotation": 270, "texture": "#4"},
				"up": {"uv": [0, 1, 0.4, 0], "rotation": 270, "texture": "#4"},
				"down": {"uv": [0, 1, 0.4, 0], "rotation": 270, "texture": "#4"}
			}
		},
		{
			"from": [14.4, -5.94689, 1.16465],
			"to": [15.6, -5.14689, 14.46465],
			"rotation": {"angle": -22.5, "axis": "x", "origin": [8, -5.62366, 8]},
			"faces": {
				"east": {"uv": [0, 1, 0.4, 0], "rotation": 90, "texture": "#4"},
				"south": {"uv": [0, 1, 0.4, 0], "rotation": 270, "texture": "#4"},
				"west": {"uv": [0, 1, 0.4, 0], "rotation": 270, "texture": "#4"},
				"up": {"uv": [0, 1, 0.4, 0], "texture": "#4"},
				"down": {"uv": [0, 1, 0.4, 0], "rotation": 180, "texture": "#4"}
			}
		},
		{
			"from": [0.4, -5.94689, 1.16465],
			"to": [1.6, -5.14689, 14.46465],
			"rotation": {"angle": -22.5, "axis": "x", "origin": [8, -5.62366, 8]},
			"faces": {
				"east": {"uv": [0, 1, 0.4, 0], "rotation": 90, "texture": "#4"},
				"south": {"uv": [0, 1, 0.4, 0], "rotation": 270, "texture": "#4"},
				"west": {"uv": [0, 1, 0.4, 0], "rotation": 270, "texture": "#4"},
				"up": {"uv": [0, 1, 0.4, 0], "texture": "#4"},
				"down": {"uv": [0, 1, 0.4, 0], "rotation": 180, "texture": "#4"}
			}
		},
		{
			"from": [14.4, -5.94689, 1.53535],
			"to": [15.6, -5.14689, 14.83535],
			"rotation": {"angle": 22.5, "axis": "x", "origin": [8, -5.62366, 8]},
			"faces": {
				"north": {"uv": [0, 0, 0.4, 1], "rotation": 270, "texture": "#4"},
				"east": {"uv": [0, 0, 0.4, 1], "rotation": 90, "texture": "#4"},
				"west": {"uv": [0, 0, 0.4, 1], "rotation": 270, "texture": "#4"},
				"up": {"uv": [0, 0, 0.4, 1], "texture": "#4"},
				"down": {"uv": [0, 0, 0.4, 1], "rotation": 180, "texture": "#4"}
			}
		},
		{
			"from": [0.4, -5.94689, 1.53535],
			"to": [1.6, -5.14689, 14.83535],
			"rotation": {"angle": 22.5, "axis": "x", "origin": [8, -5.62366, 8]},
			"faces": {
				"north": {"uv": [0, 0, 0.4, 1], "rotation": 270, "texture": "#4"},
				"east": {"uv": [0, 0, 0.4, 1], "rotation": 90, "texture": "#4"},
				"west": {"uv": [0, 0, 0.4, 1], "rotation": 270, "texture": "#4"},
				"up": {"uv": [0, 0, 0.4, 1], "texture": "#4"},
				"down": {"uv": [0, 0, 0.4, 1], "rotation": 180, "texture": "#4"}
			}
		},
		{
			"from": [14, -9, 0],
			"to": [16, -3, 2],
			"rotation": {"angle": 0, "axis": "y", "origin": [0, 1, 0]},
			"faces": {
				"north": {"uv": [0, 0, 0.4, 1], "texture": "#4"},
				"east": {"uv": [0, 0, 0.4, 1], "texture": "#4"},
				"south": {"uv": [0, 0, 0.4, 1], "texture": "#4"},
				"west": {"uv": [0, 0, 0.4, 1], "texture": "#4"}
			}
		},
		{
			"from": [-0.2, -3, -0.1],
			"to": [0, 6, 16.1],
			"rotation": {"angle": 0, "axis": "y", "origin": [0, 1, 0]},
			"faces": {
				"north": {"uv": [0, 0, 0.4, 1], "texture": "#0"},
				"east": {"uv": [0, 0, 0.4, 1], "texture": "#0"},
				"south": {"uv": [0, 0, 0.4, 1], "texture": "#0"},
				"west": {"uv": [0, 0, 0.4, 1], "texture": "#0"}
			}
		},
		{
			"from": [-0.4, 1.2, 0.9],
			"to": [-0.2, 3, 1.1],
			"rotation": {"angle": 0, "axis": "y", "origin": [0, 1, 0]},
			"faces": {
				"north": {"uv": [0, 0, 0.4, 1], "texture": "#1"},
				"south": {"uv": [0, 0, 0.4, 1], "texture": "#1"},
				"west": {"uv": [0, 0, 0.4, 1], "texture": "#1"}
			}
		},
		{
			"from": [-0.4, 3.69497, 1.02218],
			"to": [-0.2, 3.97497, 1.22218],
			"rotation": {"angle": 45, "axis": "x", "origin": [0, 3.49497, 0.12218]},
			"faces": {
				"north": {"uv": [0, 0, 0.4, 1], "texture": "#1"},
				"east": {"uv": [0, 0, 0.4, 1], "texture": "#1"},
				"south": {"uv": [0, 0, 0.4, 1], "texture": "#1"},
				"west": {"uv": [0, 0, 0.4, 1], "texture": "#1"},
				"up": {"uv": [0, 0, 0.4, 1], "texture": "#1"}
			}
		},
		{
			"from": [-0.4, 3.69497, 1.77782],
			"to": [-0.2, 3.97497, 1.97782],
			"rotation": {"angle": -45, "axis": "x", "origin": [0, 3.49497, 2.87782]},
			"faces": {
				"north": {"uv": [0.4, 0, 0, 1], "texture": "#1"},
				"east": {"uv": [0.4, 0, 0, 1], "texture": "#1"},
				"south": {"uv": [0.4, 0, 0, 1], "texture": "#1"},
				"west": {"uv": [0.4, 0, 0, 1], "texture": "#1"},
				"up": {"uv": [0, 1, 0.4, 0], "texture": "#1"}
			}
		},
		{
			"from": [-0.4, 0.22503, 1.02218],
			"to": [-0.2, 0.50503, 1.22218],
			"rotation": {"angle": -45, "axis": "x", "origin": [0, 0.70503, 0.12218]},
			"faces": {
				"north": {"uv": [0, 1, 0.4, 0], "texture": "#1"},
				"east": {"uv": [0, 1, 0.4, 0], "texture": "#1"},
				"south": {"uv": [0, 1, 0.4, 0], "texture": "#1"},
				"west": {"uv": [0, 1, 0.4, 0], "texture": "#1"},
				"down": {"uv": [0, 1, 0.4, 0], "texture": "#1"}
			}
		},
		{
			"from": [-0.4, 0.22503, 1.77782],
			"to": [-0.2, 0.50503, 1.97782],
			"rotation": {"angle": 45, "axis": "x", "origin": [0, 0.70503, 2.87782]},
			"faces": {
				"north": {"uv": [0.4, 1, 0, 0], "texture": "#1"},
				"east": {"uv": [0.4, 1, 0, 0], "texture": "#1"},
				"south": {"uv": [0.4, 1, 0, 0], "texture": "#1"},
				"west": {"uv": [0.4, 1, 0, 0], "texture": "#1"},
				"down": {"uv": [0, 0, 0.4, 1], "texture": "#1"}
			}
		},
		{
			"from": [-0.4, 1.2, 1.9],
			"to": [-0.2, 3, 2.1],
			"rotation": {"angle": 0, "axis": "y", "origin": [0, 1, 0]},
			"faces": {
				"north": {"uv": [0, 0, 0.4, 1], "texture": "#1"},
				"south": {"uv": [0, 0, 0.4, 1], "texture": "#1"},
				"west": {"uv": [0, 0, 0.4, 1], "texture": "#1"}
			}
		},
		{
			"from": [-0.3, 1.2, 1.1],
			"to": [-0.2, 3, 1.9],
			"rotation": {"angle": 0, "axis": "y", "origin": [0, 1, 0]},
			"faces": {
				"west": {"uv": [0, 0, 0.4, 1], "texture": "#2"}
			}
		},
		{
			"from": [-0.9882, 1.23744, 1.1],
			"to": [-0.5882, 1.93744, 1.9],
			"rotation": {"angle": -22.5, "axis": "z", "origin": [-0.6882, 0.03744, 0]},
			"faces": {
				"north": {"uv": [0, 0, 0.4, 1], "texture": "#2"},
				"south": {"uv": [0, 0, 0.4, 1], "texture": "#2"},
				"west": {"uv": [0, 0, 0.4, 1], "texture": "#2"},
				"down": {"uv": [0, 0, 0.4, 1], "texture": "#2"}
			}
		},
		{
			"from": [-5.4882, 3.16256, 1.1],
			"to": [-5.0882, 3.86256, 1.9],
			"rotation": {"angle": 22.5, "axis": "z", "origin": [-0.6882, 15.96256, 0]},
			"faces": {
				"north": {"uv": [0, 1, 0.4, 0], "texture": "#2"},
				"south": {"uv": [0, 1, 0.4, 0], "texture": "#2"},
				"west": {"uv": [0, 1, 0.4, 0], "texture": "#2"},
				"up": {"uv": [0, 1, 0.4, 0], "texture": "#2"}
			}
		},
		{
			"from": [-0.4, 1, 1.1],
			"to": [-0.2, 1.2, 1.9],
			"rotation": {"angle": 0, "axis": "y", "origin": [0, 1, 0]},
			"faces": {
				"north": {"uv": [0, 0, 0.4, 1], "texture": "#1"},
				"south": {"uv": [0, 0, 0.4, 1], "texture": "#1"},
				"west": {"uv": [0, 0, 0.4, 1], "texture": "#1"},
				"up": {"uv": [0, 0, 0.4, 1], "texture": "#1"},
				"down": {"uv": [0, 0, 0.4, 1], "texture": "#1"}
			}
		},
		{
			"from": [-0.4, 3, 1.1],
			"to": [-0.2, 3.2, 1.9],
			"rotation": {"angle": 0, "axis": "y", "origin": [0, 1, 0]},
			"faces": {
				"north": {"uv": [0, 0, 0.4, 1], "texture": "#1"},
				"south": {"uv": [0, 0, 0.4, 1], "texture": "#1"},
				"west": {"uv": [0, 0, 0.4, 1], "texture": "#1"},
				"up": {"uv": [0, 0, 0.4, 1], "texture": "#1"},
				"down": {"uv": [0, 0, 0.4, 1], "texture": "#1"}
			}
		},
		{
			"from": [15.95682, -2.97522, -0.1],
			"to": [16.15682, 6.02478, 16.1],
			"rotation": {"angle": 0, "axis": "y", "origin": [0.15682, 1.02478, 0]},
			"faces": {
				"north": {"uv": [0, 0, 0.4, 1], "texture": "#0"},
				"east": {"uv": [0, 0, 0.4, 1], "texture": "#0"},
				"south": {"uv": [0, 0, 0.4, 1], "texture": "#0"},
				"west": {"uv": [0, 0, 0.4, 1], "texture": "#0"}
			}
		},
		{
			"from": [16.06082, -2.70222, 0.147],
			"to": [16.65282, -1.14822, 1.553],
			"rotation": {"angle": 0, "axis": "y", "origin": [4.36882, 0.25778, 0.221]},
			"faces": {
				"north": {"uv": [0, 0, 0.4, 1], "texture": "#4"},
				"east": {"uv": [0, 0, 0.4, 1], "texture": "#4"},
				"south": {"uv": [0, 0, 0.4, 1], "texture": "#4"},
				"up": {"uv": [0, 0, 0.4, 1], "texture": "#4"},
				"down": {"uv": [0, 0, 0.4, 1], "texture": "#4"}
			}
		},
		{
			"from": [16.23842, -2.23602, 0.5688],
			"to": [17.77522, -1.61442, 1.1312],
			"rotation": {"angle": 0, "axis": "y", "origin": [11.56162, -1.05202, 0.5984]},
			"faces": {
				"north": {"uv": [0, 0, 0.4, 1], "texture": "#4"},
				"south": {"uv": [0, 0, 0.4, 1], "texture": "#4"},
				"up": {"uv": [0, 0, 0.4, 1], "texture": "#4"},
				"down": {"uv": [0, 0, 0.4, 1], "texture": "#4"}
			}
		},
		{
			"from": [21.34418, -5.38031, 0.5688],
			"to": [26.88098, -4.75871, 1.1312],
			"rotation": {"angle": 0, "axis": "y", "origin": [16.66738, -4.19631, 0.5984]},
			"faces": {
				"north": {"uv": [0, 0, 0.4, 1], "texture": "#4"},
				"south": {"uv": [0, 0, 0.4, 1], "texture": "#4"},
				"up": {"uv": [0, 0, 0.4, 1], "texture": "#4"},
				"down": {"uv": [0, 0, 0.4, 1], "texture": "#4"}
			}
		},
		{
			"from": [26.34418, -11.78031, 0.1688],
			"to": [27.88098, -3.65871, 1.5312],
			"rotation": {"angle": 0, "axis": "y", "origin": [16.66738, -4.19631, 0.5984]},
			"faces": {
				"north": {"uv": [0, 0, 0.4, 1], "texture": "#0"},
				"east": {"uv": [0, 0, 0.4, 1], "texture": "#0"},
				"south": {"uv": [0, 0, 0.4, 1], "texture": "#0"},
				"west": {"uv": [0, 0, 0.4, 1], "texture": "#0"},
				"up": {"uv": [0, 0, 0.4, 1], "texture": "#0"},
				"down": {"uv": [0, 0, 0.4, 1], "texture": "#0"}
			}
		},
		{
			"from": [18.34644, -0.48909, 0.5688],
			"to": [19.48324, 0.13251, 1.1312],
			"rotation": {"angle": -22.5, "axis": "z", "origin": [13.66964, 0.69491, 0.5984]},
			"faces": {
				"north": {"uv": [0, 0, 0.4, 1], "texture": "#4"},
				"east": {"uv": [0, 0, 0.4, 1], "texture": "#4"},
				"south": {"uv": [0, 0, 0.4, 1], "texture": "#4"},
				"up": {"uv": [0, 0, 0.4, 1], "texture": "#4"},
				"down": {"uv": [0, 0, 0.4, 1], "texture": "#4"}
			}
		},
		{
			"from": [21.10301, -3.24567, 0.5688],
			"to": [22.23981, -2.62407, 1.1312],
			"rotation": {"angle": -22.5, "axis": "z", "origin": [16.42621, -2.06167, 0.5984]},
			"faces": {
				"north": {"uv": [0, 0, 0.4, 1], "texture": "#4"},
				"south": {"uv": [0, 0, 0.4, 1], "texture": "#4"},
				"west": {"uv": [0, 0, 0.4, 1], "texture": "#4"},
				"up": {"uv": [0, 0, 0.4, 1], "texture": "#4"},
				"down": {"uv": [0, 0, 0.4, 1], "texture": "#4"}
			}
		},
		{
			"from": [20.59297, 0.47122, 0.5688],
			"to": [21.72977, 1.09282, 1.1312],
			"rotation": {"angle": -45, "axis": "z", "origin": [15.91617, 1.65522, 0.5984]},
			"faces": {
				"north": {"uv": [0, 0, 0.4, 1], "texture": "#4"},
				"south": {"uv": [0, 0, 0.4, 1], "texture": "#4"},
				"west": {"uv": [0, 0, 0.4, 1], "texture": "#4"},
				"up": {"uv": [0, 0, 0.4, 1], "texture": "#4"},
				"down": {"uv": [0, 0, 0.4, 1], "texture": "#4"}
			}
		},
		{
			"from": [21.69709, -1.18122, 0.5688],
			"to": [22.83389, -0.55962, 1.1312],
			"rotation": {"angle": -45, "axis": "z", "origin": [17.02029, 0.00278, 0.5984]},
			"faces": {
				"north": {"uv": [0, 0, 0.4, 1], "texture": "#4"},
				"south": {"uv": [0, 0, 0.4, 1], "texture": "#4"},
				"up": {"uv": [0, 0, 0.4, 1], "texture": "#4"},
				"down": {"uv": [0, 0, 0.4, 1], "texture": "#4"}
			}
		},
		{
			"from": [17.17518, -4.13087, 0.5688],
			"to": [17.79678, -2.99407, 1.1312],
			"rotation": {"angle": 22.5, "axis": "z", "origin": [18.35918, 1.68273, 0.5984]},
			"faces": {
				"north": {"uv": [0, 0, 0.4, 1], "rotation": 270, "texture": "#4"},
				"east": {"uv": [0, 0, 0.4, 1], "rotation": 90, "texture": "#4"},
				"south": {"uv": [0, 0, 0.4, 1], "rotation": 90, "texture": "#4"},
				"west": {"uv": [0, 0, 0.4, 1], "rotation": 90, "texture": "#4"}
			}
		},
		{
			"from": [-0.24318, -3.17522, -0.1],
			"to": [16.15682, -2.97522, 16.1],
			"rotation": {"angle": 0, "axis": "y", "origin": [0.15682, 1.02478, 0]},
			"faces": {
				"north": {"uv": [0, 0, 0.4, 1], "texture": "#0"},
				"east": {"uv": [0, 0, 0.4, 1], "texture": "#0"},
				"south": {"uv": [0, 0, 0.4, 1], "texture": "#0"},
				"west": {"uv": [0, 0, 0.4, 1], "texture": "#0"},
				"up": {"uv": [0, 0, 0.4, 1], "texture": "#0"},
				"down": {"uv": [0, 0, 0.4, 1], "texture": "#0"}
			}
		},
		{
			"from": [-0.04318, 5.82478, -0.1],
			"to": [16.05682, 6.02478, 16.1],
			"rotation": {"angle": 0, "axis": "y", "origin": [0.15682, 1.02478, 0]},
			"faces": {
				"north": {"uv": [0, 0, 0.4, 1], "texture": "#0"},
				"south": {"uv": [0, 0, 0.4, 1], "texture": "#0"},
				"up": {"uv": [0, 0, 0.4, 1], "texture": "#0"},
				"down": {"uv": [0, 0, 0.4, 1], "texture": "#0"}
			}
		},
		{
			"from": [-0.04318, 0.82478, -0.1],
			"to": [16.05682, 1.02478, 16.1],
			"rotation": {"angle": 0, "axis": "y", "origin": [0.15682, 1.02478, 0]},
			"faces": {
				"north": {"uv": [0, 0, 0.4, 1], "texture": "#0"},
				"south": {"uv": [0, 0, 0.4, 1], "texture": "#0"},
				"up": {"uv": [0, 0, 0.4, 1], "texture": "#0"},
				"down": {"uv": [0, 0, 0.4, 1], "texture": "#0"}
			}
		},
		{
			"from": [0.44853, 5.56569, -0.1],
			"to": [0.64853, 12.36569, 16.1],
			"rotation": {"angle": -45, "axis": "z", "origin": [0.64853, 6.56569, 0]},
			"faces": {
				"north": {"uv": [0, 0, 0.4, 1], "texture": "#0"},
				"east": {"uv": [0, 0, 0.4, 1], "texture": "#0"},
				"south": {"uv": [0, 0, 0.4, 1], "texture": "#0"},
				"west": {"uv": [0, 0, 0.4, 1], "texture": "#0"}
			}
		},
		{
			"from": [4.45567, 10.24087, -0.1],
			"to": [16.95567, 10.44087, 16.1],
			"rotation": {"angle": -22.5, "axis": "z", "origin": [5.45567, 10.24087, 0]},
			"faces": {
				"north": {"uv": [0, 0, 0.4, 1], "rotation": 270, "texture": "#0"},
				"south": {"uv": [0, 0, 0.4, 1], "rotation": 90, "texture": "#0"},
				"up": {"uv": [0, 0, 0.4, 1], "rotation": 90, "texture": "#0"},
				"down": {"uv": [0, 0, 0.4, 1], "rotation": 90, "texture": "#0"}
			}
		},
		{
			"from": [3.53553, 2.46447, 0],
			"to": [10.13553, 7.46447, 16],
			"rotation": {"angle": 45, "axis": "z", "origin": [3.53553, 2.46447, 0]},
			"faces": {
				"north": {"uv": [0, 0, 0.4, 1], "texture": "#1"},
				"south": {"uv": [0, 0, 0.4, 1], "texture": "#1"}
			}
		},
		{
			"from": [2.49555, 4.44207, 0],
			"to": [14.69555, 9.44207, 16],
			"rotation": {"angle": -22.5, "axis": "z", "origin": [6.69555, 4.44207, 0]},
			"faces": {
				"north": {"uv": [0, 0, 0.4, 1], "texture": "#1"},
				"south": {"uv": [0, 0, 0.4, 1], "texture": "#1"}
			}
		},
		{
			"name": "hexadecagon",
			"from": [-0.44, 4.28, 10.02026],
			"to": [0.04, 5.12, 11.57974],
			"rotation": {"angle": 45, "axis": "x", "origin": [-0.1, 1.2, 10.8]},
			"faces": {
				"east": {"uv": [0, 0, 1, 1], "rotation": 180, "texture": "#4"},
				"west": {"uv": [0, 0, 1, 1], "texture": "#4"},
				"up": {"uv": [0, 0, 1, 1], "rotation": 270, "texture": "#4"},
				"down": {"uv": [0, 0, 1, 1], "rotation": 270, "texture": "#4"}
			}
		},
		{
			"name": "hexadecagon",
			"from": [-0.44, 4.28, 10.02026],
			"to": [0.04, 5.12, 11.57974],
			"rotation": {"angle": 22.5, "axis": "x", "origin": [-0.1, 1.2, 10.8]},
			"faces": {
				"east": {"uv": [0, 0, 1, 1], "rotation": 180, "texture": "#4"},
				"west": {"uv": [0, 0, 1, 1], "texture": "#4"},
				"up": {"uv": [0, 0, 1, 1], "rotation": 270, "texture": "#4"},
				"down": {"uv": [0, 0, 1, 1], "rotation": 270, "texture": "#4"}
			}
		},
		{
			"name": "hexadecagon",
			"from": [-0.44, 4.28, 10.02026],
			"to": [0.04, 5.12, 11.57974],
			"rotation": {"angle": 0, "axis": "y", "origin": [-0.1, 1.2, 10.8]},
			"faces": {
				"west": {"uv": [0, 0, 1, 1], "texture": "#4"},
				"up": {"uv": [0, 0, 1, 1], "rotation": 270, "texture": "#4"},
				"down": {"uv": [0, 0, 1, 1], "rotation": 270, "texture": "#4"}
			}
		},
		{
			"name": "hexadecagon",
			"from": [-0.44, 4.28, 10.02026],
			"to": [0.04, 5.12, 11.57974],
			"rotation": {"angle": -22.5, "axis": "x", "origin": [-0.1, 1.2, 10.8]},
			"faces": {
				"east": {"uv": [0, 0, 1, 1], "rotation": 180, "texture": "#4"},
				"west": {"uv": [0, 0, 1, 1], "texture": "#4"},
				"up": {"uv": [0, 0, 1, 1], "rotation": 270, "texture": "#4"},
				"down": {"uv": [0, 0, 1, 1], "rotation": 270, "texture": "#4"}
			}
		},
		{
			"name": "hexadecagon",
			"from": [-0.44, 4.28, 10.02026],
			"to": [0.04, 5.12, 11.57974],
			"rotation": {"angle": -45, "axis": "x", "origin": [-0.1, 1.2, 10.8]},
			"faces": {
				"east": {"uv": [0, 0, 1, 1], "rotation": 180, "texture": "#4"},
				"west": {"uv": [0, 0, 1, 1], "texture": "#4"},
				"up": {"uv": [0, 0, 1, 1], "rotation": 270, "texture": "#4"},
				"down": {"uv": [0, 0, 1, 1], "rotation": 270, "texture": "#4"}
			}
		},
		{
			"name": "hexadecagon",
			"from": [-0.44, -2.72, 10.02026],
			"to": [0.04, -1.88, 11.57974],
			"rotation": {"angle": 45, "axis": "x", "origin": [-0.1, 1.2, 10.8]},
			"faces": {
				"east": {"uv": [0, 0, 1, 1], "rotation": 180, "texture": "#4"},
				"west": {"uv": [0, 0, 1, 1], "texture": "#4"},
				"up": {"uv": [0, 0, 1, 1], "rotation": 270, "texture": "#4"},
				"down": {"uv": [0, 0, 1, 1], "rotation": 270, "texture": "#4"}
			}
		},
		{
			"name": "hexadecagon",
			"from": [-0.44, -2.72, 10.02026],
			"to": [0.04, -1.88, 11.57974],
			"rotation": {"angle": 22.5, "axis": "x", "origin": [-0.1, 1.2, 10.8]},
			"faces": {
				"east": {"uv": [0, 0, 1, 1], "rotation": 180, "texture": "#4"},
				"west": {"uv": [0, 0, 1, 1], "texture": "#4"},
				"up": {"uv": [0, 0, 1, 1], "rotation": 270, "texture": "#4"},
				"down": {"uv": [0, 0, 1, 1], "rotation": 270, "texture": "#4"}
			}
		},
		{
			"name": "hexadecagon",
			"from": [-0.44, -2.72, 10.02026],
			"to": [0.04, -1.88, 11.57974],
			"rotation": {"angle": 0, "axis": "y", "origin": [-0.1, 1.2, 10.8]},
			"faces": {
				"west": {"uv": [0, 0, 1, 1], "texture": "#4"},
				"up": {"uv": [0, 0, 1, 1], "rotation": 270, "texture": "#4"},
				"down": {"uv": [0, 0, 1, 1], "rotation": 270, "texture": "#4"}
			}
		},
		{
			"name": "hexadecagon",
			"from": [-0.44, -2.72, 10.02026],
			"to": [0.04, -1.88, 11.57974],
			"rotation": {"angle": -22.5, "axis": "x", "origin": [-0.1, 1.2, 10.8]},
			"faces": {
				"east": {"uv": [0, 0, 1, 1], "rotation": 180, "texture": "#4"},
				"west": {"uv": [0, 0, 1, 1], "texture": "#4"},
				"up": {"uv": [0, 0, 1, 1], "rotation": 270, "texture": "#4"},
				"down": {"uv": [0, 0, 1, 1], "rotation": 270, "texture": "#4"}
			}
		},
		{
			"name": "hexadecagon",
			"from": [-0.44, -2.72, 10.02026],
			"to": [0.04, -1.88, 11.57974],
			"rotation": {"angle": -45, "axis": "x", "origin": [-0.1, 1.2, 10.8]},
			"faces": {
				"east": {"uv": [0, 0, 1, 1], "rotation": 180, "texture": "#4"},
				"west": {"uv": [0, 0, 1, 1], "texture": "#4"},
				"up": {"uv": [0, 0, 1, 1], "rotation": 270, "texture": "#4"},
				"down": {"uv": [0, 0, 1, 1], "rotation": 270, "texture": "#4"}
			}
		},
		{
			"name": "hexadecagon",
			"from": [-0.44, 0.42026, 6.88],
			"to": [0.04, 1.97974, 7.72],
			"rotation": {"angle": 22.5, "axis": "x", "origin": [-0.1, 1.2, 10.8]},
			"faces": {
				"north": {"uv": [0, 0, 1, 1], "rotation": 90, "texture": "#4"},
				"east": {"uv": [0, 0, 1, 1], "rotation": 180, "texture": "#4"},
				"south": {"uv": [0, 0, 1, 1], "rotation": 270, "texture": "#4"},
				"west": {"uv": [0, 0, 1, 1], "texture": "#4"}
			}
		},
		{
			"name": "hexadecagon",
			"from": [-0.44, 0.42026, 6.88],
			"to": [0.04, 1.97974, 7.72],
			"rotation": {"angle": 0, "axis": "y", "origin": [-0.1, 1.2, 10.8]},
			"faces": {
				"north": {"uv": [0, 0, 1, 1], "rotation": 90, "texture": "#4"},
				"south": {"uv": [0, 0, 1, 1], "rotation": 270, "texture": "#4"},
				"west": {"uv": [0, 0, 1, 1], "texture": "#4"}
			}
		},
		{
			"name": "hexadecagon",
			"from": [-0.44, 0.42026, 6.88],
			"to": [0.04, 1.97974, 7.72],
			"rotation": {"angle": -22.5, "axis": "x", "origin": [-0.1, 1.2, 10.8]},
			"faces": {
				"north": {"uv": [0, 0, 1, 1], "rotation": 90, "texture": "#4"},
				"east": {"uv": [0, 0, 1, 1], "rotation": 180, "texture": "#4"},
				"south": {"uv": [0, 0, 1, 1], "rotation": 270, "texture": "#4"},
				"west": {"uv": [0, 0, 1, 1], "texture": "#4"}
			}
		},
		{
			"name": "hexadecagon",
			"from": [-0.44, 0.42026, 13.88],
			"to": [0.04, 1.97974, 14.72],
			"rotation": {"angle": 22.5, "axis": "x", "origin": [-0.1, 1.2, 10.8]},
			"faces": {
				"north": {"uv": [0, 0, 1, 1], "rotation": 90, "texture": "#4"},
				"east": {"uv": [0, 0, 1, 1], "rotation": 180, "texture": "#4"},
				"south": {"uv": [0, 0, 1, 1], "rotation": 270, "texture": "#4"},
				"west": {"uv": [0, 0, 1, 1], "texture": "#4"}
			}
		},
		{
			"name": "hexadecagon",
			"from": [-0.44, 0.42026, 13.88],
			"to": [0.04, 1.97974, 14.72],
			"rotation": {"angle": 0, "axis": "y", "origin": [-0.1, 1.2, 10.8]},
			"faces": {
				"north": {"uv": [0, 0, 1, 1], "rotation": 90, "texture": "#4"},
				"south": {"uv": [0, 0, 1, 1], "rotation": 270, "texture": "#4"},
				"west": {"uv": [0, 0, 1, 1], "texture": "#4"}
			}
		},
		{
			"name": "hexadecagon",
			"from": [-0.44, 0.42026, 13.88],
			"to": [0.04, 1.97974, 14.72],
			"rotation": {"angle": -22.5, "axis": "x", "origin": [-0.1, 1.2, 10.8]},
			"faces": {
				"north": {"uv": [0, 0, 1, 1], "rotation": 90, "texture": "#4"},
				"east": {"uv": [0, 0, 1, 1], "rotation": 180, "texture": "#4"},
				"south": {"uv": [0, 0, 1, 1], "rotation": 270, "texture": "#4"},
				"west": {"uv": [0, 0, 1, 1], "texture": "#4"}
			}
		},
		{
			"name": "hexadecagon",
			"from": [-0.2868, 3.1096, 10.31656],
			"to": [-0.1132, 3.6304, 11.28344],
			"rotation": {"angle": 45, "axis": "x", "origin": [-0.2, 1.2, 10.8]},
			"faces": {
				"east": {"uv": [0, 0, 1, 1], "rotation": 180, "texture": "#4"},
				"west": {"uv": [0, 0, 1, 1], "texture": "#4"},
				"up": {"uv": [0, 0, 1, 1], "rotation": 270, "texture": "#4"},
				"down": {"uv": [0, 0, 1, 1], "rotation": 270, "texture": "#4"}
			}
		},
		{
			"name": "hexadecagon",
			"from": [-0.2868, -2.1904, 10.71656],
			"to": [-0.1132, 4.6304, 10.88344],
			"rotation": {"angle": 45, "axis": "x", "origin": [-0.2, 1.2, 10.8]},
			"faces": {
				"north": {"uv": [0, 0, 1, 1], "rotation": 90, "texture": "#4"},
				"east": {"uv": [0, 0, 1, 1], "rotation": 180, "texture": "#4"},
				"south": {"uv": [0, 0, 1, 1], "rotation": 270, "texture": "#4"},
				"west": {"uv": [0, 0, 1, 1], "texture": "#4"}
			}
		},
		{
			"name": "hexadecagon",
			"from": [-0.2868, 1.13071, 7.40374],
			"to": [-0.1132, 1.29758, 14.22454],
			"rotation": {"angle": -22.5, "axis": "x", "origin": [-0.2, 1.21414, 10.81414]},
			"faces": {
				"west": {"uv": [0, 0, 1, 1], "rotation": 90, "texture": "#4"},
				"up": {"uv": [0, 0, 1, 1], "rotation": 270, "texture": "#4"},
				"down": {"uv": [0, 0, 1, 1], "rotation": 270, "texture": "#4"}
			}
		},
		{
			"name": "hexadecagon",
			"from": [-0.2868, 1.13071, 7.40374],
			"to": [-0.1132, 1.29758, 14.22454],
			"rotation": {"angle": 0, "axis": "x", "origin": [-0.2, 1.21414, 10.81414]},
			"faces": {
				"west": {"uv": [0, 0, 1, 1], "rotation": 90, "texture": "#4"},
				"up": {"uv": [0, 0, 1, 1], "rotation": 270, "texture": "#4"},
				"down": {"uv": [0, 0, 1, 1], "rotation": 270, "texture": "#4"}
			}
		},
		{
			"name": "hexadecagon",
			"from": [-0.2868, 1.13071, 7.40374],
			"to": [-0.1132, 1.29758, 14.22454],
			"rotation": {"angle": 22.5, "axis": "x", "origin": [-0.2, 1.21414, 10.81414]},
			"faces": {
				"west": {"uv": [0, 0, 1, 1], "rotation": 90, "texture": "#4"},
				"up": {"uv": [0, 0, 1, 1], "rotation": 270, "texture": "#4"},
				"down": {"uv": [0, 0, 1, 1], "rotation": 270, "texture": "#4"}
			}
		},
		{
			"name": "hexadecagon",
			"from": [-0.2868, 1.13071, 7.40374],
			"to": [-0.1132, 1.29758, 14.22454],
			"rotation": {"angle": 45, "axis": "x", "origin": [-0.2, 1.21414, 10.81414]},
			"faces": {
				"west": {"uv": [0, 0, 1, 1], "rotation": 90, "texture": "#4"},
				"up": {"uv": [0, 0, 1, 1], "rotation": 270, "texture": "#4"},
				"down": {"uv": [0, 0, 1, 1], "rotation": 270, "texture": "#4"}
			}
		},
		{
			"name": "hexadecagon",
			"from": [-0.2868, -2.19626, 10.73071],
			"to": [-0.1132, 4.62454, 10.89758],
			"rotation": {"angle": -22.5, "axis": "x", "origin": [-0.2, 1.21414, 10.81414]},
			"faces": {
				"north": {"uv": [0, 0, 1, 1], "rotation": 90, "texture": "#4"},
				"south": {"uv": [0, 0, 1, 1], "rotation": 270, "texture": "#4"},
				"west": {"uv": [0, 0, 1, 1], "rotation": 180, "texture": "#4"}
			}
		},
		{
			"name": "hexadecagon",
			"from": [-0.2868, -2.19626, 10.73071],
			"to": [-0.1132, 4.62454, 10.89758],
			"rotation": {"angle": 0, "axis": "x", "origin": [-0.2, 1.21414, 10.81414]},
			"faces": {
				"north": {"uv": [0, 0, 1, 1], "rotation": 90, "texture": "#4"},
				"south": {"uv": [0, 0, 1, 1], "rotation": 270, "texture": "#4"},
				"west": {"uv": [0, 0, 1, 1], "rotation": 180, "texture": "#4"}
			}
		},
		{
			"name": "hexadecagon",
			"from": [-0.2868, -2.19626, 10.73071],
			"to": [-0.1132, 4.62454, 10.89758],
			"rotation": {"angle": 22.5, "axis": "x", "origin": [-0.2, 1.21414, 10.81414]},
			"faces": {
				"north": {"uv": [0, 0, 1, 1], "rotation": 90, "texture": "#4"},
				"south": {"uv": [0, 0, 1, 1], "rotation": 270, "texture": "#4"},
				"west": {"uv": [0, 0, 1, 1], "rotation": 180, "texture": "#4"}
			}
		},
		{
			"name": "hexadecagon",
			"from": [-0.2868, 3.1096, 10.31656],
			"to": [-0.1132, 3.6304, 11.28344],
			"rotation": {"angle": 22.5, "axis": "x", "origin": [-0.2, 1.2, 10.8]},
			"faces": {
				"west": {"uv": [0, 0, 1, 1], "texture": "#4"},
				"up": {"uv": [0, 0, 1, 1], "rotation": 270, "texture": "#4"},
				"down": {"uv": [0, 0, 1, 1], "rotation": 270, "texture": "#4"}
			}
		},
		{
			"name": "hexadecagon",
			"from": [-0.2868, 3.1096, 10.31656],
			"to": [-0.1132, 3.6304, 11.28344],
			"rotation": {"angle": 0, "axis": "y", "origin": [-0.2, 1.2, 10.8]},
			"faces": {
				"west": {"uv": [0, 0, 1, 1], "texture": "#4"},
				"up": {"uv": [0, 0, 1, 1], "rotation": 270, "texture": "#4"},
				"down": {"uv": [0, 0, 1, 1], "rotation": 270, "texture": "#4"}
			}
		},
		{
			"name": "hexadecagon",
			"from": [-0.2868, 3.1096, 10.31656],
			"to": [-0.1132, 3.6304, 11.28344],
			"rotation": {"angle": -22.5, "axis": "x", "origin": [-0.2, 1.2, 10.8]},
			"faces": {
				"west": {"uv": [0, 0, 1, 1], "texture": "#4"},
				"up": {"uv": [0, 0, 1, 1], "rotation": 270, "texture": "#4"},
				"down": {"uv": [0, 0, 1, 1], "rotation": 270, "texture": "#4"}
			}
		},
		{
			"name": "hexadecagon",
			"from": [-0.2868, 3.1096, 10.31656],
			"to": [-0.1132, 3.6304, 11.28344],
			"rotation": {"angle": -45, "axis": "x", "origin": [-0.2, 1.2, 10.8]},
			"faces": {
				"east": {"uv": [0, 0, 1, 1], "rotation": 180, "texture": "#4"},
				"west": {"uv": [0, 0, 1, 1], "texture": "#4"},
				"up": {"uv": [0, 0, 1, 1], "rotation": 270, "texture": "#4"},
				"down": {"uv": [0, 0, 1, 1], "rotation": 270, "texture": "#4"}
			}
		},
		{
			"name": "hexadecagon",
			"from": [-0.2868, -1.2304, 10.31656],
			"to": [-0.1132, -0.7096, 11.28344],
			"rotation": {"angle": 45, "axis": "x", "origin": [-0.2, 1.2, 10.8]},
			"faces": {
				"east": {"uv": [0, 0, 1, 1], "rotation": 180, "texture": "#4"},
				"west": {"uv": [0, 0, 1, 1], "texture": "#4"},
				"up": {"uv": [0, 0, 1, 1], "rotation": 270, "texture": "#4"},
				"down": {"uv": [0, 0, 1, 1], "rotation": 270, "texture": "#4"}
			}
		},
		{
			"name": "hexadecagon",
			"from": [-0.2868, -1.2304, 10.31656],
			"to": [-0.1132, -0.7096, 11.28344],
			"rotation": {"angle": 22.5, "axis": "x", "origin": [-0.2, 1.2, 10.8]},
			"faces": {
				"west": {"uv": [0, 0, 1, 1], "texture": "#4"},
				"up": {"uv": [0, 0, 1, 1], "rotation": 270, "texture": "#4"},
				"down": {"uv": [0, 0, 1, 1], "rotation": 270, "texture": "#4"}
			}
		},
		{
			"name": "hexadecagon",
			"from": [-0.2868, -1.2304, 10.31656],
			"to": [-0.1132, -0.7096, 11.28344],
			"rotation": {"angle": 0, "axis": "y", "origin": [-0.2, 1.2, 10.8]},
			"faces": {
				"west": {"uv": [0, 0, 1, 1], "texture": "#4"},
				"up": {"uv": [0, 0, 1, 1], "rotation": 270, "texture": "#4"},
				"down": {"uv": [0, 0, 1, 1], "rotation": 270, "texture": "#4"}
			}
		},
		{
			"name": "hexadecagon",
			"from": [-0.2868, -1.2304, 10.31656],
			"to": [-0.1132, -0.7096, 11.28344],
			"rotation": {"angle": -22.5, "axis": "x", "origin": [-0.2, 1.2, 10.8]},
			"faces": {
				"west": {"uv": [0, 0, 1, 1], "texture": "#4"},
				"up": {"uv": [0, 0, 1, 1], "rotation": 270, "texture": "#4"},
				"down": {"uv": [0, 0, 1, 1], "rotation": 270, "texture": "#4"}
			}
		},
		{
			"name": "hexadecagon",
			"from": [-0.2868, -1.2304, 10.31656],
			"to": [-0.1132, -0.7096, 11.28344],
			"rotation": {"angle": -45, "axis": "x", "origin": [-0.2, 1.2, 10.8]},
			"faces": {
				"east": {"uv": [0, 0, 1, 1], "rotation": 180, "texture": "#4"},
				"west": {"uv": [0, 0, 1, 1], "texture": "#4"},
				"up": {"uv": [0, 0, 1, 1], "rotation": 270, "texture": "#4"},
				"down": {"uv": [0, 0, 1, 1], "rotation": 270, "texture": "#4"}
			}
		},
		{
			"name": "hexadecagon",
			"from": [-0.2868, 0.71656, 8.3696],
			"to": [-0.1132, 1.68344, 8.8904],
			"rotation": {"angle": 22.5, "axis": "x", "origin": [-0.2, 1.2, 10.8]},
			"faces": {
				"north": {"uv": [0, 0, 1, 1], "rotation": 90, "texture": "#4"},
				"south": {"uv": [0, 0, 1, 1], "rotation": 270, "texture": "#4"},
				"west": {"uv": [0, 0, 1, 1], "texture": "#4"}
			}
		},
		{
			"name": "hexadecagon",
			"from": [-0.2868, 0.71656, 8.3696],
			"to": [-0.1132, 1.68344, 8.8904],
			"rotation": {"angle": 0, "axis": "y", "origin": [-0.2, 1.2, 10.8]},
			"faces": {
				"north": {"uv": [0, 0, 1, 1], "rotation": 90, "texture": "#4"},
				"south": {"uv": [0, 0, 1, 1], "rotation": 270, "texture": "#4"},
				"west": {"uv": [0, 0, 1, 1], "texture": "#4"}
			}
		},
		{
			"name": "hexadecagon",
			"from": [-0.2868, 0.71656, 8.3696],
			"to": [-0.1132, 1.68344, 8.8904],
			"rotation": {"angle": -22.5, "axis": "x", "origin": [-0.2, 1.2, 10.8]},
			"faces": {
				"north": {"uv": [0, 0, 1, 1], "rotation": 90, "texture": "#4"},
				"south": {"uv": [0, 0, 1, 1], "rotation": 270, "texture": "#4"},
				"west": {"uv": [0, 0, 1, 1], "texture": "#4"}
			}
		},
		{
			"name": "hexadecagon",
			"from": [-0.2868, 0.71656, 12.7096],
			"to": [-0.1132, 1.68344, 13.2304],
			"rotation": {"angle": 22.5, "axis": "x", "origin": [-0.2, 1.2, 10.8]},
			"faces": {
				"north": {"uv": [0, 0, 1, 1], "rotation": 90, "texture": "#4"},
				"south": {"uv": [0, 0, 1, 1], "rotation": 270, "texture": "#4"},
				"west": {"uv": [0, 0, 1, 1], "texture": "#4"}
			}
		},
		{
			"name": "hexadecagon",
			"from": [-0.2868, 0.71656, 12.7096],
			"to": [-0.1132, 1.68344, 13.2304],
			"rotation": {"angle": 0, "axis": "y", "origin": [-0.2, 1.2, 10.8]},
			"faces": {
				"north": {"uv": [0, 0, 1, 1], "rotation": 90, "texture": "#4"},
				"south": {"uv": [0, 0, 1, 1], "rotation": 270, "texture": "#4"},
				"west": {"uv": [0, 0, 1, 1], "texture": "#4"}
			}
		},
		{
			"name": "hexadecagon",
			"from": [-0.2868, 0.71656, 12.7096],
			"to": [-0.1132, 1.68344, 13.2304],
			"rotation": {"angle": -22.5, "axis": "x", "origin": [-0.2, 1.2, 10.8]},
			"faces": {
				"north": {"uv": [0, 0, 1, 1], "rotation": 90, "texture": "#4"},
				"south": {"uv": [0, 0, 1, 1], "rotation": 270, "texture": "#4"},
				"west": {"uv": [0, 0, 1, 1], "texture": "#4"}
			}
		},
		{
			"name": "hexadecagon",
			"from": [-0.2434, 2.1548, 10.55828],
			"to": [-0.1566, 2.4152, 11.04172],
			"rotation": {"angle": 45, "axis": "x", "origin": [-0.2, 1.2, 10.8]},
			"faces": {
				"east": {"uv": [0, 0, 1, 1], "rotation": 180, "texture": "#4"},
				"west": {"uv": [0, 0, 1, 1], "texture": "#4"},
				"up": {"uv": [0, 0, 1, 1], "rotation": 270, "texture": "#4"},
				"down": {"uv": [0, 0, 1, 1], "rotation": 270, "texture": "#4"}
			}
		},
		{
			"name": "hexadecagon",
			"from": [-0.2434, 2.1548, 10.55828],
			"to": [-0.1566, 2.4152, 11.04172],
			"rotation": {"angle": 22.5, "axis": "x", "origin": [-0.2, 1.2, 10.8]},
			"faces": {
				"west": {"uv": [0, 0, 1, 1], "texture": "#4"},
				"up": {"uv": [0, 0, 1, 1], "rotation": 270, "texture": "#4"},
				"down": {"uv": [0, 0, 1, 1], "rotation": 270, "texture": "#4"}
			}
		},
		{
			"name": "hexadecagon",
			"from": [-0.2434, 2.1548, 10.55828],
			"to": [-0.1566, 2.4152, 11.04172],
			"rotation": {"angle": 0, "axis": "y", "origin": [-0.2, 1.2, 10.8]},
			"faces": {
				"west": {"uv": [0, 0, 1, 1], "texture": "#4"},
				"up": {"uv": [0, 0, 1, 1], "rotation": 270, "texture": "#4"},
				"down": {"uv": [0, 0, 1, 1], "rotation": 270, "texture": "#4"}
			}
		},
		{
			"name": "hexadecagon",
			"from": [-0.2434, 2.1548, 10.55828],
			"to": [-0.1566, 2.4152, 11.04172],
			"rotation": {"angle": -22.5, "axis": "x", "origin": [-0.2, 1.2, 10.8]},
			"faces": {
				"west": {"uv": [0, 0, 1, 1], "texture": "#4"},
				"up": {"uv": [0, 0, 1, 1], "rotation": 270, "texture": "#4"},
				"down": {"uv": [0, 0, 1, 1], "rotation": 270, "texture": "#4"}
			}
		},
		{
			"name": "hexadecagon",
			"from": [-0.2434, 2.1548, 10.55828],
			"to": [-0.1566, 2.4152, 11.04172],
			"rotation": {"angle": -45, "axis": "x", "origin": [-0.2, 1.2, 10.8]},
			"faces": {
				"east": {"uv": [0, 0, 1, 1], "rotation": 180, "texture": "#4"},
				"west": {"uv": [0, 0, 1, 1], "texture": "#4"},
				"up": {"uv": [0, 0, 1, 1], "rotation": 270, "texture": "#4"},
				"down": {"uv": [0, 0, 1, 1], "rotation": 270, "texture": "#4"}
			}
		},
		{
			"name": "hexadecagon",
			"from": [-0.2434, -0.0152, 10.55828],
			"to": [-0.1566, 0.2452, 11.04172],
			"rotation": {"angle": 45, "axis": "x", "origin": [-0.2, 1.2, 10.8]},
			"faces": {
				"east": {"uv": [0, 0, 1, 1], "rotation": 180, "texture": "#4"},
				"west": {"uv": [0, 0, 1, 1], "texture": "#4"},
				"up": {"uv": [0, 0, 1, 1], "rotation": 270, "texture": "#4"},
				"down": {"uv": [0, 0, 1, 1], "rotation": 270, "texture": "#4"}
			}
		},
		{
			"name": "hexadecagon",
			"from": [-0.2434, -0.0152, 10.55828],
			"to": [-0.1566, 0.2452, 11.04172],
			"rotation": {"angle": 22.5, "axis": "x", "origin": [-0.2, 1.2, 10.8]},
			"faces": {
				"west": {"uv": [0, 0, 1, 1], "texture": "#4"},
				"up": {"uv": [0, 0, 1, 1], "rotation": 270, "texture": "#4"},
				"down": {"uv": [0, 0, 1, 1], "rotation": 270, "texture": "#4"}
			}
		},
		{
			"name": "hexadecagon",
			"from": [-0.2434, -0.0152, 10.55828],
			"to": [-0.1566, 0.2452, 11.04172],
			"rotation": {"angle": 0, "axis": "y", "origin": [-0.2, 1.2, 10.8]},
			"faces": {
				"west": {"uv": [0, 0, 1, 1], "texture": "#4"},
				"up": {"uv": [0, 0, 1, 1], "rotation": 270, "texture": "#4"},
				"down": {"uv": [0, 0, 1, 1], "rotation": 270, "texture": "#4"}
			}
		},
		{
			"name": "hexadecagon",
			"from": [-0.2434, -0.0152, 10.55828],
			"to": [-0.1566, 0.2452, 11.04172],
			"rotation": {"angle": -22.5, "axis": "x", "origin": [-0.2, 1.2, 10.8]},
			"faces": {
				"west": {"uv": [0, 0, 1, 1], "texture": "#4"},
				"up": {"uv": [0, 0, 1, 1], "rotation": 270, "texture": "#4"},
				"down": {"uv": [0, 0, 1, 1], "rotation": 270, "texture": "#4"}
			}
		},
		{
			"name": "hexadecagon",
			"from": [-0.2434, -0.0152, 10.55828],
			"to": [-0.1566, 0.2452, 11.04172],
			"rotation": {"angle": -45, "axis": "x", "origin": [-0.2, 1.2, 10.8]},
			"faces": {
				"east": {"uv": [0, 0, 1, 1], "rotation": 180, "texture": "#4"},
				"west": {"uv": [0, 0, 1, 1], "texture": "#4"},
				"up": {"uv": [0, 0, 1, 1], "rotation": 270, "texture": "#4"},
				"down": {"uv": [0, 0, 1, 1], "rotation": 270, "texture": "#4"}
			}
		},
		{
			"name": "hexadecagon",
			"from": [-0.2434, 0.95828, 9.5848],
			"to": [-0.1566, 1.44172, 9.8452],
			"rotation": {"angle": 22.5, "axis": "x", "origin": [-0.2, 1.2, 10.8]},
			"faces": {
				"north": {"uv": [0, 0, 1, 1], "rotation": 90, "texture": "#4"},
				"south": {"uv": [0, 0, 1, 1], "rotation": 270, "texture": "#4"},
				"west": {"uv": [0, 0, 1, 1], "texture": "#4"}
			}
		},
		{
			"name": "hexadecagon",
			"from": [-0.2434, 0.95828, 9.5848],
			"to": [-0.1566, 1.44172, 9.8452],
			"rotation": {"angle": 0, "axis": "y", "origin": [-0.2, 1.2, 10.8]},
			"faces": {
				"north": {"uv": [0, 0, 1, 1], "rotation": 90, "texture": "#4"},
				"south": {"uv": [0, 0, 1, 1], "rotation": 270, "texture": "#4"},
				"west": {"uv": [0, 0, 1, 1], "texture": "#4"}
			}
		},
		{
			"name": "hexadecagon",
			"from": [-0.2434, 0.95828, 9.5848],
			"to": [-0.1566, 1.44172, 9.8452],
			"rotation": {"angle": -22.5, "axis": "x", "origin": [-0.2, 1.2, 10.8]},
			"faces": {
				"north": {"uv": [0, 0, 1, 1], "rotation": 90, "texture": "#4"},
				"south": {"uv": [0, 0, 1, 1], "rotation": 270, "texture": "#4"},
				"west": {"uv": [0, 0, 1, 1], "texture": "#4"}
			}
		},
		{
			"name": "hexadecagon",
			"from": [-0.2434, 0.95828, 11.7548],
			"to": [-0.1566, 1.44172, 12.0152],
			"rotation": {"angle": 22.5, "axis": "x", "origin": [-0.2, 1.2, 10.8]},
			"faces": {
				"north": {"uv": [0, 0, 1, 1], "rotation": 90, "texture": "#4"},
				"south": {"uv": [0, 0, 1, 1], "rotation": 270, "texture": "#4"},
				"west": {"uv": [0, 0, 1, 1], "texture": "#4"}
			}
		},
		{
			"name": "hexadecagon",
			"from": [-0.2434, 0.95828, 11.7548],
			"to": [-0.1566, 1.44172, 12.0152],
			"rotation": {"angle": 0, "axis": "y", "origin": [-0.2, 1.2, 10.8]},
			"faces": {
				"north": {"uv": [0, 0, 1, 1], "rotation": 90, "texture": "#4"},
				"south": {"uv": [0, 0, 1, 1], "rotation": 270, "texture": "#4"},
				"west": {"uv": [0, 0, 1, 1], "texture": "#4"}
			}
		},
		{
			"name": "hexadecagon",
			"from": [-0.2434, 0.95828, 11.7548],
			"to": [-0.1566, 1.44172, 12.0152],
			"rotation": {"angle": -22.5, "axis": "x", "origin": [-0.2, 1.2, 10.8]},
			"faces": {
				"north": {"uv": [0, 0, 1, 1], "rotation": 90, "texture": "#4"},
				"south": {"uv": [0, 0, 1, 1], "rotation": 270, "texture": "#4"},
				"west": {"uv": [0, 0, 1, 1], "texture": "#4"}
			}
		},
		{
			"name": "hexadecagon",
			"from": [-0.229, 0.28153, 7.188],
			"to": [0.029, 1.71847, 14.412],
			"rotation": {"angle": 45, "axis": "x", "origin": [-0.1, 1, 10.8]},
			"faces": {
				"east": {"uv": [1, 6, 2, 7], "rotation": 270, "texture": "#6"},
				"west": {"uv": [1, 6, 2, 7], "rotation": 270, "texture": "#6"}
			}
		},
		{
			"name": "hexadecagon",
			"from": [-0.229, 0.28153, 7.188],
			"to": [0.029, 1.71847, 14.412],
			"rotation": {"angle": 22.5, "axis": "x", "origin": [-0.1, 1, 10.8]},
			"faces": {
				"east": {"uv": [1, 6, 2, 7], "rotation": 270, "texture": "#6"},
				"west": {"uv": [1, 6, 2, 7], "rotation": 270, "texture": "#6"}
			}
		},
		{
			"name": "hexadecagon",
			"from": [-0.229, 0.28153, 7.188],
			"to": [0.029, 1.71847, 14.412],
			"rotation": {"angle": 0, "axis": "y", "origin": [-0.1, 1, 10.8]},
			"faces": {
				"west": {"uv": [1, 6, 2, 7], "rotation": 270, "texture": "#6"}
			}
		},
		{
			"name": "hexadecagon",
			"from": [-0.229, 0.28153, 7.188],
			"to": [0.029, 1.71847, 14.412],
			"rotation": {"angle": -22.5, "axis": "x", "origin": [-0.1, 1, 10.8]},
			"faces": {
				"east": {"uv": [1, 6, 2, 7], "rotation": 270, "texture": "#6"},
				"west": {"uv": [1, 6, 2, 7], "rotation": 270, "texture": "#6"}
			}
		},
		{
			"name": "hexadecagon",
			"from": [-0.229, 0.28153, 7.188],
			"to": [0.029, 1.71847, 14.412],
			"rotation": {"angle": -45, "axis": "x", "origin": [-0.1, 1, 10.8]},
			"faces": {
				"east": {"uv": [1, 6, 2, 7], "rotation": 270, "texture": "#6"},
				"west": {"uv": [1, 6, 2, 7], "rotation": 270, "texture": "#6"}
			}
		},
		{
			"name": "hexadecagon",
			"from": [-0.229, -2.612, 10.08153],
			"to": [0.029, 4.612, 11.51847],
			"rotation": {"angle": 22.5, "axis": "x", "origin": [-0.1, 1, 10.8]},
			"faces": {
				"east": {"uv": [1, 6, 2, 7], "rotation": 270, "texture": "#6"},
				"west": {"uv": [1, 6, 2, 7], "rotation": 270, "texture": "#6"}
			}
		},
		{
			"name": "hexadecagon",
			"from": [-0.229, -2.612, 10.08153],
			"to": [0.029, 4.612, 11.51847],
			"rotation": {"angle": 0, "axis": "y", "origin": [-0.1, 1, 10.8]},
			"faces": {
				"west": {"uv": [1, 6, 2, 7], "rotation": 270, "texture": "#6"}
			}
		},
		{
			"name": "hexadecagon",
			"from": [-0.229, -2.612, 10.08153],
			"to": [0.029, 4.612, 11.51847],
			"rotation": {"angle": -22.5, "axis": "x", "origin": [-0.1, 1, 10.8]},
			"faces": {
				"east": {"uv": [1, 6, 2, 7], "rotation": 270, "texture": "#6"},
				"west": {"uv": [1, 6, 2, 7], "rotation": 270, "texture": "#6"}
			}
		}
	],
	"display": {
		"gui": {
			"rotation": [0, 50, 36],
			"translation": [-1, 4.5, 0],
			"scale": [0.54, 0.54, 0.54]
		},
		"head": {
			"translation": [0, 13.75, 0],
			"scale": [1.24, 1.24, 1.24]
		}
	},
	"groups": [
		{
			"name": "group",
			"origin": [8, 8, 8],
			"color": 0,
			"children": [0, 1, 2, 3, 4, 5, 6, 7, 8, 9, 10, 11, 12, 13, 14, 15, 16, 17, 18, 19, 20, 21, 22, 23, 24, 25, 26, 27, 28, 29, 30, 31, 32, 33, 34, 35, 36, 37, 38, 39, 40, 41, 42]
		},
		{
			"name": "hexadecagon",
			"origin": [8, 8, 8],
			"color": 0,
			"children": [43, 44, 45, 46, 47, 48, 49, 50, 51, 52, 53, 54, 55, 56, 57, 58]
		},
		{
			"name": "hexadecagon",
			"origin": [8, 8, 8],
			"color": 0,
			"children": [59, 60, 61, 62, 63, 64, 65, 66, 67, 68, 69, 70, 71, 72, 73, 74, 75, 76, 77, 78, 79, 80, 81, 82]
		},
		{
			"name": "hexadecagon",
			"origin": [8, 8, 8],
			"color": 0,
			"children": [83, 84, 85, 86, 87, 88, 89, 90, 91, 92, 93, 94, 95, 96, 97, 98]
		},
		{
			"name": "hexadecagon",
			"origin": [8, 8, 8],
			"color": 0,
			"children": [99, 100, 101, 102, 103, 104, 105, 106]
		}
	]
}