{
	"credit": "Waltcraft 3D by Becraft Studios",
	"textures": {
		"0": "block/gray_concrete",
		"4": "block/black_concrete",
		"particle": "block/gray_concrete"
	},
	"elements": [
		{
			"from": [2.76104, 0.3703, 3.65871],
			"to": [12.68104, 4.7103, 12.33871],
			"rotation": {"angle": 0, "axis": "y", "origin": [12.68104, -0.2497, 12.95871]},
			"faces": {
				"east": {"uv": [0, 0, 16, 16], "texture": "#0"},
				"west": {"uv": [0.2397, 0.27965, 15.6804, 15.39076], "texture": "#0"}
			}
		},
		{
			"from": [2.76104, 4.7103, 3.03871],
			"to": [12.68104, 5.3303, 12.95871],
			"rotation": {"angle": 0, "axis": "y", "origin": [12.68104, -0.2497, 12.95871]},
			"faces": {
				"north": {"uv": [0, 0, 16, 8], "texture": "#0"},
				"east": {"uv": [0, 0, 16, 8], "texture": "#0"},
				"south": {"uv": [0, 0, 16, 8], "texture": "#0"},
				"west": {"uv": [0.2397, 0.27965, 15.6804, 15.39076], "texture": "#0"},
				"up": {"uv": [0, 0, 16, 16], "texture": "#0"}
			}
		},
		{
			"from": [2.76104, 5.5783, 3.03871],
			"to": [12.68104, 5.9503, 12.95871],
			"rotation": {"angle": 0, "axis": "y", "origin": [12.68104, -0.2497, 12.95871]},
			"faces": {
				"north": {"uv": [0, 0, 16, 8], "texture": "#0"},
				"east": {"uv": [0, 0, 16, 8], "texture": "#0"},
				"south": {"uv": [0, 0, 16, 8], "texture": "#0"},
				"west": {"uv": [0.2397, 0.27965, 15.6804, 15.39076], "texture": "#0"},
				"up": {"uv": [0, 0, 16, 16], "texture": "#0"},
				"down": {"uv": [0, 0, 16, 16], "texture": "#0"}
			}
		},
		{
			"from": [2.76104, -0.2497, 3.03871],
			"to": [12.68104, 0.3703, 12.95871],
			"rotation": {"angle": 0, "axis": "y", "origin": [12.68104, -0.2497, 12.95871]},
			"faces": {
				"north": {"uv": [0, 0, 16, 8], "texture": "#0"},
				"east": {"uv": [0, 0, 16, 8], "texture": "#0"},
				"south": {"uv": [0, 0, 16, 8], "texture": "#0"},
				"west": {"uv": [0.2397, 0.27965, 15.6804, 15.39076], "texture": "#0"},
				"down": {"uv": [0, 0, 16, 16], "texture": "#0"}
			}
		},
		{
			"from": [2.76104, 0.3703, 12.33871],
			"to": [12.68104, 4.7103, 13.57871],
			"rotation": {"angle": 0, "axis": "y", "origin": [12.68104, -0.2497, 12.95871]},
			"faces": {
				"east": {"uv": [0, 0, 16, 8], "texture": "#0"},
				"south": {"uv": [0, 0, 16, 8], "texture": "#0"},
				"west": {"uv": [0.2397, 0.27965, 15.6804, 15.39076], "texture": "#0"},
				"up": {"uv": [0, 0, 16, 16], "texture": "#0"},
				"down": {"uv": [0, 0, 16, 16], "texture": "#0"}
			}
		},
		{
			"from": [2.76104, 0.3703, 2.41871],
			"to": [12.68104, 4.7103, 3.65871],
			"rotation": {"angle": 0, "axis": "y", "origin": [12.68104, -0.2497, 12.95871]},
			"faces": {
				"north": {"uv": [0, 0, 16, 8], "texture": "#0"},
				"east": {"uv": [0, 0, 16, 8], "texture": "#0"},
				"west": {"uv": [0.2397, 0.27965, 15.6804, 15.39076], "texture": "#0"},
				"up": {"uv": [0, 0, 16, 16], "texture": "#0"},
				"down": {"uv": [0, 0, 16, 16], "texture": "#0"}
			}
		},
		{
			"from": [6.48104, 5.3303, 4.27871],
			"to": [8.96104, 6.5703, 11.71871],
			"rotation": {"angle": 0, "axis": "y", "origin": [12.68104, -0.2497, 12.95871]},
			"faces": {
				"north": {"uv": [0, 0, 4, 2], "texture": "#4"},
				"east": {"uv": [0, 0, 12, 2], "texture": "#4"},
				"south": {"uv": [0, 0, 4, 2], "texture": "#4"},
				"west": {"uv": [0, 0, 12, 2], "texture": "#4"},
				"up": {"uv": [0, 0, 4, 12], "texture": "#4"}
			}
		},
		{
			"from": [6.48104, 13.10234, 13.12205],
			"to": [8.96104, 14.34234, 14.98205],
			"rotation": {"angle": -45, "axis": "x", "origin": [12.68104, 7.52234, 21.80205]},
			"faces": {
				"east": {"uv": [0, 0, 3, 2], "texture": "#4"},
				"west": {"uv": [0, 0, 3, 2], "texture": "#4"},
				"up": {"uv": [0, 0, 4, 3], "texture": "#4"},
				"down": {"uv": [0, 0, 4, 3], "texture": "#4"}
			}
		},
		{
			"from": [6.48104, 6.64552, 11.79393],
			"to": [8.96104, 14.58152, 13.03393],
			"rotation": {"angle": 0, "axis": "y", "origin": [12.68104, -0.29848, 13.03393]},
			"faces": {
				"north": {"uv": [0, 0, 4, 12.8], "texture": "#4"},
				"east": {"uv": [0, 0, 2, 12.8], "texture": "#4"},
				"south": {"uv": [0, 0, 4, 12.8], "texture": "#4"},
				"west": {"uv": [0, 0, 2, 12.8], "texture": "#4"},
				"up": {"uv": [0, 0, 4, 2], "texture": "#4"},
				"down": {"uv": [0, 0, 4, 2], "texture": "#4"}
			}
		},
		{
			"from": [7.17544, 11.8684, 4.08113],
			"to": [8.26664, 12.45864, 12.68673],
			"rotation": {"angle": 0, "axis": "y", "origin": [9.90344, 6.33304, 12.68673]},
			"faces": {
				"east": {"uv": [0, 0, 2, 15.8], "texture": "#4"},
				"west": {"uv": [0, 0, 2, 15.8], "texture": "#4"},
				"up": {"uv": [0, 0, 4, 2], "texture": "#4"},
				"down": {"uv": [0, 0, 4, 2], "texture": "#4"}
			}
		},
		{
			"from": [7.17544, 11.1244, 4.08113],
			"to": [8.26664, 11.71464, 12.68673],
			"rotation": {"angle": 0, "axis": "y", "origin": [9.90344, 6.33304, 12.68673]},
			"faces": {
				"east": {"uv": [0, 0, 2, 15.8], "texture": "#4"},
				"west": {"uv": [0, 0, 2, 15.8], "texture": "#4"},
				"up": {"uv": [0, 0, 4, 2], "texture": "#4"},
				"down": {"uv": [0, 0, 4, 2], "texture": "#4"}
			}
		},
		{
			"from": [6.48104, 6.64552, 2.96349],
			"to": [8.96104, 14.58152, 4.20349],
			"rotation": {"angle": 0, "axis": "y", "origin": [12.68104, -0.29848, 2.96349]},
			"faces": {
				"north": {"uv": [4, 0, 8, 12.8], "texture": "#4"},
				"east": {"uv": [2, 0, 4, 12.8], "texture": "#4"},
				"south": {"uv": [4, 0, 8, 12.8], "texture": "#4"},
				"west": {"uv": [2, 0, 4, 12.8], "texture": "#4"},
				"up": {"uv": [0, 2, 4, 4], "texture": "#4"},
				"down": {"uv": [0, 2, 4, 4], "texture": "#4"}
			}
		},
		{
			"from": [6.48104, 13.10234, 1.01537],
			"to": [8.96104, 14.34234, 2.87537],
			"rotation": {"angle": 45, "axis": "x", "origin": [12.68104, 7.52234, -5.80463]},
			"faces": {
				"east": {"uv": [3, 0, 0, 2], "texture": "#4"},
				"west": {"uv": [3, 0, 0, 2], "texture": "#4"},
				"up": {"uv": [0, 3, 4, 0], "texture": "#4"},
				"down": {"uv": [0, 3, 4, 0], "texture": "#4"}
			}
		}
	],
	"display": {
		"head": {
			"rotation": [0, -90, 0],
			"scale": [1.97, 1.97, 2.42]
		}
	},
	"groups": [
		{
			"name": "group",
			"origin": [8, 8, 8],
			"color": 0,
			"children": []
		},
		{
			"name": "group",
			"origin": [8, 8, 8],
			"color": 0,
			"children": [0, 1, 2, 3, 4, 5, 6, 7, 8, 9, 10, 11, 12]
		},
		{
			"name": "hexadecagon",
			"origin": [8, 8, 8],
			"color": 0,
			"children": []
		},
		{
			"name": "hexadecagon",
			"origin": [8, 8, 8],
			"color": 0,
			"children": []
		},
		{
			"name": "hexadecagon",
			"origin": [8, 8, 8],
			"color": 0,
			"children": []
		},
		{
			"name": "hexadecagon",
			"origin": [8, 8, 8],
			"color": 0,
			"children": []
		},
		{
			"name": "hexadecagon",
			"origin": [8, 8, 8],
			"color": 0,
			"children": []
		}
	]
}