{
	"credit": "Waltcraft 3D by Becraft Studios",
	"parent": "block/block",
	"ambientocclusion": false,
	"textures": {
		"particle": "block/end_rod",
		"end_rod": "block/end_rod"
	},
	"elements": [
		{
			"name": "Element",
			"from": [6, 0, 6.0312],
			"to": [10, 1, 10.0312],
			"faces": {
				"north": {"uv": [2, 6, 6, 7], "texture": "#end_rod"},
				"east": {"uv": [2, 6, 6, 7], "texture": "#end_rod"},
				"south": {"uv": [2, 6, 6, 7], "texture": "#end_rod"},
				"west": {"uv": [2, 6, 6, 7], "texture": "#end_rod"},
				"up": {"uv": [2, 2, 6, 6], "texture": "#end_rod"},
				"down": {"uv": [6, 6, 2, 2], "texture": "#end_rod", "cullface": "down"}
			}
		},
		{
			"name": "Element",
			"from": [8, 1, 6.625],
			"to": [10, 6, 8.625],
			"rotation": {"angle": -45, "axis": "y", "origin": [8, 1, 6.625]},
			"faces": {
				"north": {"uv": [0, 0, 2, 15], "texture": "#end_rod"},
				"east": {"uv": [0, 0, 2, 15], "texture": "#end_rod"},
				"south": {"uv": [0, 0, 2, 15], "texture": "#end_rod"},
				"west": {"uv": [0, 0, 2, 15], "texture": "#end_rod"},
				"up": {"uv": [2, 0, 4, 2], "texture": "#end_rod", "cullface": "up"}
			}
		},
		{
			"name": "Element",
			"from": [7.5, 2.5, 6.125],
			"to": [10.5, 5.5, 9.125],
			"rotation": {"angle": -45, "axis": "y", "origin": [8, 1, 6.625]},
			"faces": {
				"north": {"uv": [0, 0, 2, 15], "texture": "#end_rod"},
				"east": {"uv": [0, 0, 2, 15], "texture": "#end_rod"},
				"south": {"uv": [0, 0, 2, 15], "texture": "#end_rod"},
				"west": {"uv": [0, 0, 2, 15], "texture": "#end_rod"},
				"up": {"uv": [2, 0, 4, 2], "texture": "#end_rod", "cullface": "up"},
				"down": {"uv": [2, 0, 4, 2], "texture": "#end_rod"}
			}
		}
	],
	"display": {
		"thirdperson_righthand": {
			"rotation": [75, 45, 0],
			"translation": [0, 0, 5]
		},
		"thirdperson_lefthand": {
			"rotation": [75, 45, 0],
			"translation": [0, 0, 5]
		},
		"firstperson_righthand": {
			"rotation": [0, 45, 0],
			"translation": [0, 6.9565, 0]
		},
		"firstperson_lefthand": {
			"rotation": [0, 45, 0],
			"translation": [0, 6.9565, 0]
		},
		"ground": {
			"translation": [0, 6.9565, 0]
		},
		"gui": {
			"rotation": [30, 113, 0],
			"translation": [0, 5, 0]
		},
		"head": {
			"rotation": [-60, 0, 0],
			"translation": [0, 5, -9]
		},
		"fixed": {
			"rotation": [-90, 0, 0],
			"translation": [0, 0, -14],
			"scale": [2, 2, 2]
		}
	}
}