{
	"credit": "Made with Blockbench",
	"textures": {
		"0": "divers/pass",
		"1": "logo",
		"particle": "divers/pass"
	},
	"elements": [
		{
			"from": [4, 0, 7],
			"to": [12, 5.5, 8],
			"faces": {
				"north": {"uv": [11.7, 8.34, 11.66, 9.44], "texture": "#0"},
				"east": {"uv": [8.46, 7.44, 9.46, 10.46], "texture": "#0"},
				"south": {"uv": [8.04, 6.22, 16, 11.14], "texture": "#0"},
				"west": {"uv": [15, 7.52, 16, 9.96], "texture": "#0"},
				"up": {"uv": [14.76, 7.8, 15.62, 8.8], "texture": "#0"},
				"down": {"uv": [8.44, 10.38, 13.42, 10.94], "texture": "#0"}
			}
		},
		{
			"from": [7, 2, 6.9],
			"to": [9, 4, 6.9],
			"faces": {
				"north": {"uv": [2.56, 2.56, 13.648, 13.552], "texture": "#1"},
				"east": {"uv": [0, 0, 0, 2], "texture": "#missing"},
				"south": {"uv": [0, 0, 2, 2], "texture": "#missing"},
				"west": {"uv": [0, 0, 0, 2], "texture": "#missing"},
				"up": {"uv": [0, 0, 2, 0], "texture": "#missing"},
				"down": {"uv": [0, 0, 2, 0], "texture": "#missing"}
			}
		}
	],
	"display": {
		"thirdperson_righthand": {
			"translation": [0, 7.25, 0]
		},
		"thirdperson_lefthand": {
			"translation": [0, 7, 0]
		},
		"firstperson_righthand": {
			"translation": [0, 7.25, 0]
		},
		"firstperson_lefthand": {
			"translation": [0, 6.75, 0]
		},
		"ground": {
			"translation": [0, 5, 0]
		},
		"gui": {
			"translation": [0, 6, 0]
		},
		"head": {
			"translation": [0, 1, 0]
		},
		"fixed": {
			"rotation": [0, 180, 0],
			"translation": [0, 4.5, -1.25]
		}
	}
}