{
	"credit": "Made with Blockbench",
	"textures": {
		"0": "divers/pass",
		"1": "logo",
		"particle": "divers/pass"
	},
	"elements": [
		{
			"from": [4, 0, 7],
			"to": [12, 5.5, 8],
			"faces": {
				"north": {"uv": [11.7, 8.34, 11.66, 9.44], "texture": "#0"},
				"east": {"uv": [0.46, 7.44, 1.46, 10.46], "texture": "#0"},
				"south": {"uv": [0, 6.26, 7.96, 11.08], "texture": "#0"},
				"west": {"uv": [6.02, 7.44, 7.02, 9.88], "texture": "#0"},
				"up": {"uv": [6.18, 8, 7.04, 9], "texture": "#0"},
				"down": {"uv": [0, 10.38, 4.98, 10.94], "texture": "#0"}
			}
		},
		{
			"from": [7, 2, 6.9],
			"to": [9, 4, 6.9],
			"faces": {
				"north": {"uv": [2.56, 2.56, 13.648, 13.552], "texture": "#1"},
				"east": {"uv": [0, 0, 0, 2], "texture": "#missing"},
				"south": {"uv": [0, 0, 2, 2], "texture": "#missing"},
				"west": {"uv": [0, 0, 0, 2], "texture": "#missing"},
				"up": {"uv": [0, 0, 2, 0], "texture": "#missing"},
				"down": {"uv": [0, 0, 2, 0], "texture": "#missing"}
			}
		}
	],
	"display": {
		"thirdperson_righthand": {
			"translation": [0, 7.25, 0]
		},
		"thirdperson_lefthand": {
			"translation": [0, 7, 0]
		},
		"firstperson_righthand": {
			"translation": [0, 7.25, 0]
		},
		"firstperson_lefthand": {
			"translation": [0, 6.75, 0]
		},
		"ground": {
			"translation": [0, 5, 0]
		},
		"gui": {
			"translation": [0, 6, 0]
		},
		"head": {
			"translation": [0, 1, 0]
		},
		"fixed": {
			"rotation": [0, 180, 0],
			"translation": [0, 4.5, -1.25]
		}
	}
}