{
	"credit": "Made with Blockbench",
	"textures": {
		"0": "block/andesite",
		"1": "block/dark_prismarine",
		"2": "minedlpbannière",
		"3": "vide",
		"4": "logo",
		"particle": "block/andesite"
	},
	"elements": [
		{
			"from": [-5.6, 0, 4],
			"to": [-2.6, 1, 11],
			"rotation": {"angle": 0, "axis": "y", "origin": [7.4, 8, 15]},
			"faces": {
				"north": {"uv": [2, 0, 3, 1], "texture": "#0"},
				"east": {"uv": [2, 0, 3, 1], "texture": "#0"},
				"south": {"uv": [2, 0, 3, 1], "texture": "#0"},
				"west": {"uv": [2, 0, 3, 1], "texture": "#0"},
				"up": {"uv": [2, 0, 3, 1], "texture": "#0"},
				"down": {"uv": [2, 0, 3, 1], "texture": "#0"}
			}
		},
		{
			"from": [26.9, 0, 4],
			"to": [29.9, 1, 11],
			"rotation": {"angle": 0, "axis": "y", "origin": [27.95, 9.2, 7.5]},
			"faces": {
				"north": {"uv": [2, 0, 3, 1], "texture": "#0"},
				"east": {"uv": [2, 0, 3, 1], "texture": "#0"},
				"south": {"uv": [2, 0, 3, 1], "texture": "#0"},
				"west": {"uv": [2, 0, 3, 1], "texture": "#0"},
				"up": {"uv": [2, 0, 3, 1], "texture": "#0"},
				"down": {"uv": [2, 0, 3, 1], "texture": "#0"}
			}
		},
		{
			"from": [-4.6, 1, 7],
			"to": [-3.6, 12, 8],
			"rotation": {"angle": 0, "axis": "y", "origin": [7.4, 9, 15]},
			"faces": {
				"north": {"uv": [2, 0, 3, 1], "texture": "#0"},
				"east": {"uv": [2, 0, 3, 1], "texture": "#0"},
				"south": {"uv": [2, 0, 3, 1], "texture": "#0"},
				"west": {"uv": [2, 0, 3, 1], "texture": "#0"},
				"up": {"uv": [2, 0, 3, 1], "texture": "#0"},
				"down": {"uv": [2, 0, 3, 1], "texture": "#0"}
			}
		},
		{
			"from": [27.9, 1, 7],
			"to": [28.9, 12, 8],
			"rotation": {"angle": 0, "axis": "y", "origin": [27.95, 9.2, 7.5]},
			"faces": {
				"north": {"uv": [2, 0, 3, 1], "texture": "#0"},
				"east": {"uv": [2, 0, 3, 1], "texture": "#0"},
				"south": {"uv": [2, 0, 3, 1], "texture": "#0"},
				"west": {"uv": [2, 0, 3, 1], "texture": "#0"},
				"up": {"uv": [2, 0, 3, 1], "texture": "#0"},
				"down": {"uv": [2, 0, 3, 1], "texture": "#0"}
			}
		},
		{
			"from": [-2.43295, 6.89451, 7],
			"to": [-1.43295, 7.89451, 8],
			"rotation": {"angle": -22.5, "axis": "z", "origin": [9.31705, 14.89451, 15]},
			"faces": {
				"north": {"uv": [2, 0, 3, 1], "texture": "#0"},
				"east": {"uv": [2, 0, 3, 1], "texture": "#0"},
				"south": {"uv": [2, 0, 3, 1], "texture": "#0"},
				"west": {"uv": [2, 0, 3, 1], "texture": "#0"},
				"up": {"uv": [2, 0, 3, 1], "texture": "#0"},
				"down": {"uv": [2, 0, 3, 1], "texture": "#0"}
			}
		},
		{
			"from": [29.0248, 11.94526, 7],
			"to": [30.0248, 12.94526, 8],
			"rotation": {"angle": 22.5, "axis": "z", "origin": [29.3248, 9.14526, 7.5]},
			"faces": {
				"north": {"uv": [2, 0, 3, 1], "texture": "#0"},
				"east": {"uv": [2, 0, 3, 1], "texture": "#0"},
				"south": {"uv": [2, 0, 3, 1], "texture": "#0"},
				"west": {"uv": [2, 0, 3, 1], "texture": "#0"},
				"up": {"uv": [2, 0, 3, 1], "texture": "#0"},
				"down": {"uv": [2, 0, 3, 1], "texture": "#0"}
			}
		},
		{
			"from": [-11.86376, 15.38403, 7],
			"to": [-10.86376, 16.38403, 8],
			"rotation": {"angle": 45, "axis": "z", "origin": [-3.86376, 23.88403, -4.25]},
			"faces": {
				"north": {"uv": [2, 0, 3, 1], "texture": "#0"},
				"east": {"uv": [2, 0, 3, 1], "texture": "#0"},
				"south": {"uv": [2, 0, 3, 1], "texture": "#0"},
				"west": {"uv": [2, 0, 3, 1], "texture": "#0"},
				"up": {"uv": [2, 0, 3, 1], "rotation": 270, "texture": "#0"},
				"down": {"uv": [2, 0, 3, 1], "rotation": 90, "texture": "#0"}
			}
		},
		{
			"from": [-6.9893, 15.12155, 7],
			"to": [-5.9893, 16.12155, 8],
			"rotation": {"angle": 22.5, "axis": "z", "origin": [1.0107, 23.62155, -4.25]},
			"faces": {
				"north": {"uv": [2, 0, 3, 1], "texture": "#0"},
				"east": {"uv": [2, 0, 3, 1], "texture": "#0"},
				"south": {"uv": [2, 0, 3, 1], "texture": "#0"},
				"west": {"uv": [2, 0, 3, 1], "texture": "#0"},
				"up": {"uv": [2, 0, 3, 1], "rotation": 270, "texture": "#0"},
				"down": {"uv": [2, 0, 3, 1], "rotation": 90, "texture": "#0"}
			}
		},
		{
			"from": [29.90935, 13.74901, 7],
			"to": [30.90935, 14.74901, 8],
			"rotation": {"angle": 45, "axis": "z", "origin": [30.70935, 10.44901, 7.5]},
			"faces": {
				"north": {"uv": [2, 0, 3, 1], "texture": "#0"},
				"east": {"uv": [2, 0, 3, 1], "texture": "#0"},
				"south": {"uv": [2, 0, 3, 1], "texture": "#0"},
				"west": {"uv": [2, 0, 3, 1], "texture": "#0"},
				"up": {"uv": [2, 0, 3, 1], "texture": "#0"},
				"down": {"uv": [2, 0, 3, 1], "texture": "#0"}
			}
		},
		{
			"from": [24.95049, 12.88156, 7],
			"to": [25.95049, 13.88156, 8],
			"rotation": {"angle": -22.5, "axis": "z", "origin": [26.25049, 9.08156, 7.5]},
			"faces": {
				"north": {"uv": [2, 0, 3, 1], "texture": "#0"},
				"east": {"uv": [2, 0, 3, 1], "texture": "#0"},
				"south": {"uv": [2, 0, 3, 1], "texture": "#0"},
				"west": {"uv": [2, 0, 3, 1], "texture": "#0"},
				"up": {"uv": [2, 0, 3, 1], "texture": "#0"},
				"down": {"uv": [2, 0, 3, 1], "texture": "#0"}
			}
		},
		{
			"from": [-2.58633, 13.01367, 7],
			"to": [26.88633, 14.01367, 8],
			"rotation": {"angle": 0, "axis": "y", "origin": [9.16367, 22.76367, 15]},
			"faces": {
				"north": {"uv": [2, 0, 3, 1], "texture": "#0"},
				"east": {"uv": [2, 0, 3, 1], "texture": "#0"},
				"south": {"uv": [2, 0, 3, 1], "texture": "#0"},
				"west": {"uv": [2, 0, 3, 1], "texture": "#0"},
				"up": {"uv": [2, 0, 3, 1], "texture": "#0"},
				"down": {"uv": [2, 0, 3, 1], "texture": "#0"}
			}
		},
		{
			"from": [2.35, 11.5, 6.725],
			"to": [22.025, 14.1, 8.3],
			"rotation": {"angle": 0, "axis": "y", "origin": [4.575, 20.125, 14]},
			"faces": {
				"north": {"uv": [0, 0, 1, 1], "texture": "#1"},
				"east": {"uv": [0, 0, 1, 1], "texture": "#1"},
				"south": {"uv": [0, 0, 1, 1], "texture": "#1"},
				"west": {"uv": [0, 0, 1, 1], "texture": "#1"},
				"up": {"uv": [0, 0, 1, 1], "texture": "#1"},
				"down": {"uv": [0, 0, 1, 1], "texture": "#1"}
			}
		},
		{
			"from": [-3.9, 2.125, 6.725],
			"to": [28.275, 11.525, 7],
			"rotation": {"angle": 0, "axis": "y", "origin": [4.425, 10.125, 14]},
			"faces": {
				"north": {"uv": [0, 0, 1, 1], "texture": "#1"},
				"east": {"uv": [0, 0, 1, 1], "texture": "#1"},
				"south": {"uv": [0, 0, 1, 1], "texture": "#1"},
				"west": {"uv": [0, 0, 1, 1], "texture": "#1"},
				"up": {"uv": [0, 0, 1, 1], "texture": "#1"},
				"down": {"uv": [0, 0, 1, 1], "texture": "#1"}
			}
		},
		{
			"from": [1.525, 2.125, 6.575],
			"to": [22.85, 14.1, 6.625],
			"rotation": {"angle": 0, "axis": "y", "origin": [9.85, 10.125, 13.625]},
			"faces": {
				"north": {"uv": [0, 2.112, 16, 12.832], "texture": "#2"},
				"east": {"uv": [0, 0, 16, 16], "texture": "#3"},
				"south": {"uv": [0, 0, 16, 16], "texture": "#3"},
				"west": {"uv": [0, 0, 16, 16], "texture": "#3"},
				"up": {"uv": [0, 0, 16, 16], "texture": "#3"},
				"down": {"uv": [0, 0, 1, 1], "texture": "#3"}
			}
		},
		{
			"from": [1.525, 2.125, 8.325],
			"to": [22.85, 14.1, 8.375],
			"rotation": {"angle": 0, "axis": "y", "origin": [9.85, 10.125, 15.375]},
			"faces": {
				"north": {"uv": [0, 0, 16, 16], "texture": "#3"},
				"east": {"uv": [0, 0, 16, 16], "texture": "#3"},
				"south": {"uv": [0, 2.24, 16, 13.184], "texture": "#2"},
				"west": {"uv": [0, 0, 16, 16], "texture": "#3"},
				"up": {"uv": [0, 0, 16, 16], "texture": "#3"},
				"down": {"uv": [0, 0, 1, 1], "texture": "#3"}
			}
		},
		{
			"from": [-3.9, 2.125, 8.025],
			"to": [28.275, 11.525, 8.3],
			"rotation": {"angle": 0, "axis": "y", "origin": [4.425, 10.125, 15.3]},
			"faces": {
				"north": {"uv": [0, 0, 1, 1], "texture": "#1"},
				"east": {"uv": [0, 0, 1, 1], "texture": "#1"},
				"south": {"uv": [0, 0, 1, 1], "texture": "#1"},
				"west": {"uv": [0, 0, 1, 1], "texture": "#1"},
				"up": {"uv": [0, 0, 1, 1], "texture": "#1"},
				"down": {"uv": [0, 0, 1, 1], "texture": "#1"}
			}
		},
		{
			"from": [28, 2.125, 6.725],
			"to": [29.025, 3.125, 8.3],
			"rotation": {"angle": 0, "axis": "y", "origin": [36, 10.125, 14.95]},
			"faces": {
				"north": {"uv": [0, 0, 1, 1], "texture": "#1"},
				"east": {"uv": [0, 0, 1, 1], "texture": "#1"},
				"south": {"uv": [0, 0, 1, 1], "texture": "#1"},
				"west": {"uv": [0, 0, 1, 1], "texture": "#1"},
				"up": {"uv": [0, 0, 1, 1], "texture": "#1"},
				"down": {"uv": [0, 0, 1, 1], "texture": "#1"}
			}
		},
		{
			"from": [-4.725, 2.125, 6.725],
			"to": [-3.7, 3.125, 8.3],
			"rotation": {"angle": 0, "axis": "y", "origin": [3.275, 10.125, 14.95]},
			"faces": {
				"north": {"uv": [0, 0, 1, 1], "texture": "#1"},
				"east": {"uv": [0, 0, 1, 1], "texture": "#1"},
				"south": {"uv": [0, 0, 1, 1], "texture": "#1"},
				"west": {"uv": [0, 0, 1, 1], "texture": "#1"},
				"up": {"uv": [0, 0, 1, 1], "texture": "#1"},
				"down": {"uv": [0, 0, 1, 1], "texture": "#1"}
			}
		},
		{
			"from": [28, 9.125, 6.725],
			"to": [29.025, 10.125, 8.3],
			"rotation": {"angle": 0, "axis": "y", "origin": [36, 17.125, 14.95]},
			"faces": {
				"north": {"uv": [0, 0, 1, 1], "texture": "#1"},
				"east": {"uv": [0, 0, 1, 1], "texture": "#1"},
				"south": {"uv": [0, 0, 1, 1], "texture": "#1"},
				"west": {"uv": [0, 0, 1, 1], "texture": "#1"},
				"up": {"uv": [0, 0, 1, 1], "texture": "#1"},
				"down": {"uv": [0, 0, 1, 1], "texture": "#1"}
			}
		},
		{
			"from": [-4.725, 9.125, 6.725],
			"to": [-3.7, 10.125, 8.3],
			"rotation": {"angle": 0, "axis": "y", "origin": [3.275, 17.125, 14.95]},
			"faces": {
				"north": {"uv": [0, 0, 1, 1], "texture": "#1"},
				"east": {"uv": [0, 0, 1, 1], "texture": "#1"},
				"south": {"uv": [0, 0, 1, 1], "texture": "#1"},
				"west": {"uv": [0, 0, 1, 1], "texture": "#1"},
				"up": {"uv": [0, 0, 1, 1], "texture": "#1"},
				"down": {"uv": [0, 0, 1, 1], "texture": "#1"}
			}
		},
		{
			"from": [28, 5.125, 6.725],
			"to": [29.025, 6.125, 8.3],
			"rotation": {"angle": 0, "axis": "y", "origin": [36, 13.125, 14.95]},
			"faces": {
				"north": {"uv": [0, 0, 1, 1], "texture": "#1"},
				"east": {"uv": [0, 0, 1, 1], "texture": "#1"},
				"south": {"uv": [0, 0, 1, 1], "texture": "#1"},
				"west": {"uv": [0, 0, 1, 1], "texture": "#1"},
				"up": {"uv": [0, 0, 1, 1], "texture": "#1"},
				"down": {"uv": [0, 0, 1, 1], "texture": "#1"}
			}
		},
		{
			"from": [-4.725, 5.125, 6.725],
			"to": [-3.7, 6.125, 8.3],
			"rotation": {"angle": 0, "axis": "y", "origin": [3.275, 13.125, 14.95]},
			"faces": {
				"north": {"uv": [0, 0, 1, 1], "texture": "#1"},
				"east": {"uv": [0, 0, 1, 1], "texture": "#1"},
				"south": {"uv": [0, 0, 1, 1], "texture": "#1"},
				"west": {"uv": [0, 0, 1, 1], "texture": "#1"},
				"up": {"uv": [0, 0, 1, 1], "texture": "#1"},
				"down": {"uv": [0, 0, 1, 1], "texture": "#1"}
			}
		},
		{
			"from": [-7.175, 11.05, 6.725],
			"to": [-0.45, 14.05, 8.3],
			"rotation": {"angle": 22.5, "axis": "z", "origin": [0.825, 21.05, 14.725]},
			"faces": {
				"north": {"uv": [0, 0, 1, 1], "texture": "#1"},
				"east": {"uv": [0, 0, 1, 1], "texture": "#1"},
				"south": {"uv": [0, 0, 1, 1], "texture": "#1"},
				"west": {"uv": [0, 0, 1, 1], "texture": "#1"},
				"up": {"uv": [0, 0, 1, 1], "texture": "#1"},
				"down": {"uv": [0, 0, 1, 1], "texture": "#1"}
			}
		},
		{
			"from": [24.1, 7.495, 6.725],
			"to": [30.825, 10.495, 8.3],
			"rotation": {"angle": -22.5, "axis": "z", "origin": [32.125, 17.475, 14.725]},
			"faces": {
				"north": {"uv": [0, 0, 1, 1], "texture": "#1"},
				"east": {"uv": [0, 0, 1, 1], "texture": "#1"},
				"south": {"uv": [0, 0, 1, 1], "texture": "#1"},
				"west": {"uv": [0, 0, 1, 1], "texture": "#1"},
				"up": {"uv": [0, 0, 1, 1], "texture": "#1"},
				"down": {"uv": [0, 0, 1, 1], "texture": "#1"}
			}
		},
		{
			"from": [10, 2.3, 6.7],
			"to": [15, 6.3, 6.7],
			"faces": {
				"north": {"uv": [2.496, 2.56, 13.6, 13.536], "texture": "#4"},
				"east": {"uv": [0, 0, 0, 2], "texture": "#4"},
				"south": {"uv": [0, 0, 2, 2], "texture": "#4"},
				"west": {"uv": [0, 0, 0, 2], "texture": "#4"},
				"up": {"uv": [0, 0, 2, 0], "texture": "#4"},
				"down": {"uv": [0, 0, 2, 0], "texture": "#4"}
			}
		},
		{
			"from": [10, 2.3, 8.7],
			"to": [15, 6.3, 8.7],
			"rotation": {"angle": 0, "axis": "y", "origin": [12.5, 4.3, 8.7]},
			"faces": {
				"north": {"uv": [0, 0, 2, 2], "texture": "#4"},
				"east": {"uv": [0, 0, 0, 2], "texture": "#4"},
				"south": {"uv": [2.496, 2.56, 13.6, 13.536], "texture": "#4"},
				"west": {"uv": [0, 0, 0, 2], "texture": "#4"},
				"up": {"uv": [0, 0, 2, 0], "rotation": 180, "texture": "#4"},
				"down": {"uv": [0, 0, 2, 0], "rotation": 180, "texture": "#4"}
			}
		}
	],
	"display": {
		"thirdperson_righthand": {
			"rotation": [90, 0, 0],
			"translation": [0, 0, 1.5],
			"scale": [1.7, 1.7, 1.67]
		},
		"head": {
			"translation": [-7.5, -24, 0],
			"scale": [2.4, 2.4, 1.65]
		}
	}
}