{
	"credit": "Made with Blockbench",
	"parent": "block/block",
	"ambientocclusion": false,
	"textures": {
		"0": "divers/panneaux/couleur_entrée",
		"1": "block/blue_shulker_box",
		"2": "divers/panneaux/ecrituredisneyentree",
		"4": "divers/panneaux/mick",
		"particle": "block/end_rod",
		"end_rod": "block/end_rod"
	},
	"elements": [
		{
			"from": [1.24499, 10.09304, 7.62477],
			"to": [14.78099, 13.13864, 8.63997],
			"rotation": {"angle": 0, "axis": "y", "origin": [33.00952, 11.97135, 7.79]},
			"faces": {
				"north": {"uv": [3, 3, 13, 13], "rotation": 90, "texture": "#1"},
				"east": {"uv": [0, 0, 16, 16], "rotation": 90, "texture": "#1"},
				"south": {"uv": [0, 0, 16, 16], "rotation": 90, "texture": "#0"},
				"west": {"uv": [0, 0, 16, 16], "rotation": 90, "texture": "#1"},
				"up": {"uv": [0, 0, 16, 16], "rotation": 90, "texture": "#1"},
				"down": {"uv": [0, 0, 16, 16], "rotation": 90, "texture": "#1"}
			}
		},
		{
			"from": [3.95219, 10.76984, 7.59093],
			"to": [12.07379, 12.46184, 7.59093],
			"rotation": {"angle": 0, "axis": "z", "origin": [33.00952, 11.97135, 7.79]},
			"faces": {
				"north": {"uv": [0.6, 10.584, 13.384, 12.904], "texture": "#2"},
				"east": {"uv": [0.216, 13.68, 13, 16], "texture": "#2"},
				"south": {"uv": [0.216, 13.68, 13, 16], "texture": "#2"},
				"west": {"uv": [0.216, 13.68, 13, 16], "texture": "#2"},
				"up": {"uv": [0.216, 13.68, 13, 16], "texture": "#2"},
				"down": {"uv": [0.216, 13.68, 13, 16], "texture": "#2"}
			}
		},
		{
			"from": [3.95219, 10.76984, 7.55709],
			"to": [12.07379, 12.46184, 7.55709],
			"rotation": {"angle": 0, "axis": "z", "origin": [33.00952, 11.97135, 7.79]},
			"faces": {
				"north": {"uv": [0.6, 10.584, 13.384, 12.904], "texture": "#2"},
				"east": {"uv": [0.216, 13.68, 13, 16], "texture": "#2"},
				"south": {"uv": [0.216, 13.68, 13, 16], "texture": "#2"},
				"west": {"uv": [0.216, 13.68, 13, 16], "texture": "#2"},
				"up": {"uv": [0.216, 13.68, 13, 16], "texture": "#2"},
				"down": {"uv": [0.216, 13.68, 13, 16], "texture": "#2"}
			}
		},
		{
			"from": [3.95219, 10.76984, 7.52325],
			"to": [12.07379, 12.46184, 7.52325],
			"rotation": {"angle": 0, "axis": "z", "origin": [33.00952, 11.97135, 7.79]},
			"faces": {
				"north": {"uv": [0.6, 10.584, 13.384, 12.904], "texture": "#2"},
				"east": {"uv": [0.216, 13.68, 13, 16], "texture": "#2"},
				"south": {"uv": [0.216, 13.68, 13, 16], "texture": "#2"},
				"west": {"uv": [0.216, 13.68, 13, 16], "texture": "#2"},
				"up": {"uv": [0.216, 13.68, 13, 16], "texture": "#2"},
				"down": {"uv": [0.216, 13.68, 13, 16], "texture": "#2"}
			}
		},
		{
			"from": [3.95219, 10.76984, 7.48941],
			"to": [12.07379, 12.46184, 7.48941],
			"rotation": {"angle": 0, "axis": "z", "origin": [33.00952, 11.97135, 7.79]},
			"faces": {
				"north": {"uv": [0.6, 10.584, 13.384, 12.904], "texture": "#2"},
				"east": {"uv": [0.216, 13.68, 13, 16], "texture": "#2"},
				"south": {"uv": [0.216, 13.68, 13, 16], "texture": "#2"},
				"west": {"uv": [0.216, 13.68, 13, 16], "texture": "#2"},
				"up": {"uv": [0.216, 13.68, 13, 16], "texture": "#2"},
				"down": {"uv": [0.216, 13.68, 13, 16], "texture": "#2"}
			}
		},
		{
			"from": [3.95219, 10.76984, 7.45557],
			"to": [12.07379, 12.46184, 7.45557],
			"rotation": {"angle": 0, "axis": "z", "origin": [33.00952, 11.97135, 7.79]},
			"faces": {
				"north": {"uv": [0.6, 10.584, 13.384, 12.904], "texture": "#2"},
				"east": {"uv": [0.216, 13.68, 13, 16], "texture": "#2"},
				"south": {"uv": [0.216, 13.68, 13, 16], "texture": "#2"},
				"west": {"uv": [0.216, 13.68, 13, 16], "texture": "#2"},
				"up": {"uv": [0.216, 13.68, 13, 16], "texture": "#2"},
				"down": {"uv": [0.216, 13.68, 13, 16], "texture": "#2"}
			}
		},
		{
			"from": [3.95219, 10.76984, 7.42173],
			"to": [12.07379, 12.46184, 7.42173],
			"rotation": {"angle": 0, "axis": "z", "origin": [33.00952, 11.97135, 7.79]},
			"faces": {
				"north": {"uv": [0.6, 10.584, 13.384, 12.904], "texture": "#2"},
				"east": {"uv": [0.216, 13.68, 13, 16], "texture": "#2"},
				"south": {"uv": [0.216, 13.68, 13, 16], "texture": "#2"},
				"west": {"uv": [0.216, 13.68, 13, 16], "texture": "#2"},
				"up": {"uv": [0.216, 13.68, 13, 16], "texture": "#2"},
				"down": {"uv": [0.216, 13.68, 13, 16], "texture": "#2"}
			}
		},
		{
			"from": [3.95219, 10.76984, 7.38789],
			"to": [12.07379, 12.46184, 7.38789],
			"rotation": {"angle": 0, "axis": "z", "origin": [33.00952, 11.97135, 7.79]},
			"faces": {
				"north": {"uv": [0.6, 10.584, 13.384, 12.904], "texture": "#2"},
				"east": {"uv": [0.216, 13.68, 13, 16], "texture": "#2"},
				"south": {"uv": [0.216, 13.68, 13, 16], "texture": "#2"},
				"west": {"uv": [0.216, 13.68, 13, 16], "texture": "#2"},
				"up": {"uv": [0.216, 13.68, 13, 16], "texture": "#2"},
				"down": {"uv": [0.216, 13.68, 13, 16], "texture": "#2"}
			}
		},
		{
			"from": [3.95219, 10.76984, 7.35405],
			"to": [12.07379, 12.46184, 7.35405],
			"rotation": {"angle": 0, "axis": "z", "origin": [33.00952, 11.97135, 7.79]},
			"faces": {
				"north": {"uv": [0.6, 10.584, 13.384, 12.904], "texture": "#2"},
				"east": {"uv": [0.216, 13.68, 13, 16], "texture": "#2"},
				"south": {"uv": [0.216, 13.68, 13, 16], "texture": "#2"},
				"west": {"uv": [0.216, 13.68, 13, 16], "texture": "#2"},
				"up": {"uv": [0.216, 13.68, 13, 16], "texture": "#2"},
				"down": {"uv": [0.216, 13.68, 13, 16], "texture": "#2"}
			}
		},
		{
			"from": [3.95219, 10.76984, 7.32021],
			"to": [12.07379, 12.46184, 7.32021],
			"rotation": {"angle": 0, "axis": "z", "origin": [33.00952, 11.97135, 7.79]},
			"faces": {
				"north": {"uv": [0.6, 10.584, 13.384, 12.904], "texture": "#2"},
				"east": {"uv": [0.216, 13.68, 13, 16], "texture": "#2"},
				"south": {"uv": [0.216, 13.68, 13, 16], "texture": "#2"},
				"west": {"uv": [0.216, 13.68, 13, 16], "texture": "#2"},
				"up": {"uv": [0.216, 13.68, 13, 16], "texture": "#2"},
				"down": {"uv": [0.216, 13.68, 13, 16], "texture": "#2"}
			}
		},
		{
			"from": [3.95219, 10.76984, 7.28637],
			"to": [12.07379, 12.46184, 7.28637],
			"rotation": {"angle": 0, "axis": "z", "origin": [33.00952, 11.97135, 7.79]},
			"faces": {
				"north": {"uv": [0.6, 10.584, 13.384, 12.904], "texture": "#2"},
				"east": {"uv": [0.216, 13.68, 13, 16], "texture": "#2"},
				"south": {"uv": [0.216, 13.68, 13, 16], "texture": "#2"},
				"west": {"uv": [0.216, 13.68, 13, 16], "texture": "#2"},
				"up": {"uv": [0.216, 13.68, 13, 16], "texture": "#2"},
				"down": {"uv": [0.216, 13.68, 13, 16], "texture": "#2"}
			}
		},
		{
			"from": [3.20771, 10.43144, 7.62477],
			"to": [3.88451, 11.44664, 7.62477],
			"rotation": {"angle": 0, "axis": "z", "origin": [33.00952, 11.97135, 7.79]},
			"faces": {
				"north": {"uv": [13.3008, 12.876, 15.4784, 15.6144], "texture": "#2"},
				"east": {"uv": [0.216, 13.68, 13, 16], "texture": "#2"},
				"south": {"uv": [0.216, 13.68, 13, 16], "texture": "#2"},
				"west": {"uv": [0.216, 13.68, 13, 16], "texture": "#2"},
				"up": {"uv": [0.216, 13.68, 13, 16], "texture": "#2"},
				"down": {"uv": [0.216, 13.68, 13, 16], "texture": "#2"}
			}
		},
		{
			"from": [3.20771, 10.43144, 7.59093],
			"to": [3.88451, 11.44664, 7.59093],
			"rotation": {"angle": 0, "axis": "z", "origin": [33.00952, 11.97135, 7.79]},
			"faces": {
				"north": {"uv": [13.3008, 12.876, 15.4784, 15.6144], "texture": "#2"},
				"east": {"uv": [0.216, 13.68, 13, 16], "texture": "#2"},
				"south": {"uv": [0.216, 13.68, 13, 16], "texture": "#2"},
				"west": {"uv": [0.216, 13.68, 13, 16], "texture": "#2"},
				"up": {"uv": [0.216, 13.68, 13, 16], "texture": "#2"},
				"down": {"uv": [0.216, 13.68, 13, 16], "texture": "#2"}
			}
		},
		{
			"from": [3.20771, 10.43144, 7.52325],
			"to": [3.88451, 11.44664, 7.52325],
			"rotation": {"angle": 0, "axis": "z", "origin": [33.00952, 11.97135, 7.79]},
			"faces": {
				"north": {"uv": [13.3008, 12.876, 15.4784, 15.6144], "texture": "#2"},
				"east": {"uv": [0.216, 13.68, 13, 16], "texture": "#2"},
				"south": {"uv": [0.216, 13.68, 13, 16], "texture": "#2"},
				"west": {"uv": [0.216, 13.68, 13, 16], "texture": "#2"},
				"up": {"uv": [0.216, 13.68, 13, 16], "texture": "#2"},
				"down": {"uv": [0.216, 13.68, 13, 16], "texture": "#2"}
			}
		},
		{
			"from": [3.20771, 10.43144, 7.55709],
			"to": [3.88451, 11.44664, 7.55709],
			"rotation": {"angle": 0, "axis": "z", "origin": [33.00952, 11.97135, 7.79]},
			"faces": {
				"north": {"uv": [13.3008, 12.876, 15.4784, 15.6144], "texture": "#2"},
				"east": {"uv": [0.216, 13.68, 13, 16], "texture": "#2"},
				"south": {"uv": [0.216, 13.68, 13, 16], "texture": "#2"},
				"west": {"uv": [0.216, 13.68, 13, 16], "texture": "#2"},
				"up": {"uv": [0.216, 13.68, 13, 16], "texture": "#2"},
				"down": {"uv": [0.216, 13.68, 13, 16], "texture": "#2"}
			}
		},
		{
			"from": [3.20771, 10.43144, 7.45557],
			"to": [3.88451, 11.44664, 7.45557],
			"rotation": {"angle": 0, "axis": "z", "origin": [33.00952, 11.97135, 7.79]},
			"faces": {
				"north": {"uv": [13.3008, 12.876, 15.4784, 15.6144], "texture": "#2"},
				"east": {"uv": [0.216, 13.68, 13, 16], "texture": "#2"},
				"south": {"uv": [0.216, 13.68, 13, 16], "texture": "#2"},
				"west": {"uv": [0.216, 13.68, 13, 16], "texture": "#2"},
				"up": {"uv": [0.216, 13.68, 13, 16], "texture": "#2"},
				"down": {"uv": [0.216, 13.68, 13, 16], "texture": "#2"}
			}
		},
		{
			"from": [3.20771, 10.43144, 7.48941],
			"to": [3.88451, 11.44664, 7.48941],
			"rotation": {"angle": 0, "axis": "z", "origin": [33.00952, 11.97135, 7.79]},
			"faces": {
				"north": {"uv": [13.3008, 12.876, 15.4784, 15.6144], "texture": "#2"},
				"east": {"uv": [0.216, 13.68, 13, 16], "texture": "#2"},
				"south": {"uv": [0.216, 13.68, 13, 16], "texture": "#2"},
				"west": {"uv": [0.216, 13.68, 13, 16], "texture": "#2"},
				"up": {"uv": [0.216, 13.68, 13, 16], "texture": "#2"},
				"down": {"uv": [0.216, 13.68, 13, 16], "texture": "#2"}
			}
		},
		{
			"from": [3.20771, 10.43144, 7.38789],
			"to": [3.88451, 11.44664, 7.38789],
			"rotation": {"angle": 0, "axis": "z", "origin": [33.00952, 11.97135, 7.79]},
			"faces": {
				"north": {"uv": [13.3008, 12.876, 15.4784, 15.6144], "texture": "#2"},
				"east": {"uv": [0.216, 13.68, 13, 16], "texture": "#2"},
				"south": {"uv": [0.216, 13.68, 13, 16], "texture": "#2"},
				"west": {"uv": [0.216, 13.68, 13, 16], "texture": "#2"},
				"up": {"uv": [0.216, 13.68, 13, 16], "texture": "#2"},
				"down": {"uv": [0.216, 13.68, 13, 16], "texture": "#2"}
			}
		},
		{
			"from": [3.20771, 10.43144, 7.42173],
			"to": [3.88451, 11.44664, 7.42173],
			"rotation": {"angle": 0, "axis": "z", "origin": [33.00952, 11.97135, 7.79]},
			"faces": {
				"north": {"uv": [13.3008, 12.876, 15.4784, 15.6144], "texture": "#2"},
				"east": {"uv": [0.216, 13.68, 13, 16], "texture": "#2"},
				"south": {"uv": [0.216, 13.68, 13, 16], "texture": "#2"},
				"west": {"uv": [0.216, 13.68, 13, 16], "texture": "#2"},
				"up": {"uv": [0.216, 13.68, 13, 16], "texture": "#2"},
				"down": {"uv": [0.216, 13.68, 13, 16], "texture": "#2"}
			}
		},
		{
			"from": [3.20771, 10.43144, 7.32021],
			"to": [3.88451, 11.44664, 7.32021],
			"rotation": {"angle": 0, "axis": "z", "origin": [33.00952, 11.97135, 7.79]},
			"faces": {
				"north": {"uv": [13.3008, 12.876, 15.4784, 15.6144], "texture": "#2"},
				"east": {"uv": [0.216, 13.68, 13, 16], "texture": "#2"},
				"south": {"uv": [0.216, 13.68, 13, 16], "texture": "#2"},
				"west": {"uv": [0.216, 13.68, 13, 16], "texture": "#2"},
				"up": {"uv": [0.216, 13.68, 13, 16], "texture": "#2"},
				"down": {"uv": [0.216, 13.68, 13, 16], "texture": "#2"}
			}
		},
		{
			"from": [3.20771, 10.43144, 7.35405],
			"to": [3.88451, 11.44664, 7.35405],
			"rotation": {"angle": 0, "axis": "z", "origin": [33.00952, 11.97135, 7.79]},
			"faces": {
				"north": {"uv": [13.3008, 12.876, 15.4784, 15.6144], "texture": "#2"},
				"east": {"uv": [0.216, 13.68, 13, 16], "texture": "#2"},
				"south": {"uv": [0.216, 13.68, 13, 16], "texture": "#2"},
				"west": {"uv": [0.216, 13.68, 13, 16], "texture": "#2"},
				"up": {"uv": [0.216, 13.68, 13, 16], "texture": "#2"},
				"down": {"uv": [0.216, 13.68, 13, 16], "texture": "#2"}
			}
		},
		{
			"from": [2.26019, 11.78504, 7.62477],
			"to": [2.93699, 12.80024, 7.62477],
			"rotation": {"angle": 0, "axis": "z", "origin": [33.00952, 11.97135, 7.79]},
			"faces": {
				"north": {"uv": [13.3008, 12.876, 15.4784, 15.6144], "texture": "#2"},
				"east": {"uv": [0.216, 13.68, 13, 16], "texture": "#2"},
				"south": {"uv": [0.216, 13.68, 13, 16], "texture": "#2"},
				"west": {"uv": [0.216, 13.68, 13, 16], "texture": "#2"},
				"up": {"uv": [0.216, 13.68, 13, 16], "texture": "#2"},
				"down": {"uv": [0.216, 13.68, 13, 16], "texture": "#2"}
			}
		},
		{
			"from": [2.26019, 11.78504, 7.59093],
			"to": [2.93699, 12.80024, 7.59093],
			"rotation": {"angle": 0, "axis": "z", "origin": [33.00952, 11.97135, 7.79]},
			"faces": {
				"north": {"uv": [13.3008, 12.876, 15.4784, 15.6144], "texture": "#2"},
				"east": {"uv": [0.216, 13.68, 13, 16], "texture": "#2"},
				"south": {"uv": [0.216, 13.68, 13, 16], "texture": "#2"},
				"west": {"uv": [0.216, 13.68, 13, 16], "texture": "#2"},
				"up": {"uv": [0.216, 13.68, 13, 16], "texture": "#2"},
				"down": {"uv": [0.216, 13.68, 13, 16], "texture": "#2"}
			}
		},
		{
			"from": [2.26019, 11.78504, 7.55709],
			"to": [2.93699, 12.80024, 7.55709],
			"rotation": {"angle": 0, "axis": "z", "origin": [33.00952, 11.97135, 7.79]},
			"faces": {
				"north": {"uv": [13.3008, 12.876, 15.4784, 15.6144], "texture": "#2"},
				"east": {"uv": [0.216, 13.68, 13, 16], "texture": "#2"},
				"south": {"uv": [0.216, 13.68, 13, 16], "texture": "#2"},
				"west": {"uv": [0.216, 13.68, 13, 16], "texture": "#2"},
				"up": {"uv": [0.216, 13.68, 13, 16], "texture": "#2"},
				"down": {"uv": [0.216, 13.68, 13, 16], "texture": "#2"}
			}
		},
		{
			"from": [2.26019, 11.78504, 7.52325],
			"to": [2.93699, 12.80024, 7.52325],
			"rotation": {"angle": 0, "axis": "z", "origin": [33.00952, 11.97135, 7.79]},
			"faces": {
				"north": {"uv": [13.3008, 12.876, 15.4784, 15.6144], "texture": "#2"},
				"east": {"uv": [0.216, 13.68, 13, 16], "texture": "#2"},
				"south": {"uv": [0.216, 13.68, 13, 16], "texture": "#2"},
				"west": {"uv": [0.216, 13.68, 13, 16], "texture": "#2"},
				"up": {"uv": [0.216, 13.68, 13, 16], "texture": "#2"},
				"down": {"uv": [0.216, 13.68, 13, 16], "texture": "#2"}
			}
		},
		{
			"from": [2.26019, 11.78504, 7.48941],
			"to": [2.93699, 12.80024, 7.48941],
			"rotation": {"angle": 0, "axis": "z", "origin": [33.00952, 11.97135, 7.79]},
			"faces": {
				"north": {"uv": [13.3008, 12.876, 15.4784, 15.6144], "texture": "#2"},
				"east": {"uv": [0.216, 13.68, 13, 16], "texture": "#2"},
				"south": {"uv": [0.216, 13.68, 13, 16], "texture": "#2"},
				"west": {"uv": [0.216, 13.68, 13, 16], "texture": "#2"},
				"up": {"uv": [0.216, 13.68, 13, 16], "texture": "#2"},
				"down": {"uv": [0.216, 13.68, 13, 16], "texture": "#2"}
			}
		},
		{
			"from": [2.26019, 11.78504, 7.45557],
			"to": [2.93699, 12.80024, 7.45557],
			"rotation": {"angle": 0, "axis": "z", "origin": [33.00952, 11.97135, 7.79]},
			"faces": {
				"north": {"uv": [13.3008, 12.876, 15.4784, 15.6144], "texture": "#2"},
				"east": {"uv": [0.216, 13.68, 13, 16], "texture": "#2"},
				"south": {"uv": [0.216, 13.68, 13, 16], "texture": "#2"},
				"west": {"uv": [0.216, 13.68, 13, 16], "texture": "#2"},
				"up": {"uv": [0.216, 13.68, 13, 16], "texture": "#2"},
				"down": {"uv": [0.216, 13.68, 13, 16], "texture": "#2"}
			}
		},
		{
			"from": [2.26019, 11.78504, 7.42173],
			"to": [2.93699, 12.80024, 7.42173],
			"rotation": {"angle": 0, "axis": "z", "origin": [33.00952, 11.97135, 7.79]},
			"faces": {
				"north": {"uv": [13.3008, 12.876, 15.4784, 15.6144], "texture": "#2"},
				"east": {"uv": [0.216, 13.68, 13, 16], "texture": "#2"},
				"south": {"uv": [0.216, 13.68, 13, 16], "texture": "#2"},
				"west": {"uv": [0.216, 13.68, 13, 16], "texture": "#2"},
				"up": {"uv": [0.216, 13.68, 13, 16], "texture": "#2"},
				"down": {"uv": [0.216, 13.68, 13, 16], "texture": "#2"}
			}
		},
		{
			"from": [2.26019, 11.78504, 7.38789],
			"to": [2.93699, 12.80024, 7.38789],
			"rotation": {"angle": 0, "axis": "z", "origin": [33.00952, 11.97135, 7.79]},
			"faces": {
				"north": {"uv": [13.3008, 12.876, 15.4784, 15.6144], "texture": "#2"},
				"east": {"uv": [0.216, 13.68, 13, 16], "texture": "#2"},
				"south": {"uv": [0.216, 13.68, 13, 16], "texture": "#2"},
				"west": {"uv": [0.216, 13.68, 13, 16], "texture": "#2"},
				"up": {"uv": [0.216, 13.68, 13, 16], "texture": "#2"},
				"down": {"uv": [0.216, 13.68, 13, 16], "texture": "#2"}
			}
		},
		{
			"from": [2.26019, 11.78504, 7.35405],
			"to": [2.93699, 12.80024, 7.35405],
			"rotation": {"angle": 0, "axis": "z", "origin": [33.00952, 11.97135, 7.79]},
			"faces": {
				"north": {"uv": [13.3008, 12.876, 15.4784, 15.6144], "texture": "#2"},
				"east": {"uv": [0.216, 13.68, 13, 16], "texture": "#2"},
				"south": {"uv": [0.216, 13.68, 13, 16], "texture": "#2"},
				"west": {"uv": [0.216, 13.68, 13, 16], "texture": "#2"},
				"up": {"uv": [0.216, 13.68, 13, 16], "texture": "#2"},
				"down": {"uv": [0.216, 13.68, 13, 16], "texture": "#2"}
			}
		},
		{
			"from": [2.26019, 11.78504, 7.32021],
			"to": [2.93699, 12.80024, 7.32021],
			"rotation": {"angle": 0, "axis": "z", "origin": [33.00952, 11.97135, 7.79]},
			"faces": {
				"north": {"uv": [13.3008, 12.876, 15.4784, 15.6144], "texture": "#2"},
				"east": {"uv": [0.216, 13.68, 13, 16], "texture": "#2"},
				"south": {"uv": [0.216, 13.68, 13, 16], "texture": "#2"},
				"west": {"uv": [0.216, 13.68, 13, 16], "texture": "#2"},
				"up": {"uv": [0.216, 13.68, 13, 16], "texture": "#2"},
				"down": {"uv": [0.216, 13.68, 13, 16], "texture": "#2"}
			}
		},
		{
			"from": [12.00611, 11.68352, 7.62477],
			"to": [12.68291, 12.69872, 7.62477],
			"rotation": {"angle": 0, "axis": "z", "origin": [33.00952, 11.97135, 7.79]},
			"faces": {
				"north": {"uv": [13.3008, 12.876, 15.4784, 15.6144], "texture": "#2"},
				"east": {"uv": [0.216, 13.68, 13, 16], "texture": "#2"},
				"south": {"uv": [0.216, 13.68, 13, 16], "texture": "#2"},
				"west": {"uv": [0.216, 13.68, 13, 16], "texture": "#2"},
				"up": {"uv": [0.216, 13.68, 13, 16], "texture": "#2"},
				"down": {"uv": [0.216, 13.68, 13, 16], "texture": "#2"}
			}
		},
		{
			"from": [12.00611, 11.68352, 7.59093],
			"to": [12.68291, 12.69872, 7.59093],
			"rotation": {"angle": 0, "axis": "z", "origin": [33.00952, 11.97135, 7.79]},
			"faces": {
				"north": {"uv": [13.3008, 12.876, 15.4784, 15.6144], "texture": "#2"},
				"east": {"uv": [0.216, 13.68, 13, 16], "texture": "#2"},
				"south": {"uv": [0.216, 13.68, 13, 16], "texture": "#2"},
				"west": {"uv": [0.216, 13.68, 13, 16], "texture": "#2"},
				"up": {"uv": [0.216, 13.68, 13, 16], "texture": "#2"},
				"down": {"uv": [0.216, 13.68, 13, 16], "texture": "#2"}
			}
		},
		{
			"from": [12.00611, 11.68352, 7.55709],
			"to": [12.68291, 12.69872, 7.55709],
			"rotation": {"angle": 0, "axis": "z", "origin": [33.00952, 11.97135, 7.79]},
			"faces": {
				"north": {"uv": [13.3008, 12.876, 15.4784, 15.6144], "texture": "#2"},
				"east": {"uv": [0.216, 13.68, 13, 16], "texture": "#2"},
				"south": {"uv": [0.216, 13.68, 13, 16], "texture": "#2"},
				"west": {"uv": [0.216, 13.68, 13, 16], "texture": "#2"},
				"up": {"uv": [0.216, 13.68, 13, 16], "texture": "#2"},
				"down": {"uv": [0.216, 13.68, 13, 16], "texture": "#2"}
			}
		},
		{
			"from": [12.00611, 11.68352, 7.52325],
			"to": [12.68291, 12.69872, 7.52325],
			"rotation": {"angle": 0, "axis": "z", "origin": [33.00952, 11.97135, 7.79]},
			"faces": {
				"north": {"uv": [13.3008, 12.876, 15.4784, 15.6144], "texture": "#2"},
				"east": {"uv": [0.216, 13.68, 13, 16], "texture": "#2"},
				"south": {"uv": [0.216, 13.68, 13, 16], "texture": "#2"},
				"west": {"uv": [0.216, 13.68, 13, 16], "texture": "#2"},
				"up": {"uv": [0.216, 13.68, 13, 16], "texture": "#2"},
				"down": {"uv": [0.216, 13.68, 13, 16], "texture": "#2"}
			}
		},
		{
			"from": [12.00611, 11.68352, 7.48941],
			"to": [12.68291, 12.69872, 7.48941],
			"rotation": {"angle": 0, "axis": "z", "origin": [33.00952, 11.97135, 7.79]},
			"faces": {
				"north": {"uv": [13.3008, 12.876, 15.4784, 15.6144], "texture": "#2"},
				"east": {"uv": [0.216, 13.68, 13, 16], "texture": "#2"},
				"south": {"uv": [0.216, 13.68, 13, 16], "texture": "#2"},
				"west": {"uv": [0.216, 13.68, 13, 16], "texture": "#2"},
				"up": {"uv": [0.216, 13.68, 13, 16], "texture": "#2"},
				"down": {"uv": [0.216, 13.68, 13, 16], "texture": "#2"}
			}
		},
		{
			"from": [12.00611, 11.68352, 7.45557],
			"to": [12.68291, 12.69872, 7.45557],
			"rotation": {"angle": 0, "axis": "z", "origin": [33.00952, 11.97135, 7.79]},
			"faces": {
				"north": {"uv": [13.3008, 12.876, 15.4784, 15.6144], "texture": "#2"},
				"east": {"uv": [0.216, 13.68, 13, 16], "texture": "#2"},
				"south": {"uv": [0.216, 13.68, 13, 16], "texture": "#2"},
				"west": {"uv": [0.216, 13.68, 13, 16], "texture": "#2"},
				"up": {"uv": [0.216, 13.68, 13, 16], "texture": "#2"},
				"down": {"uv": [0.216, 13.68, 13, 16], "texture": "#2"}
			}
		},
		{
			"from": [12.00611, 11.68352, 7.42173],
			"to": [12.68291, 12.69872, 7.42173],
			"rotation": {"angle": 0, "axis": "z", "origin": [33.00952, 11.97135, 7.79]},
			"faces": {
				"north": {"uv": [13.3008, 12.876, 15.4784, 15.6144], "texture": "#2"},
				"east": {"uv": [0.216, 13.68, 13, 16], "texture": "#2"},
				"south": {"uv": [0.216, 13.68, 13, 16], "texture": "#2"},
				"west": {"uv": [0.216, 13.68, 13, 16], "texture": "#2"},
				"up": {"uv": [0.216, 13.68, 13, 16], "texture": "#2"},
				"down": {"uv": [0.216, 13.68, 13, 16], "texture": "#2"}
			}
		},
		{
			"from": [12.00611, 11.68352, 7.38789],
			"to": [12.68291, 12.69872, 7.38789],
			"rotation": {"angle": 0, "axis": "z", "origin": [33.00952, 11.97135, 7.79]},
			"faces": {
				"north": {"uv": [13.3008, 12.876, 15.4784, 15.6144], "texture": "#2"},
				"east": {"uv": [0.216, 13.68, 13, 16], "texture": "#2"},
				"south": {"uv": [0.216, 13.68, 13, 16], "texture": "#2"},
				"west": {"uv": [0.216, 13.68, 13, 16], "texture": "#2"},
				"up": {"uv": [0.216, 13.68, 13, 16], "texture": "#2"},
				"down": {"uv": [0.216, 13.68, 13, 16], "texture": "#2"}
			}
		},
		{
			"from": [12.00611, 11.68352, 7.35405],
			"to": [12.68291, 12.69872, 7.35405],
			"rotation": {"angle": 0, "axis": "z", "origin": [33.00952, 11.97135, 7.79]},
			"faces": {
				"north": {"uv": [13.3008, 12.876, 15.4784, 15.6144], "texture": "#2"},
				"east": {"uv": [0.216, 13.68, 13, 16], "texture": "#2"},
				"south": {"uv": [0.216, 13.68, 13, 16], "texture": "#2"},
				"west": {"uv": [0.216, 13.68, 13, 16], "texture": "#2"},
				"up": {"uv": [0.216, 13.68, 13, 16], "texture": "#2"},
				"down": {"uv": [0.216, 13.68, 13, 16], "texture": "#2"}
			}
		},
		{
			"from": [12.00611, 11.68352, 7.32021],
			"to": [12.68291, 12.69872, 7.32021],
			"rotation": {"angle": 0, "axis": "z", "origin": [33.00952, 11.97135, 7.79]},
			"faces": {
				"north": {"uv": [13.3008, 12.876, 15.4784, 15.6144], "texture": "#2"},
				"east": {"uv": [0.216, 13.68, 13, 16], "texture": "#2"},
				"south": {"uv": [0.216, 13.68, 13, 16], "texture": "#2"},
				"west": {"uv": [0.216, 13.68, 13, 16], "texture": "#2"},
				"up": {"uv": [0.216, 13.68, 13, 16], "texture": "#2"},
				"down": {"uv": [0.216, 13.68, 13, 16], "texture": "#2"}
			}
		},
		{
			"from": [13.35971, 10.66832, 7.32021],
			"to": [14.03651, 11.68352, 7.32021],
			"rotation": {"angle": 0, "axis": "z", "origin": [33.00952, 11.97135, 7.79]},
			"faces": {
				"north": {"uv": [13.3008, 12.876, 15.4784, 15.6144], "texture": "#2"},
				"east": {"uv": [0.216, 13.68, 13, 16], "texture": "#2"},
				"south": {"uv": [0.216, 13.68, 13, 16], "texture": "#2"},
				"west": {"uv": [0.216, 13.68, 13, 16], "texture": "#2"},
				"up": {"uv": [0.216, 13.68, 13, 16], "texture": "#2"},
				"down": {"uv": [0.216, 13.68, 13, 16], "texture": "#2"}
			}
		},
		{
			"from": [13.35971, 10.66832, 7.35405],
			"to": [14.03651, 11.68352, 7.35405],
			"rotation": {"angle": 0, "axis": "z", "origin": [33.00952, 11.97135, 7.79]},
			"faces": {
				"north": {"uv": [13.3008, 12.876, 15.4784, 15.6144], "texture": "#2"},
				"east": {"uv": [0.216, 13.68, 13, 16], "texture": "#2"},
				"south": {"uv": [0.216, 13.68, 13, 16], "texture": "#2"},
				"west": {"uv": [0.216, 13.68, 13, 16], "texture": "#2"},
				"up": {"uv": [0.216, 13.68, 13, 16], "texture": "#2"},
				"down": {"uv": [0.216, 13.68, 13, 16], "texture": "#2"}
			}
		},
		{
			"from": [13.35971, 10.66832, 7.38789],
			"to": [14.03651, 11.68352, 7.38789],
			"rotation": {"angle": 0, "axis": "z", "origin": [33.00952, 11.97135, 7.79]},
			"faces": {
				"north": {"uv": [13.3008, 12.876, 15.4784, 15.6144], "texture": "#2"},
				"east": {"uv": [0.216, 13.68, 13, 16], "texture": "#2"},
				"south": {"uv": [0.216, 13.68, 13, 16], "texture": "#2"},
				"west": {"uv": [0.216, 13.68, 13, 16], "texture": "#2"},
				"up": {"uv": [0.216, 13.68, 13, 16], "texture": "#2"},
				"down": {"uv": [0.216, 13.68, 13, 16], "texture": "#2"}
			}
		},
		{
			"from": [13.35971, 10.66832, 7.42173],
			"to": [14.03651, 11.68352, 7.42173],
			"rotation": {"angle": 0, "axis": "z", "origin": [33.00952, 11.97135, 7.79]},
			"faces": {
				"north": {"uv": [13.3008, 12.876, 15.4784, 15.6144], "texture": "#2"},
				"east": {"uv": [0.216, 13.68, 13, 16], "texture": "#2"},
				"south": {"uv": [0.216, 13.68, 13, 16], "texture": "#2"},
				"west": {"uv": [0.216, 13.68, 13, 16], "texture": "#2"},
				"up": {"uv": [0.216, 13.68, 13, 16], "texture": "#2"},
				"down": {"uv": [0.216, 13.68, 13, 16], "texture": "#2"}
			}
		},
		{
			"from": [13.35971, 10.66832, 7.45557],
			"to": [14.03651, 11.68352, 7.45557],
			"rotation": {"angle": 0, "axis": "z", "origin": [33.00952, 11.97135, 7.79]},
			"faces": {
				"north": {"uv": [13.3008, 12.876, 15.4784, 15.6144], "texture": "#2"},
				"east": {"uv": [0.216, 13.68, 13, 16], "texture": "#2"},
				"south": {"uv": [0.216, 13.68, 13, 16], "texture": "#2"},
				"west": {"uv": [0.216, 13.68, 13, 16], "texture": "#2"},
				"up": {"uv": [0.216, 13.68, 13, 16], "texture": "#2"},
				"down": {"uv": [0.216, 13.68, 13, 16], "texture": "#2"}
			}
		},
		{
			"from": [13.35971, 10.66832, 7.48941],
			"to": [14.03651, 11.68352, 7.48941],
			"rotation": {"angle": 0, "axis": "z", "origin": [33.00952, 11.97135, 7.79]},
			"faces": {
				"north": {"uv": [13.3008, 12.876, 15.4784, 15.6144], "texture": "#2"},
				"east": {"uv": [0.216, 13.68, 13, 16], "texture": "#2"},
				"south": {"uv": [0.216, 13.68, 13, 16], "texture": "#2"},
				"west": {"uv": [0.216, 13.68, 13, 16], "texture": "#2"},
				"up": {"uv": [0.216, 13.68, 13, 16], "texture": "#2"},
				"down": {"uv": [0.216, 13.68, 13, 16], "texture": "#2"}
			}
		},
		{
			"from": [13.35971, 10.66832, 7.52325],
			"to": [14.03651, 11.68352, 7.52325],
			"rotation": {"angle": 0, "axis": "z", "origin": [33.00952, 11.97135, 7.79]},
			"faces": {
				"north": {"uv": [13.3008, 12.876, 15.4784, 15.6144], "texture": "#2"},
				"east": {"uv": [0.216, 13.68, 13, 16], "texture": "#2"},
				"south": {"uv": [0.216, 13.68, 13, 16], "texture": "#2"},
				"west": {"uv": [0.216, 13.68, 13, 16], "texture": "#2"},
				"up": {"uv": [0.216, 13.68, 13, 16], "texture": "#2"},
				"down": {"uv": [0.216, 13.68, 13, 16], "texture": "#2"}
			}
		},
		{
			"from": [13.35971, 10.66832, 7.55709],
			"to": [14.03651, 11.68352, 7.55709],
			"rotation": {"angle": 0, "axis": "z", "origin": [33.00952, 11.97135, 7.79]},
			"faces": {
				"north": {"uv": [13.3008, 12.876, 15.4784, 15.6144], "texture": "#2"},
				"east": {"uv": [0.216, 13.68, 13, 16], "texture": "#2"},
				"south": {"uv": [0.216, 13.68, 13, 16], "texture": "#2"},
				"west": {"uv": [0.216, 13.68, 13, 16], "texture": "#2"},
				"up": {"uv": [0.216, 13.68, 13, 16], "texture": "#2"},
				"down": {"uv": [0.216, 13.68, 13, 16], "texture": "#2"}
			}
		},
		{
			"from": [13.35971, 10.66832, 7.59093],
			"to": [14.03651, 11.68352, 7.59093],
			"rotation": {"angle": 0, "axis": "z", "origin": [33.00952, 11.97135, 7.79]},
			"faces": {
				"north": {"uv": [13.3008, 12.876, 15.4784, 15.6144], "texture": "#2"},
				"east": {"uv": [0.216, 13.68, 13, 16], "texture": "#2"},
				"south": {"uv": [0.216, 13.68, 13, 16], "texture": "#2"},
				"west": {"uv": [0.216, 13.68, 13, 16], "texture": "#2"},
				"up": {"uv": [0.216, 13.68, 13, 16], "texture": "#2"},
				"down": {"uv": [0.216, 13.68, 13, 16], "texture": "#2"}
			}
		},
		{
			"from": [13.35971, 10.66832, 7.62477],
			"to": [14.03651, 11.68352, 7.62477],
			"rotation": {"angle": 0, "axis": "z", "origin": [33.00952, 11.97135, 7.79]},
			"faces": {
				"north": {"uv": [13.3008, 12.876, 15.4784, 15.6144], "texture": "#2"},
				"east": {"uv": [0.216, 13.68, 13, 16], "texture": "#2"},
				"south": {"uv": [0.216, 13.68, 13, 16], "texture": "#2"},
				"west": {"uv": [0.216, 13.68, 13, 16], "texture": "#2"},
				"up": {"uv": [0.216, 13.68, 13, 16], "texture": "#2"},
				"down": {"uv": [0.216, 13.68, 13, 16], "texture": "#2"}
			}
		},
		{
			"from": [14.78099, 9.41624, 7.28637],
			"to": [15.45779, 13.81544, 8.63997],
			"rotation": {"angle": 0, "axis": "y", "origin": [33.00952, 11.97135, 7.79]},
			"faces": {
				"north": {"uv": [0, 0, 16, 16], "texture": "#0"},
				"east": {"uv": [0, 0, 16, 16], "rotation": 90, "texture": "#0"},
				"south": {"uv": [0, 0, 16, 16], "rotation": 90, "texture": "#0"},
				"west": {"uv": [0, 0, 16, 16], "rotation": 90, "texture": "#0"},
				"up": {"uv": [0, 0, 16, 16], "rotation": 90, "texture": "#0"},
				"down": {"uv": [0, 0, 16, 16], "rotation": 90, "texture": "#0"}
			}
		},
		{
			"from": [13.05515, 9.75464, 7.52325],
			"to": [13.12283, 13.47704, 8.63997],
			"rotation": {"angle": 0, "axis": "y", "origin": [33.00952, 11.97135, 7.79]},
			"faces": {
				"north": {"uv": [0, 0, 16, 16], "texture": "#0"},
				"east": {"uv": [0, 0, 16, 16], "rotation": 90, "texture": "#0"},
				"south": {"uv": [0, 0, 16, 16], "rotation": 90, "texture": "#0"},
				"west": {"uv": [0, 0, 16, 16], "rotation": 90, "texture": "#0"},
				"up": {"uv": [0, 0, 16, 16], "rotation": 90, "texture": "#0"},
				"down": {"uv": [0, 0, 16, 16], "rotation": 90, "texture": "#0"}
			}
		},
		{
			"from": [11.36315, 9.75464, 7.52325],
			"to": [11.43083, 13.47704, 8.63997],
			"rotation": {"angle": 0, "axis": "y", "origin": [33.00952, 11.97135, 7.79]},
			"faces": {
				"north": {"uv": [0, 0, 16, 16], "texture": "#0"},
				"east": {"uv": [0, 0, 16, 16], "rotation": 90, "texture": "#0"},
				"south": {"uv": [0, 0, 16, 16], "rotation": 90, "texture": "#0"},
				"west": {"uv": [0, 0, 16, 16], "rotation": 90, "texture": "#0"},
				"up": {"uv": [0, 0, 16, 16], "rotation": 90, "texture": "#0"},
				"down": {"uv": [0, 0, 16, 16], "rotation": 90, "texture": "#0"}
			}
		},
		{
			"from": [9.67115, 9.75464, 7.52325],
			"to": [9.73883, 13.47704, 8.63997],
			"rotation": {"angle": 0, "axis": "y", "origin": [33.00952, 11.97135, 7.79]},
			"faces": {
				"north": {"uv": [0, 0, 16, 16], "texture": "#0"},
				"east": {"uv": [0, 0, 16, 16], "rotation": 90, "texture": "#0"},
				"south": {"uv": [0, 0, 16, 16], "rotation": 90, "texture": "#0"},
				"west": {"uv": [0, 0, 16, 16], "rotation": 90, "texture": "#0"},
				"up": {"uv": [0, 0, 16, 16], "rotation": 90, "texture": "#0"},
				"down": {"uv": [0, 0, 16, 16], "rotation": 90, "texture": "#0"}
			}
		},
		{
			"from": [6.28715, 9.75464, 7.52325],
			"to": [6.35483, 13.47704, 8.63997],
			"rotation": {"angle": 0, "axis": "y", "origin": [33.00952, 11.97135, 7.79]},
			"faces": {
				"north": {"uv": [0, 0, 16, 16], "texture": "#0"},
				"east": {"uv": [0, 0, 16, 16], "rotation": 90, "texture": "#0"},
				"south": {"uv": [0, 0, 16, 16], "rotation": 90, "texture": "#0"},
				"west": {"uv": [0, 0, 16, 16], "rotation": 90, "texture": "#0"},
				"up": {"uv": [0, 0, 16, 16], "rotation": 90, "texture": "#0"},
				"down": {"uv": [0, 0, 16, 16], "rotation": 90, "texture": "#0"}
			}
		},
		{
			"from": [7.97915, 9.75464, 7.52325],
			"to": [8.04683, 13.47704, 8.63997],
			"rotation": {"angle": 0, "axis": "y", "origin": [33.00952, 11.97135, 7.79]},
			"faces": {
				"north": {"uv": [0, 0, 16, 16], "texture": "#0"},
				"east": {"uv": [0, 0, 16, 16], "rotation": 90, "texture": "#0"},
				"south": {"uv": [0, 0, 16, 16], "rotation": 90, "texture": "#0"},
				"west": {"uv": [0, 0, 16, 16], "rotation": 90, "texture": "#0"},
				"up": {"uv": [0, 0, 16, 16], "rotation": 90, "texture": "#0"},
				"down": {"uv": [0, 0, 16, 16], "rotation": 90, "texture": "#0"}
			}
		},
		{
			"from": [4.59515, 9.75464, 7.52325],
			"to": [4.66283, 13.47704, 8.63997],
			"rotation": {"angle": 0, "axis": "y", "origin": [33.00952, 11.97135, 7.79]},
			"faces": {
				"north": {"uv": [0, 0, 16, 16], "texture": "#0"},
				"east": {"uv": [0, 0, 16, 16], "rotation": 90, "texture": "#0"},
				"south": {"uv": [0, 0, 16, 16], "rotation": 90, "texture": "#0"},
				"west": {"uv": [0, 0, 16, 16], "rotation": 90, "texture": "#0"},
				"up": {"uv": [0, 0, 16, 16], "rotation": 90, "texture": "#0"},
				"down": {"uv": [0, 0, 16, 16], "rotation": 90, "texture": "#0"}
			}
		},
		{
			"from": [2.90315, 9.75464, 7.52325],
			"to": [2.97083, 13.47704, 8.63997],
			"rotation": {"angle": 0, "axis": "y", "origin": [33.00952, 11.97135, 7.79]},
			"faces": {
				"north": {"uv": [0, 0, 16, 16], "texture": "#0"},
				"east": {"uv": [0, 0, 16, 16], "rotation": 90, "texture": "#0"},
				"south": {"uv": [0, 0, 16, 16], "rotation": 90, "texture": "#0"},
				"west": {"uv": [0, 0, 16, 16], "rotation": 90, "texture": "#0"},
				"up": {"uv": [0, 0, 16, 16], "rotation": 90, "texture": "#0"},
				"down": {"uv": [0, 0, 16, 16], "rotation": 90, "texture": "#0"}
			}
		},
		{
			"from": [1.24499, 13.13864, 7.28637],
			"to": [14.78099, 13.81544, 8.63997],
			"rotation": {"angle": 0, "axis": "z", "origin": [33.00952, 11.97135, 7.79]},
			"faces": {
				"north": {"uv": [0, 0, 16, 16], "rotation": 90, "texture": "#0"},
				"east": {"uv": [0, 0, 16, 16], "rotation": 90, "texture": "#0"},
				"south": {"uv": [0, 0, 16, 16], "rotation": 90, "texture": "#0"},
				"west": {"uv": [0, 0, 16, 16], "rotation": 90, "texture": "#0"},
				"up": {"uv": [0, 0, 16, 16], "rotation": 90, "texture": "#0"},
				"down": {"uv": [0, 0, 16, 16], "rotation": 90, "texture": "#0"}
			}
		},
		{
			"from": [1.24499, 9.41624, 7.28637],
			"to": [14.78099, 10.09304, 8.63997],
			"rotation": {"angle": 0, "axis": "z", "origin": [33.00952, 11.97135, 7.79]},
			"faces": {
				"north": {"uv": [0, 0, 16, 16], "rotation": 90, "texture": "#0"},
				"east": {"uv": [0, 0, 16, 16], "rotation": 90, "texture": "#0"},
				"south": {"uv": [0, 0, 16, 16], "rotation": 90, "texture": "#0"},
				"west": {"uv": [0, 0, 16, 16], "rotation": 90, "texture": "#0"},
				"up": {"uv": [0, 0, 16, 16], "rotation": 90, "texture": "#0"},
				"down": {"uv": [0, 0, 16, 16], "rotation": 90, "texture": "#0"}
			}
		},
		{
			"from": [0.56819, 9.41624, 7.28637],
			"to": [1.24499, 13.81544, 8.63997],
			"rotation": {"angle": 0, "axis": "y", "origin": [33.00952, 11.97135, 7.79]},
			"faces": {
				"north": {"uv": [0, 0, 16, 16], "texture": "#0"},
				"east": {"uv": [0, 0, 16, 16], "rotation": 90, "texture": "#0"},
				"south": {"uv": [0, 0, 16, 16], "rotation": 90, "texture": "#0"},
				"west": {"uv": [0, 0, 16, 16], "rotation": 90, "texture": "#0"},
				"up": {"uv": [0, 0, 16, 16], "rotation": 90, "texture": "#0"},
				"down": {"uv": [0, 0, 16, 16], "rotation": 90, "texture": "#0"}
			}
		},
		{
			"name": "Element",
			"from": [7.72062, 13.78656, 7.68564],
			"to": [8.30537, 13.93275, 8.27039],
			"rotation": {"angle": 0, "axis": "y", "origin": [33.00952, 11.97135, 7.79]},
			"faces": {
				"north": {"uv": [2, 6, 6, 7], "texture": "#0"},
				"east": {"uv": [2, 6, 6, 7], "texture": "#0"},
				"south": {"uv": [2, 6, 6, 7], "texture": "#0"},
				"west": {"uv": [2, 6, 6, 7], "texture": "#0"},
				"up": {"uv": [2, 2, 6, 6], "texture": "#0"},
				"down": {"uv": [6, 6, 2, 2], "texture": "#0", "cullface": "down"}
			}
		},
		{
			"name": "Element",
			"from": [15.3219, 13.93275, 25.4528],
			"to": [15.61427, 14.66369, 25.74517],
			"rotation": {"angle": -45, "axis": "y", "origin": [33.00952, 11.97135, 7.79]},
			"faces": {
				"north": {"uv": [0, 0, 2, 15], "texture": "#end_rod"},
				"east": {"uv": [0, 0, 2, 15], "texture": "#end_rod"},
				"south": {"uv": [0, 0, 2, 15], "texture": "#end_rod"},
				"west": {"uv": [0, 0, 2, 15], "texture": "#end_rod"},
				"up": {"uv": [2, 0, 4, 2], "texture": "#end_rod", "cullface": "up"}
			}
		},
		{
			"name": "Element",
			"from": [15.2488, 14.15203, 25.3797],
			"to": [15.68737, 14.5906, 25.81827],
			"rotation": {"angle": -45, "axis": "y", "origin": [33.00952, 11.97135, 7.79]},
			"faces": {
				"north": {"uv": [0, 0, 2, 15], "texture": "#end_rod"},
				"east": {"uv": [0, 0, 2, 15], "texture": "#end_rod"},
				"south": {"uv": [0, 0, 2, 15], "texture": "#end_rod"},
				"west": {"uv": [0, 0, 2, 15], "texture": "#end_rod"},
				"up": {"uv": [2, 0, 4, 2], "texture": "#end_rod", "cullface": "up"},
				"down": {"uv": [2, 0, 4, 2], "texture": "#end_rod"}
			}
		},
		{
			"name": "Element",
			"from": [12.92905, 13.93275, 27.84564],
			"to": [13.22142, 14.66369, 28.13802],
			"rotation": {"angle": -45, "axis": "y", "origin": [33.00952, 11.97135, 7.79]},
			"faces": {
				"north": {"uv": [0, 0, 2, 15], "texture": "#end_rod"},
				"east": {"uv": [0, 0, 2, 15], "texture": "#end_rod"},
				"south": {"uv": [0, 0, 2, 15], "texture": "#end_rod"},
				"west": {"uv": [0, 0, 2, 15], "texture": "#end_rod"},
				"up": {"uv": [2, 0, 4, 2], "texture": "#end_rod", "cullface": "up"}
			}
		},
		{
			"name": "Element",
			"from": [12.85595, 14.15203, 27.77255],
			"to": [13.29452, 14.5906, 28.21112],
			"rotation": {"angle": -45, "axis": "y", "origin": [33.00952, 11.97135, 7.79]},
			"faces": {
				"north": {"uv": [0, 0, 2, 15], "texture": "#end_rod"},
				"east": {"uv": [0, 0, 2, 15], "texture": "#end_rod"},
				"south": {"uv": [0, 0, 2, 15], "texture": "#end_rod"},
				"west": {"uv": [0, 0, 2, 15], "texture": "#end_rod"},
				"up": {"uv": [2, 0, 4, 2], "texture": "#end_rod", "cullface": "up"},
				"down": {"uv": [2, 0, 4, 2], "texture": "#end_rod"}
			}
		},
		{
			"name": "Element",
			"from": [4.33662, 13.78656, 7.68564],
			"to": [4.92137, 13.93275, 8.27039],
			"rotation": {"angle": 0, "axis": "y", "origin": [33.00952, 11.97135, 7.79]},
			"faces": {
				"north": {"uv": [2, 6, 6, 7], "texture": "#0"},
				"east": {"uv": [2, 6, 6, 7], "texture": "#0"},
				"south": {"uv": [2, 6, 6, 7], "texture": "#0"},
				"west": {"uv": [2, 6, 6, 7], "texture": "#0"},
				"up": {"uv": [2, 2, 6, 6], "texture": "#0"},
				"down": {"uv": [6, 6, 2, 2], "texture": "#0", "cullface": "down"}
			}
		},
		{
			"name": "Element",
			"from": [17.71474, 13.93275, 23.05995],
			"to": [18.00712, 14.66369, 23.35232],
			"rotation": {"angle": -45, "axis": "y", "origin": [33.00952, 11.97135, 7.79]},
			"faces": {
				"north": {"uv": [0, 0, 2, 15], "texture": "#end_rod"},
				"east": {"uv": [0, 0, 2, 15], "texture": "#end_rod"},
				"south": {"uv": [0, 0, 2, 15], "texture": "#end_rod"},
				"west": {"uv": [0, 0, 2, 15], "texture": "#end_rod"},
				"up": {"uv": [2, 0, 4, 2], "texture": "#end_rod", "cullface": "up"}
			}
		},
		{
			"name": "Element",
			"from": [17.64165, 14.15203, 22.98685],
			"to": [18.08022, 14.5906, 23.42542],
			"rotation": {"angle": -45, "axis": "y", "origin": [33.00952, 11.97135, 7.79]},
			"faces": {
				"north": {"uv": [0, 0, 2, 15], "texture": "#end_rod"},
				"east": {"uv": [0, 0, 2, 15], "texture": "#end_rod"},
				"south": {"uv": [0, 0, 2, 15], "texture": "#end_rod"},
				"west": {"uv": [0, 0, 2, 15], "texture": "#end_rod"},
				"up": {"uv": [2, 0, 4, 2], "texture": "#end_rod", "cullface": "up"},
				"down": {"uv": [2, 0, 4, 2], "texture": "#end_rod"}
			}
		},
		{
			"name": "Element",
			"from": [11.10462, 13.78656, 7.68564],
			"to": [11.68937, 13.93275, 8.27039],
			"rotation": {"angle": 0, "axis": "y", "origin": [33.00952, 11.97135, 7.79]},
			"faces": {
				"north": {"uv": [2, 6, 6, 7], "texture": "#0"},
				"east": {"uv": [2, 6, 6, 7], "texture": "#0"},
				"south": {"uv": [2, 6, 6, 7], "texture": "#0"},
				"west": {"uv": [2, 6, 6, 7], "texture": "#0"},
				"up": {"uv": [2, 2, 6, 6], "texture": "#0"},
				"down": {"uv": [6, 6, 2, 2], "texture": "#0", "cullface": "down"}
			}
		},
		{
			"name": "Element",
			"from": [20.10759, 13.93275, 20.6671],
			"to": [20.39997, 14.66369, 20.95947],
			"rotation": {"angle": -45, "axis": "y", "origin": [33.00952, 11.97135, 7.79]},
			"faces": {
				"north": {"uv": [0, 0, 2, 15], "texture": "#end_rod"},
				"east": {"uv": [0, 0, 2, 15], "texture": "#end_rod"},
				"south": {"uv": [0, 0, 2, 15], "texture": "#end_rod"},
				"west": {"uv": [0, 0, 2, 15], "texture": "#end_rod"},
				"up": {"uv": [2, 0, 4, 2], "texture": "#end_rod", "cullface": "up"}
			}
		},
		{
			"name": "Element",
			"from": [20.0345, 14.15203, 20.594],
			"to": [20.47307, 14.5906, 21.03257],
			"rotation": {"angle": -45, "axis": "y", "origin": [33.00952, 11.97135, 7.79]},
			"faces": {
				"north": {"uv": [0, 0, 2, 15], "texture": "#end_rod"},
				"east": {"uv": [0, 0, 2, 15], "texture": "#end_rod"},
				"south": {"uv": [0, 0, 2, 15], "texture": "#end_rod"},
				"west": {"uv": [0, 0, 2, 15], "texture": "#end_rod"},
				"up": {"uv": [2, 0, 4, 2], "texture": "#end_rod", "cullface": "up"},
				"down": {"uv": [2, 0, 4, 2], "texture": "#end_rod"}
			}
		},
		{
			"name": "Element",
			"from": [14.48862, 13.78656, 7.68564],
			"to": [15.07337, 13.93275, 8.27039],
			"rotation": {"angle": 0, "axis": "y", "origin": [33.00952, 11.97135, 7.79]},
			"faces": {
				"north": {"uv": [2, 6, 6, 7], "texture": "#0"},
				"east": {"uv": [2, 6, 6, 7], "texture": "#0"},
				"south": {"uv": [2, 6, 6, 7], "texture": "#0"},
				"west": {"uv": [2, 6, 6, 7], "texture": "#0"},
				"up": {"uv": [2, 2, 6, 6], "texture": "#0"},
				"down": {"uv": [6, 6, 2, 2], "texture": "#0", "cullface": "down"}
			}
		},
		{
			"name": "Element",
			"from": [10.5362, 13.93275, 30.23849],
			"to": [10.82857, 14.66369, 30.53087],
			"rotation": {"angle": -45, "axis": "y", "origin": [33.00952, 11.97135, 7.79]},
			"faces": {
				"north": {"uv": [0, 0, 2, 15], "texture": "#end_rod"},
				"east": {"uv": [0, 0, 2, 15], "texture": "#end_rod"},
				"south": {"uv": [0, 0, 2, 15], "texture": "#end_rod"},
				"west": {"uv": [0, 0, 2, 15], "texture": "#end_rod"},
				"up": {"uv": [2, 0, 4, 2], "texture": "#end_rod", "cullface": "up"}
			}
		},
		{
			"name": "Element",
			"from": [10.4631, 14.15203, 30.1654],
			"to": [10.90167, 14.5906, 30.60397],
			"rotation": {"angle": -45, "axis": "y", "origin": [33.00952, 11.97135, 7.79]},
			"faces": {
				"north": {"uv": [0, 0, 2, 15], "texture": "#end_rod"},
				"east": {"uv": [0, 0, 2, 15], "texture": "#end_rod"},
				"south": {"uv": [0, 0, 2, 15], "texture": "#end_rod"},
				"west": {"uv": [0, 0, 2, 15], "texture": "#end_rod"},
				"up": {"uv": [2, 0, 4, 2], "texture": "#end_rod", "cullface": "up"},
				"down": {"uv": [2, 0, 4, 2], "texture": "#end_rod"}
			}
		},
		{
			"name": "Element",
			"from": [0.95262, 13.78656, 7.68564],
			"to": [1.53737, 13.93275, 8.27039],
			"rotation": {"angle": 0, "axis": "y", "origin": [33.00952, 11.97135, 7.79]},
			"faces": {
				"north": {"uv": [2, 6, 6, 7], "texture": "#0"},
				"east": {"uv": [2, 6, 6, 7], "texture": "#0"},
				"south": {"uv": [2, 6, 6, 7], "texture": "#0"},
				"west": {"uv": [2, 6, 6, 7], "texture": "#0"},
				"up": {"uv": [2, 2, 6, 6], "texture": "#0"},
				"down": {"uv": [6, 6, 2, 2], "texture": "#0", "cullface": "down"}
			}
		},
		{
			"name": "Element",
			"from": [7.72062, 9.27636, 7.6872],
			"to": [8.30537, 9.42255, 8.27195],
			"rotation": {"angle": 0, "axis": "y", "origin": [33.00952, 11.97135, 7.79]},
			"faces": {
				"north": {"uv": [2, 6, 6, 7], "rotation": 180, "texture": "#0"},
				"east": {"uv": [2, 6, 6, 7], "rotation": 180, "texture": "#0"},
				"south": {"uv": [2, 6, 6, 7], "rotation": 180, "texture": "#0"},
				"west": {"uv": [2, 6, 6, 7], "rotation": 180, "texture": "#0"},
				"up": {"uv": [6, 6, 2, 2], "texture": "#0", "cullface": "down"},
				"down": {"uv": [2, 2, 6, 6], "texture": "#0"}
			}
		},
		{
			"name": "Element",
			"from": [15.05489, 8.54542, -9.89818],
			"to": [15.34727, 9.27636, -9.6058],
			"rotation": {"angle": 45, "axis": "y", "origin": [33.00952, 11.97135, 7.79]},
			"faces": {
				"north": {"uv": [0, 0, 2, 15], "rotation": 180, "texture": "#end_rod"},
				"east": {"uv": [0, 0, 2, 15], "rotation": 180, "texture": "#end_rod"},
				"south": {"uv": [0, 0, 2, 15], "rotation": 180, "texture": "#end_rod"},
				"west": {"uv": [0, 0, 2, 15], "rotation": 180, "texture": "#end_rod"},
				"down": {"uv": [2, 0, 4, 2], "texture": "#end_rod", "cullface": "up"}
			}
		},
		{
			"name": "Element",
			"from": [14.9818, 8.61851, -9.97127],
			"to": [15.42036, 9.05708, -9.53271],
			"rotation": {"angle": 45, "axis": "y", "origin": [33.00952, 11.97135, 7.79]},
			"faces": {
				"north": {"uv": [0, 0, 2, 15], "rotation": 180, "texture": "#end_rod"},
				"east": {"uv": [0, 0, 2, 15], "rotation": 180, "texture": "#end_rod"},
				"south": {"uv": [0, 0, 2, 15], "rotation": 180, "texture": "#end_rod"},
				"west": {"uv": [0, 0, 2, 15], "rotation": 180, "texture": "#end_rod"},
				"up": {"uv": [2, 0, 4, 2], "texture": "#end_rod"},
				"down": {"uv": [2, 0, 4, 2], "texture": "#end_rod", "cullface": "up"}
			}
		},
		{
			"name": "Element",
			"from": [4.33662, 9.27636, 7.6872],
			"to": [4.92137, 9.42255, 8.27195],
			"rotation": {"angle": 0, "axis": "y", "origin": [33.00952, 11.97135, 7.79]},
			"faces": {
				"north": {"uv": [2, 6, 6, 7], "rotation": 180, "texture": "#0"},
				"east": {"uv": [2, 6, 6, 7], "rotation": 180, "texture": "#0"},
				"south": {"uv": [2, 6, 6, 7], "rotation": 180, "texture": "#0"},
				"west": {"uv": [2, 6, 6, 7], "rotation": 180, "texture": "#0"},
				"up": {"uv": [6, 6, 2, 2], "texture": "#0", "cullface": "down"},
				"down": {"uv": [2, 2, 6, 6], "texture": "#0"}
			}
		},
		{
			"name": "Element",
			"from": [12.58895, 8.61851, -12.36412],
			"to": [13.02751, 9.05708, -11.92556],
			"rotation": {"angle": 45, "axis": "y", "origin": [33.00952, 11.97135, 7.79]},
			"faces": {
				"north": {"uv": [0, 0, 2, 15], "rotation": 180, "texture": "#end_rod"},
				"east": {"uv": [0, 0, 2, 15], "rotation": 180, "texture": "#end_rod"},
				"south": {"uv": [0, 0, 2, 15], "rotation": 180, "texture": "#end_rod"},
				"west": {"uv": [0, 0, 2, 15], "rotation": 180, "texture": "#end_rod"},
				"up": {"uv": [2, 0, 4, 2], "texture": "#end_rod"},
				"down": {"uv": [2, 0, 4, 2], "texture": "#end_rod", "cullface": "up"}
			}
		},
		{
			"name": "Element",
			"from": [12.66204, 8.54542, -12.29103],
			"to": [12.95442, 9.27636, -11.99865],
			"rotation": {"angle": 45, "axis": "y", "origin": [33.00952, 11.97135, 7.79]},
			"faces": {
				"north": {"uv": [0, 0, 2, 15], "rotation": 180, "texture": "#end_rod"},
				"east": {"uv": [0, 0, 2, 15], "rotation": 180, "texture": "#end_rod"},
				"south": {"uv": [0, 0, 2, 15], "rotation": 180, "texture": "#end_rod"},
				"west": {"uv": [0, 0, 2, 15], "rotation": 180, "texture": "#end_rod"},
				"down": {"uv": [2, 0, 4, 2], "texture": "#end_rod", "cullface": "up"}
			}
		},
		{
			"name": "Element",
			"from": [11.10462, 9.27636, 7.6872],
			"to": [11.68937, 9.42255, 8.27195],
			"rotation": {"angle": 0, "axis": "y", "origin": [33.00952, 11.97135, 7.79]},
			"faces": {
				"north": {"uv": [2, 6, 6, 7], "rotation": 180, "texture": "#0"},
				"east": {"uv": [2, 6, 6, 7], "rotation": 180, "texture": "#0"},
				"south": {"uv": [2, 6, 6, 7], "rotation": 180, "texture": "#0"},
				"west": {"uv": [2, 6, 6, 7], "rotation": 180, "texture": "#0"},
				"up": {"uv": [6, 6, 2, 2], "texture": "#0", "cullface": "down"},
				"down": {"uv": [2, 2, 6, 6], "texture": "#0"}
			}
		},
		{
			"name": "Element",
			"from": [17.37465, 8.61851, -7.57842],
			"to": [17.81321, 9.05708, -7.13986],
			"rotation": {"angle": 45, "axis": "y", "origin": [33.00952, 11.97135, 7.79]},
			"faces": {
				"north": {"uv": [0, 0, 2, 15], "rotation": 180, "texture": "#end_rod"},
				"east": {"uv": [0, 0, 2, 15], "rotation": 180, "texture": "#end_rod"},
				"south": {"uv": [0, 0, 2, 15], "rotation": 180, "texture": "#end_rod"},
				"west": {"uv": [0, 0, 2, 15], "rotation": 180, "texture": "#end_rod"},
				"up": {"uv": [2, 0, 4, 2], "texture": "#end_rod"},
				"down": {"uv": [2, 0, 4, 2], "texture": "#end_rod", "cullface": "up"}
			}
		},
		{
			"name": "Element",
			"from": [17.44774, 8.54542, -7.50533],
			"to": [17.74012, 9.27636, -7.21295],
			"rotation": {"angle": 45, "axis": "y", "origin": [33.00952, 11.97135, 7.79]},
			"faces": {
				"north": {"uv": [0, 0, 2, 15], "rotation": 180, "texture": "#end_rod"},
				"east": {"uv": [0, 0, 2, 15], "rotation": 180, "texture": "#end_rod"},
				"south": {"uv": [0, 0, 2, 15], "rotation": 180, "texture": "#end_rod"},
				"west": {"uv": [0, 0, 2, 15], "rotation": 180, "texture": "#end_rod"},
				"down": {"uv": [2, 0, 4, 2], "texture": "#end_rod", "cullface": "up"}
			}
		},
		{
			"name": "Element",
			"from": [14.48862, 9.27636, 7.6872],
			"to": [15.07337, 9.42255, 8.27195],
			"rotation": {"angle": 0, "axis": "y", "origin": [33.00952, 11.97135, 7.79]},
			"faces": {
				"north": {"uv": [2, 6, 6, 7], "rotation": 180, "texture": "#0"},
				"east": {"uv": [2, 6, 6, 7], "rotation": 180, "texture": "#0"},
				"south": {"uv": [2, 6, 6, 7], "rotation": 180, "texture": "#0"},
				"west": {"uv": [2, 6, 6, 7], "rotation": 180, "texture": "#0"},
				"up": {"uv": [6, 6, 2, 2], "texture": "#0", "cullface": "down"},
				"down": {"uv": [2, 2, 6, 6], "texture": "#0"}
			}
		},
		{
			"name": "Element",
			"from": [19.7675, 8.61851, -5.18557],
			"to": [20.20606, 9.05708, -4.74701],
			"rotation": {"angle": 45, "axis": "y", "origin": [33.00952, 11.97135, 7.79]},
			"faces": {
				"north": {"uv": [0, 0, 2, 15], "rotation": 180, "texture": "#end_rod"},
				"east": {"uv": [0, 0, 2, 15], "rotation": 180, "texture": "#end_rod"},
				"south": {"uv": [0, 0, 2, 15], "rotation": 180, "texture": "#end_rod"},
				"west": {"uv": [0, 0, 2, 15], "rotation": 180, "texture": "#end_rod"},
				"up": {"uv": [2, 0, 4, 2], "texture": "#end_rod"},
				"down": {"uv": [2, 0, 4, 2], "texture": "#end_rod", "cullface": "up"}
			}
		},
		{
			"name": "Element",
			"from": [19.84059, 8.54542, -5.11248],
			"to": [20.13297, 9.27636, -4.8201],
			"rotation": {"angle": 45, "axis": "y", "origin": [33.00952, 11.97135, 7.79]},
			"faces": {
				"north": {"uv": [0, 0, 2, 15], "rotation": 180, "texture": "#end_rod"},
				"east": {"uv": [0, 0, 2, 15], "rotation": 180, "texture": "#end_rod"},
				"south": {"uv": [0, 0, 2, 15], "rotation": 180, "texture": "#end_rod"},
				"west": {"uv": [0, 0, 2, 15], "rotation": 180, "texture": "#end_rod"},
				"down": {"uv": [2, 0, 4, 2], "texture": "#end_rod", "cullface": "up"}
			}
		},
		{
			"name": "Element",
			"from": [0.95262, 9.27636, 7.6872],
			"to": [1.53737, 9.42255, 8.27195],
			"rotation": {"angle": 0, "axis": "y", "origin": [33.00952, 11.97135, 7.79]},
			"faces": {
				"north": {"uv": [2, 6, 6, 7], "rotation": 180, "texture": "#0"},
				"east": {"uv": [2, 6, 6, 7], "rotation": 180, "texture": "#0"},
				"south": {"uv": [2, 6, 6, 7], "rotation": 180, "texture": "#0"},
				"west": {"uv": [2, 6, 6, 7], "rotation": 180, "texture": "#0"},
				"up": {"uv": [6, 6, 2, 2], "texture": "#0", "cullface": "down"},
				"down": {"uv": [2, 2, 6, 6], "texture": "#0"}
			}
		},
		{
			"name": "Element",
			"from": [10.1961, 8.61851, -14.75697],
			"to": [10.63466, 9.05708, -14.3184],
			"rotation": {"angle": 45, "axis": "y", "origin": [33.00952, 11.97135, 7.79]},
			"faces": {
				"north": {"uv": [0, 0, 2, 15], "rotation": 180, "texture": "#end_rod"},
				"east": {"uv": [0, 0, 2, 15], "rotation": 180, "texture": "#end_rod"},
				"south": {"uv": [0, 0, 2, 15], "rotation": 180, "texture": "#end_rod"},
				"west": {"uv": [0, 0, 2, 15], "rotation": 180, "texture": "#end_rod"},
				"up": {"uv": [2, 0, 4, 2], "texture": "#end_rod"},
				"down": {"uv": [2, 0, 4, 2], "texture": "#end_rod", "cullface": "up"}
			}
		},
		{
			"name": "Element",
			"from": [10.26919, 8.54542, -14.68388],
			"to": [10.56157, 9.27636, -14.3915],
			"rotation": {"angle": 45, "axis": "y", "origin": [33.00952, 11.97135, 7.79]},
			"faces": {
				"north": {"uv": [0, 0, 2, 15], "rotation": 180, "texture": "#end_rod"},
				"east": {"uv": [0, 0, 2, 15], "rotation": 180, "texture": "#end_rod"},
				"south": {"uv": [0, 0, 2, 15], "rotation": 180, "texture": "#end_rod"},
				"west": {"uv": [0, 0, 2, 15], "rotation": 180, "texture": "#end_rod"},
				"down": {"uv": [2, 0, 4, 2], "texture": "#end_rod", "cullface": "up"}
			}
		},
		{
			"name": "Element",
			"from": [15.06766, 18.59936, 6.93364],
			"to": [17.15641, 19.49755, 9.02239],
			"rotation": {"angle": 0, "axis": "z", "origin": [45.44003, 19.86152, 7.9788]},
			"faces": {
				"north": {"uv": [2, 6, 6, 7], "texture": "#0"},
				"east": {"uv": [2, 6, 6, 7], "texture": "#0"},
				"south": {"uv": [2, 6, 6, 7], "texture": "#0"},
				"west": {"uv": [2, 6, 6, 7], "texture": "#0"},
				"up": {"uv": [2, 2, 6, 6], "texture": "#0"},
				"down": {"uv": [6, 6, 2, 2], "texture": "#0", "cullface": "down"}
			}
		},
		{
			"name": "Element",
			"from": [-1.13794, 14.83936, 6.93364],
			"to": [0.95081, 15.73755, 9.02239],
			"rotation": {"angle": 0, "axis": "z", "origin": [45.44003, 19.86152, 7.9788]},
			"faces": {
				"north": {"uv": [2, 6, 6, 7], "texture": "#0"},
				"east": {"uv": [2, 6, 6, 7], "texture": "#0"},
				"south": {"uv": [2, 6, 6, 7], "texture": "#0"},
				"west": {"uv": [2, 6, 6, 7], "texture": "#0"},
				"up": {"uv": [2, 2, 6, 6], "texture": "#0"},
				"down": {"uv": [6, 6, 2, 2], "texture": "#0", "cullface": "down"}
			}
		},
		{
			"name": "hexadecagon",
			"from": [16.03381, 19.26744, 7.88797],
			"to": [16.30306, 29.04344, 8.11357],
			"rotation": {"angle": 0, "axis": "y", "origin": [47.63963, 10.09304, 7.96317]},
			"faces": {
				"north": {"uv": [14.048, 14, 14.6912, 14.472], "texture": "#2"},
				"east": {"uv": [14.048, 14, 14.6912, 14.472], "texture": "#2"},
				"south": {"uv": [14.048, 14, 14.6912, 14.472], "texture": "#2"},
				"west": {"uv": [14.048, 14, 14.6912, 14.472], "texture": "#2"},
				"up": {"uv": [14.048, 14, 14.6912, 14.472], "texture": "#2"},
				"down": {"uv": [14.048, 14, 14.6912, 14.472], "texture": "#2"}
			}
		},
		{
			"name": "hexadecagon",
			"from": [15.65781, 28.66744, 7.51197],
			"to": [16.67906, 29.04344, 8.48957],
			"rotation": {"angle": 0, "axis": "y", "origin": [47.63963, 10.09304, 7.96317]},
			"faces": {
				"north": {"uv": [14.048, 14, 14.6912, 14.472], "texture": "#2"},
				"east": {"uv": [14.048, 14, 14.6912, 14.472], "texture": "#2"},
				"south": {"uv": [14.048, 14, 14.6912, 14.472], "texture": "#2"},
				"west": {"uv": [14.048, 14, 14.6912, 14.472], "texture": "#2"},
				"up": {"uv": [14.048, 14, 14.6912, 14.472], "texture": "#2"},
				"down": {"uv": [14.048, 14, 14.6912, 14.472], "texture": "#2"}
			}
		},
		{
			"name": "hexadecagon",
			"from": [15.65781, 27.80264, 7.81277],
			"to": [16.37826, 28.17864, 8.18877],
			"rotation": {"angle": 0, "axis": "y", "origin": [47.63963, 10.09304, 7.96317]},
			"faces": {
				"north": {"uv": [5.89706, 9.65283, 6.54026, 10.12483], "texture": "#4"},
				"east": {"uv": [5.89706, 9.65283, 6.54026, 10.12483], "texture": "#4"},
				"south": {"uv": [5.89706, 9.65283, 6.54026, 10.12483], "texture": "#4"},
				"west": {"uv": [5.89706, 9.65283, 6.54026, 10.12483], "texture": "#4"},
				"up": {"uv": [5.89706, 9.65283, 6.54026, 10.12483], "texture": "#4"},
				"down": {"uv": [5.89706, 9.65283, 6.54026, 10.12483], "texture": "#4"}
			}
		},
		{
			"name": "hexadecagon",
			"from": [15.65781, 25.17064, 7.81277],
			"to": [16.37826, 25.54664, 8.18877],
			"rotation": {"angle": 0, "axis": "y", "origin": [47.63963, 10.09304, 7.96317]},
			"faces": {
				"north": {"uv": [5.89706, 9.65283, 6.54026, 10.12483], "texture": "#4"},
				"east": {"uv": [5.89706, 9.65283, 6.54026, 10.12483], "texture": "#4"},
				"south": {"uv": [5.89706, 9.65283, 6.54026, 10.12483], "texture": "#4"},
				"west": {"uv": [5.89706, 9.65283, 6.54026, 10.12483], "texture": "#4"},
				"up": {"uv": [5.89706, 9.65283, 6.54026, 10.12483], "texture": "#4"},
				"down": {"uv": [5.89706, 9.65283, 6.54026, 10.12483], "texture": "#4"}
			}
		},
		{
			"name": "hexadecagon",
			"from": [15.13141, 25.17064, 7.81277],
			"to": [15.73906, 28.17864, 8.18877],
			"rotation": {"angle": 0, "axis": "y", "origin": [47.63963, 10.09304, 7.96317]},
			"faces": {
				"north": {"uv": [5.89706, 9.65283, 6.54026, 10.12483], "texture": "#4"},
				"east": {"uv": [5.89706, 9.65283, 6.54026, 10.12483], "texture": "#4"},
				"south": {"uv": [5.89706, 9.65283, 6.54026, 10.12483], "texture": "#4"},
				"west": {"uv": [5.89706, 9.65283, 6.54026, 10.12483], "texture": "#4"},
				"up": {"uv": [5.89706, 9.65283, 6.54026, 10.12483], "texture": "#4"},
				"down": {"uv": [5.89706, 9.65283, 6.54026, 10.12483], "texture": "#4"}
			}
		},
		{
			"name": "hexadecagon",
			"from": [12.42421, 25.54664, 7.77517],
			"to": [13.89666, 27.80264, 8.15117],
			"rotation": {"angle": 0, "axis": "y", "origin": [47.63963, 10.09304, 7.96317]},
			"faces": {
				"north": {"uv": [5.89706, 9.65283, 6.54026, 10.12483], "texture": "#4"},
				"east": {"uv": [5.89706, 9.65283, 6.54026, 10.12483], "texture": "#4"},
				"south": {"uv": [5.89706, 9.65283, 6.54026, 10.12483], "texture": "#4"},
				"west": {"uv": [5.89706, 9.65283, 6.54026, 10.12483], "texture": "#4"},
				"up": {"uv": [5.89706, 9.65283, 6.54026, 10.12483], "texture": "#4"},
				"down": {"uv": [5.89706, 9.65283, 6.54026, 10.12483], "texture": "#4"}
			}
		},
		{
			"name": "hexadecagon",
			"from": [11.25861, 25.92264, 8.03837],
			"to": [12.43026, 27.42664, 8.41437],
			"rotation": {"angle": 0, "axis": "y", "origin": [47.63963, 10.09304, 7.96317]},
			"faces": {
				"north": {"uv": [5.89706, 9.65283, 6.54026, 10.12483], "texture": "#4"},
				"east": {"uv": [5.89706, 9.65283, 6.54026, 10.12483], "texture": "#4"},
				"south": {"uv": [5.89706, 9.65283, 6.54026, 10.12483], "texture": "#4"},
				"west": {"uv": [5.89706, 9.65283, 6.54026, 10.12483], "texture": "#4"},
				"up": {"uv": [5.89706, 9.65283, 6.54026, 10.12483], "texture": "#4"},
				"down": {"uv": [5.89706, 9.65283, 6.54026, 10.12483], "texture": "#4"}
			}
		},
		{
			"name": "hexadecagon",
			"from": [10.13061, 26.33624, 8.22637],
			"to": [11.30226, 26.97544, 8.60237],
			"rotation": {"angle": 0, "axis": "y", "origin": [47.63963, 10.09304, 7.96317]},
			"faces": {
				"north": {"uv": [5.89706, 9.65283, 6.54026, 10.12483], "texture": "#4"},
				"east": {"uv": [5.89706, 9.65283, 6.54026, 10.12483], "texture": "#4"},
				"south": {"uv": [5.89706, 9.65283, 6.54026, 10.12483], "texture": "#4"},
				"west": {"uv": [5.89706, 9.65283, 6.54026, 10.12483], "texture": "#4"},
				"up": {"uv": [5.89706, 9.65283, 6.54026, 10.12483], "texture": "#4"},
				"down": {"uv": [5.89706, 9.65283, 6.54026, 10.12483], "texture": "#4"}
			}
		},
		{
			"name": "hexadecagon",
			"from": [13.77781, 25.17064, 7.62477],
			"to": [14.49826, 28.17864, 8.00077],
			"rotation": {"angle": 0, "axis": "y", "origin": [47.63963, 10.09304, 7.96317]},
			"faces": {
				"north": {"uv": [5.89706, 9.65283, 6.54026, 10.12483], "texture": "#4"},
				"east": {"uv": [5.89706, 9.65283, 6.54026, 10.12483], "texture": "#4"},
				"south": {"uv": [5.89706, 9.65283, 6.54026, 10.12483], "texture": "#4"},
				"west": {"uv": [5.89706, 9.65283, 6.54026, 10.12483], "texture": "#4"},
				"up": {"uv": [5.89706, 9.65283, 6.54026, 10.12483], "texture": "#4"},
				"down": {"uv": [5.89706, 9.65283, 6.54026, 10.12483], "texture": "#4"}
			}
		},
		{
			"name": "hexadecagon",
			"from": [14.49221, 25.17064, 7.69997],
			"to": [15.21266, 28.17864, 8.07597],
			"rotation": {"angle": 0, "axis": "y", "origin": [47.63963, 10.09304, 7.96317]},
			"faces": {
				"north": {"uv": [5.89706, 9.65283, 6.54026, 10.12483], "texture": "#4"},
				"east": {"uv": [5.89706, 9.65283, 6.54026, 10.12483], "texture": "#4"},
				"south": {"uv": [5.89706, 9.65283, 6.54026, 10.12483], "texture": "#4"},
				"west": {"uv": [5.89706, 9.65283, 6.54026, 10.12483], "texture": "#4"},
				"up": {"uv": [5.89706, 9.65283, 6.54026, 10.12483], "texture": "#4"},
				"down": {"uv": [5.89706, 9.65283, 6.54026, 10.12483], "texture": "#4"}
			}
		},
		{
			"name": "hexadecagon",
			"from": [-1.79579, 21.38664, 7.69997],
			"to": [-1.07534, 24.39464, 8.07597],
			"rotation": {"angle": 0, "axis": "y", "origin": [47.63963, 10.09304, 7.96317]},
			"faces": {
				"north": {"uv": [5.89706, 9.65283, 6.54026, 10.12483], "texture": "#4"},
				"east": {"uv": [5.89706, 9.65283, 6.54026, 10.12483], "texture": "#4"},
				"south": {"uv": [5.89706, 9.65283, 6.54026, 10.12483], "texture": "#4"},
				"west": {"uv": [5.89706, 9.65283, 6.54026, 10.12483], "texture": "#4"},
				"up": {"uv": [5.89706, 9.65283, 6.54026, 10.12483], "texture": "#4"},
				"down": {"uv": [5.89706, 9.65283, 6.54026, 10.12483], "texture": "#4"}
			}
		},
		{
			"name": "hexadecagon",
			"from": [-2.51019, 21.38664, 7.62477],
			"to": [-1.78974, 24.39464, 8.00077],
			"rotation": {"angle": 0, "axis": "y", "origin": [47.63963, 10.09304, 7.96317]},
			"faces": {
				"north": {"uv": [5.89706, 9.65283, 6.54026, 10.12483], "texture": "#4"},
				"east": {"uv": [5.89706, 9.65283, 6.54026, 10.12483], "texture": "#4"},
				"south": {"uv": [5.89706, 9.65283, 6.54026, 10.12483], "texture": "#4"},
				"west": {"uv": [5.89706, 9.65283, 6.54026, 10.12483], "texture": "#4"},
				"up": {"uv": [5.89706, 9.65283, 6.54026, 10.12483], "texture": "#4"},
				"down": {"uv": [5.89706, 9.65283, 6.54026, 10.12483], "texture": "#4"}
			}
		},
		{
			"name": "hexadecagon",
			"from": [-6.15739, 22.55224, 8.22637],
			"to": [-4.98574, 23.19144, 8.60237],
			"rotation": {"angle": 0, "axis": "y", "origin": [47.63963, 10.09304, 7.96317]},
			"faces": {
				"north": {"uv": [5.89706, 9.65283, 6.54026, 10.12483], "texture": "#4"},
				"east": {"uv": [5.89706, 9.65283, 6.54026, 10.12483], "texture": "#4"},
				"south": {"uv": [5.89706, 9.65283, 6.54026, 10.12483], "texture": "#4"},
				"west": {"uv": [5.89706, 9.65283, 6.54026, 10.12483], "texture": "#4"},
				"up": {"uv": [5.89706, 9.65283, 6.54026, 10.12483], "texture": "#4"},
				"down": {"uv": [5.89706, 9.65283, 6.54026, 10.12483], "texture": "#4"}
			}
		},
		{
			"name": "hexadecagon",
			"from": [-5.02939, 22.13864, 8.03837],
			"to": [-3.85774, 23.64264, 8.41437],
			"rotation": {"angle": 0, "axis": "y", "origin": [47.63963, 10.09304, 7.96317]},
			"faces": {
				"north": {"uv": [5.89706, 9.65283, 6.54026, 10.12483], "texture": "#4"},
				"east": {"uv": [5.89706, 9.65283, 6.54026, 10.12483], "texture": "#4"},
				"south": {"uv": [5.89706, 9.65283, 6.54026, 10.12483], "texture": "#4"},
				"west": {"uv": [5.89706, 9.65283, 6.54026, 10.12483], "texture": "#4"},
				"up": {"uv": [5.89706, 9.65283, 6.54026, 10.12483], "texture": "#4"},
				"down": {"uv": [5.89706, 9.65283, 6.54026, 10.12483], "texture": "#4"}
			}
		},
		{
			"name": "hexadecagon",
			"from": [-3.86379, 21.76264, 7.77517],
			"to": [-2.39134, 24.01864, 8.15117],
			"rotation": {"angle": 0, "axis": "y", "origin": [47.63963, 10.09304, 7.96317]},
			"faces": {
				"north": {"uv": [5.89706, 9.65283, 6.54026, 10.12483], "texture": "#4"},
				"east": {"uv": [5.89706, 9.65283, 6.54026, 10.12483], "texture": "#4"},
				"south": {"uv": [5.89706, 9.65283, 6.54026, 10.12483], "texture": "#4"},
				"west": {"uv": [5.89706, 9.65283, 6.54026, 10.12483], "texture": "#4"},
				"up": {"uv": [5.89706, 9.65283, 6.54026, 10.12483], "texture": "#4"},
				"down": {"uv": [5.89706, 9.65283, 6.54026, 10.12483], "texture": "#4"}
			}
		},
		{
			"name": "hexadecagon",
			"from": [-1.15659, 21.38664, 7.81277],
			"to": [-0.54894, 24.39464, 8.18877],
			"rotation": {"angle": 0, "axis": "y", "origin": [47.63963, 10.09304, 7.96317]},
			"faces": {
				"north": {"uv": [5.89706, 9.65283, 6.54026, 10.12483], "texture": "#4"},
				"east": {"uv": [5.89706, 9.65283, 6.54026, 10.12483], "texture": "#4"},
				"south": {"uv": [5.89706, 9.65283, 6.54026, 10.12483], "texture": "#4"},
				"west": {"uv": [5.89706, 9.65283, 6.54026, 10.12483], "texture": "#4"},
				"up": {"uv": [5.89706, 9.65283, 6.54026, 10.12483], "texture": "#4"},
				"down": {"uv": [5.89706, 9.65283, 6.54026, 10.12483], "texture": "#4"}
			}
		},
		{
			"name": "hexadecagon",
			"from": [-0.63019, 21.38664, 7.81277],
			"to": [0.09026, 21.76264, 8.18877],
			"rotation": {"angle": 0, "axis": "y", "origin": [47.63963, 10.09304, 7.96317]},
			"faces": {
				"north": {"uv": [5.89706, 9.65283, 6.54026, 10.12483], "texture": "#4"},
				"east": {"uv": [5.89706, 9.65283, 6.54026, 10.12483], "texture": "#4"},
				"south": {"uv": [5.89706, 9.65283, 6.54026, 10.12483], "texture": "#4"},
				"west": {"uv": [5.89706, 9.65283, 6.54026, 10.12483], "texture": "#4"},
				"up": {"uv": [5.89706, 9.65283, 6.54026, 10.12483], "texture": "#4"},
				"down": {"uv": [5.89706, 9.65283, 6.54026, 10.12483], "texture": "#4"}
			}
		},
		{
			"name": "hexadecagon",
			"from": [-0.63019, 24.01864, 7.81277],
			"to": [0.09026, 24.39464, 8.18877],
			"rotation": {"angle": 0, "axis": "y", "origin": [47.63963, 10.09304, 7.96317]},
			"faces": {
				"north": {"uv": [5.89706, 9.65283, 6.54026, 10.12483], "texture": "#4"},
				"east": {"uv": [5.89706, 9.65283, 6.54026, 10.12483], "texture": "#4"},
				"south": {"uv": [5.89706, 9.65283, 6.54026, 10.12483], "texture": "#4"},
				"west": {"uv": [5.89706, 9.65283, 6.54026, 10.12483], "texture": "#4"},
				"up": {"uv": [5.89706, 9.65283, 6.54026, 10.12483], "texture": "#4"},
				"down": {"uv": [5.89706, 9.65283, 6.54026, 10.12483], "texture": "#4"}
			}
		},
		{
			"name": "hexadecagon",
			"from": [-0.63019, 24.88344, 7.51197],
			"to": [0.39106, 25.25944, 8.48957],
			"rotation": {"angle": 0, "axis": "y", "origin": [47.63963, 10.09304, 7.96317]},
			"faces": {
				"north": {"uv": [14.048, 14, 14.6912, 14.472], "texture": "#2"},
				"east": {"uv": [14.048, 14, 14.6912, 14.472], "texture": "#2"},
				"south": {"uv": [14.048, 14, 14.6912, 14.472], "texture": "#2"},
				"west": {"uv": [14.048, 14, 14.6912, 14.472], "texture": "#2"},
				"up": {"uv": [14.048, 14, 14.6912, 14.472], "texture": "#2"},
				"down": {"uv": [14.048, 14, 14.6912, 14.472], "texture": "#2"}
			}
		},
		{
			"name": "hexadecagon",
			"from": [-0.25419, 15.48344, 7.88797],
			"to": [0.01506, 25.25944, 8.11357],
			"rotation": {"angle": 0, "axis": "y", "origin": [47.63963, 10.09304, 7.96317]},
			"faces": {
				"north": {"uv": [14.048, 14, 14.6912, 14.472], "texture": "#2"},
				"east": {"uv": [14.048, 14, 14.6912, 14.472], "texture": "#2"},
				"south": {"uv": [14.048, 14, 14.6912, 14.472], "texture": "#2"},
				"west": {"uv": [14.048, 14, 14.6912, 14.472], "texture": "#2"},
				"up": {"uv": [14.048, 14, 14.6912, 14.472], "texture": "#2"},
				"down": {"uv": [14.048, 14, 14.6912, 14.472], "texture": "#2"}
			}
		},
		{
			"name": "hexadecagon",
			"from": [-0.24699, -14.57256, 7.28637],
			"to": [0.02226, 14.83064, 8.63997],
			"rotation": {"angle": -45, "axis": "y", "origin": [-0.11237, 10.09304, 7.96317]},
			"faces": {
				"north": {"uv": [0, 0, 1, 1], "texture": "#0"},
				"east": {"uv": [0, 0, 1, 1], "texture": "#0"},
				"south": {"uv": [0, 0, 1, 1], "texture": "#0"},
				"west": {"uv": [0, 0, 1, 1], "texture": "#0"},
				"up": {"uv": [0, 0, 1, 1], "texture": "#0"},
				"down": {"uv": [0, 0, 1, 1], "texture": "#0"}
			}
		},
		{
			"name": "hexadecagon",
			"from": [-0.24699, -14.57256, 7.28637],
			"to": [0.02226, 14.83064, 8.63997],
			"rotation": {"angle": -22.5, "axis": "y", "origin": [-0.11237, 10.09304, 7.96317]},
			"faces": {
				"north": {"uv": [0, 0, 1, 1], "texture": "#0"},
				"east": {"uv": [0, 0, 1, 1], "texture": "#0"},
				"south": {"uv": [0, 0, 1, 1], "texture": "#0"},
				"west": {"uv": [0, 0, 1, 1], "texture": "#0"},
				"up": {"uv": [0, 0, 1, 1], "texture": "#0"},
				"down": {"uv": [0, 0, 1, 1], "texture": "#0"}
			}
		},
		{
			"name": "hexadecagon",
			"from": [-0.24699, -14.57256, 7.28637],
			"to": [0.02226, 14.83064, 8.63997],
			"rotation": {"angle": 0, "axis": "y", "origin": [-0.11237, 10.09304, 7.96317]},
			"faces": {
				"north": {"uv": [0, 0, 1, 1], "texture": "#0"},
				"east": {"uv": [0, 0, 1, 1], "texture": "#0"},
				"south": {"uv": [0, 0, 1, 1], "texture": "#0"},
				"west": {"uv": [0, 0, 1, 1], "texture": "#0"},
				"up": {"uv": [0, 0, 1, 1], "texture": "#0"},
				"down": {"uv": [0, 0, 1, 1], "texture": "#0"}
			}
		},
		{
			"name": "hexadecagon",
			"from": [-0.24699, -14.57256, 7.28637],
			"to": [0.02226, 14.83064, 8.63997],
			"rotation": {"angle": 22.5, "axis": "y", "origin": [-0.11237, 10.09304, 7.96317]},
			"faces": {
				"north": {"uv": [0, 0, 1, 1], "texture": "#0"},
				"east": {"uv": [0, 0, 1, 1], "texture": "#0"},
				"south": {"uv": [0, 0, 1, 1], "texture": "#0"},
				"west": {"uv": [0, 0, 1, 1], "texture": "#0"},
				"up": {"uv": [0, 0, 1, 1], "texture": "#0"},
				"down": {"uv": [0, 0, 1, 1], "texture": "#0"}
			}
		},
		{
			"name": "hexadecagon",
			"from": [-0.24699, -14.57256, 7.28637],
			"to": [0.02226, 14.83064, 8.63997],
			"rotation": {"angle": 45, "axis": "y", "origin": [-0.11237, 10.09304, 7.96317]},
			"faces": {
				"north": {"uv": [0, 0, 1, 1], "texture": "#0"},
				"east": {"uv": [0, 0, 1, 1], "texture": "#0"},
				"south": {"uv": [0, 0, 1, 1], "texture": "#0"},
				"west": {"uv": [0, 0, 1, 1], "texture": "#0"},
				"up": {"uv": [0, 0, 1, 1], "texture": "#0"},
				"down": {"uv": [0, 0, 1, 1], "texture": "#0"}
			}
		},
		{
			"name": "hexadecagon",
			"from": [-0.78917, -14.57256, 7.82855],
			"to": [0.56443, 14.83064, 8.0978],
			"rotation": {"angle": -22.5, "axis": "y", "origin": [-0.11237, 10.09304, 7.96317]},
			"faces": {
				"north": {"uv": [0, 0, 1, 1], "texture": "#0"},
				"east": {"uv": [0, 0, 1, 1], "texture": "#0"},
				"south": {"uv": [0, 0, 1, 1], "texture": "#0"},
				"west": {"uv": [0, 0, 1, 1], "texture": "#0"},
				"up": {"uv": [0, 0, 1, 1], "texture": "#0"},
				"down": {"uv": [0, 0, 1, 1], "texture": "#0"}
			}
		},
		{
			"name": "hexadecagon",
			"from": [-0.78917, -14.57256, 7.82855],
			"to": [0.56443, 14.83064, 8.0978],
			"rotation": {"angle": 0, "axis": "y", "origin": [-0.11237, 10.09304, 7.96317]},
			"faces": {
				"north": {"uv": [0, 0, 1, 1], "texture": "#0"},
				"east": {"uv": [0, 0, 1, 1], "texture": "#0"},
				"south": {"uv": [0, 0, 1, 1], "texture": "#0"},
				"west": {"uv": [0, 0, 1, 1], "texture": "#0"},
				"up": {"uv": [0, 0, 1, 1], "texture": "#0"},
				"down": {"uv": [0, 0, 1, 1], "texture": "#0"}
			}
		},
		{
			"name": "hexadecagon",
			"from": [-0.78917, -14.57256, 7.82855],
			"to": [0.56443, 14.83064, 8.0978],
			"rotation": {"angle": 22.5, "axis": "y", "origin": [-0.11237, 10.09304, 7.96317]},
			"faces": {
				"north": {"uv": [0, 0, 1, 1], "texture": "#0"},
				"east": {"uv": [0, 0, 1, 1], "texture": "#0"},
				"south": {"uv": [0, 0, 1, 1], "texture": "#0"},
				"west": {"uv": [0, 0, 1, 1], "texture": "#0"},
				"up": {"uv": [0, 0, 1, 1], "texture": "#0"},
				"down": {"uv": [0, 0, 1, 1], "texture": "#0"}
			}
		},
		{
			"name": "hexadecagon",
			"from": [15.99997, -14.57256, 7.28637],
			"to": [16.26922, 18.89144, 8.63997],
			"rotation": {"angle": -45, "axis": "y", "origin": [16.13459, 10.09304, 7.96317]},
			"faces": {
				"north": {"uv": [0, 0, 1, 1], "texture": "#0"},
				"east": {"uv": [0, 0, 1, 1], "texture": "#0"},
				"south": {"uv": [0, 0, 1, 1], "texture": "#0"},
				"west": {"uv": [0, 0, 1, 1], "texture": "#0"},
				"up": {"uv": [0, 0, 1, 1], "texture": "#0"},
				"down": {"uv": [0, 0, 1, 1], "texture": "#0"}
			}
		},
		{
			"name": "hexadecagon",
			"from": [15.99997, -14.57256, 7.28637],
			"to": [16.26922, 18.89144, 8.63997],
			"rotation": {"angle": -22.5, "axis": "y", "origin": [16.13459, 10.09304, 7.96317]},
			"faces": {
				"north": {"uv": [0, 0, 1, 1], "texture": "#0"},
				"east": {"uv": [0, 0, 1, 1], "texture": "#0"},
				"south": {"uv": [0, 0, 1, 1], "texture": "#0"},
				"west": {"uv": [0, 0, 1, 1], "texture": "#0"},
				"up": {"uv": [0, 0, 1, 1], "texture": "#0"},
				"down": {"uv": [0, 0, 1, 1], "texture": "#0"}
			}
		},
		{
			"name": "hexadecagon",
			"from": [15.99997, -14.57256, 7.28637],
			"to": [16.26922, 18.89144, 8.63997],
			"rotation": {"angle": 0, "axis": "y", "origin": [16.13459, 10.09304, 7.96317]},
			"faces": {
				"north": {"uv": [0, 0, 1, 1], "texture": "#0"},
				"east": {"uv": [0, 0, 1, 1], "texture": "#0"},
				"south": {"uv": [0, 0, 1, 1], "texture": "#0"},
				"west": {"uv": [0, 0, 1, 1], "texture": "#0"},
				"up": {"uv": [0, 0, 1, 1], "texture": "#0"},
				"down": {"uv": [0, 0, 1, 1], "texture": "#0"}
			}
		},
		{
			"name": "hexadecagon",
			"from": [15.99997, -14.57256, 7.28637],
			"to": [16.26922, 18.89144, 8.63997],
			"rotation": {"angle": 22.5, "axis": "y", "origin": [16.13459, 10.09304, 7.96317]},
			"faces": {
				"north": {"uv": [0, 0, 1, 1], "texture": "#0"},
				"east": {"uv": [0, 0, 1, 1], "texture": "#0"},
				"south": {"uv": [0, 0, 1, 1], "texture": "#0"},
				"west": {"uv": [0, 0, 1, 1], "texture": "#0"},
				"up": {"uv": [0, 0, 1, 1], "texture": "#0"},
				"down": {"uv": [0, 0, 1, 1], "texture": "#0"}
			}
		},
		{
			"name": "hexadecagon",
			"from": [15.99997, -14.57256, 7.28637],
			"to": [16.26922, 18.89144, 8.63997],
			"rotation": {"angle": 45, "axis": "y", "origin": [16.13459, 10.09304, 7.96317]},
			"faces": {
				"north": {"uv": [0, 0, 1, 1], "texture": "#0"},
				"east": {"uv": [0, 0, 1, 1], "texture": "#0"},
				"south": {"uv": [0, 0, 1, 1], "texture": "#0"},
				"west": {"uv": [0, 0, 1, 1], "texture": "#0"},
				"up": {"uv": [0, 0, 1, 1], "texture": "#0"},
				"down": {"uv": [0, 0, 1, 1], "texture": "#0"}
			}
		},
		{
			"name": "hexadecagon",
			"from": [15.45779, -14.57256, 7.82855],
			"to": [16.81139, 18.89144, 8.0978],
			"rotation": {"angle": -22.5, "axis": "y", "origin": [16.13459, 10.09304, 7.96317]},
			"faces": {
				"north": {"uv": [0, 0, 1, 1], "texture": "#0"},
				"east": {"uv": [0, 0, 1, 1], "texture": "#0"},
				"south": {"uv": [0, 0, 1, 1], "texture": "#0"},
				"west": {"uv": [0, 0, 1, 1], "texture": "#0"},
				"up": {"uv": [0, 0, 1, 1], "texture": "#0"},
				"down": {"uv": [0, 0, 1, 1], "texture": "#0"}
			}
		},
		{
			"name": "hexadecagon",
			"from": [15.45779, -14.57256, 7.82855],
			"to": [16.81139, 18.89144, 8.0978],
			"rotation": {"angle": 0, "axis": "y", "origin": [16.13459, 10.09304, 7.96317]},
			"faces": {
				"north": {"uv": [0, 0, 1, 1], "texture": "#0"},
				"east": {"uv": [0, 0, 1, 1], "texture": "#0"},
				"south": {"uv": [0, 0, 1, 1], "texture": "#0"},
				"west": {"uv": [0, 0, 1, 1], "texture": "#0"},
				"up": {"uv": [0, 0, 1, 1], "texture": "#0"},
				"down": {"uv": [0, 0, 1, 1], "texture": "#0"}
			}
		},
		{
			"name": "hexadecagon",
			"from": [15.45779, -14.57256, 7.82855],
			"to": [16.81139, 18.89144, 8.0978],
			"rotation": {"angle": 22.5, "axis": "y", "origin": [16.13459, 10.09304, 7.96317]},
			"faces": {
				"north": {"uv": [0, 0, 1, 1], "texture": "#0"},
				"east": {"uv": [0, 0, 1, 1], "texture": "#0"},
				"south": {"uv": [0, 0, 1, 1], "texture": "#0"},
				"west": {"uv": [0, 0, 1, 1], "texture": "#0"},
				"up": {"uv": [0, 0, 1, 1], "texture": "#0"},
				"down": {"uv": [0, 0, 1, 1], "texture": "#0"}
			}
		}
	],
	"display": {
		"thirdperson_righthand": {
			"rotation": [89.5, 0, 0],
			"translation": [-6.25, -2.5, 44.25],
			"scale": [4, 4, 4]
		},
		"thirdperson_lefthand": {
			"rotation": [75, 45, 0],
			"translation": [0, 0, 5]
		},
		"firstperson_righthand": {
			"rotation": [0, 45, 0],
			"translation": [0, 6.9565, 0]
		},
		"firstperson_lefthand": {
			"rotation": [0, 45, 0],
			"translation": [0, 6.9565, 0]
		},
		"ground": {
			"translation": [0, 6.9565, 0]
		},
		"gui": {
			"rotation": [30, 113, 0],
			"translation": [0, 5, 0]
		},
		"head": {
			"translation": [0, 5, -9],
			"scale": [4, 4, 4]
		},
		"fixed": {
			"rotation": [-90, 0, 0],
			"translation": [0, 0, -14],
			"scale": [2, 2, 2]
		}
	},
	"groups": [
		0,
		1,
		2,
		3,
		4,
		5,
		6,
		7,
		8,
		9,
		10,
		11,
		12,
		13,
		14,
		15,
		16,
		17,
		18,
		19,
		20,
		21,
		22,
		23,
		24,
		25,
		26,
		27,
		28,
		29,
		30,
		31,
		32,
		33,
		34,
		35,
		36,
		37,
		38,
		39,
		40,
		41,
		42,
		43,
		44,
		45,
		46,
		47,
		48,
		49,
		50,
		51,
		52,
		53,
		54,
		55,
		56,
		57,
		58,
		59,
		60,
		61,
		{
			"name": "end_rod",
			"origin": [8, 8, 8],
			"color": 0,
			"children": [62, 63, 64, 65, 66, 67, 68, 69, 70, 71, 72, 73, 74, 75, 76, 77, 78, 79, 80, 81, 82, 83, 84, 85, 86, 87, 88, 89, 90, 91, 92, 93]
		},
		{
			"name": "hexadecagon",
			"origin": [8, 8, 8],
			"color": 0,
			"children": [94, 95, 96, 97, 98, 99, 100, 101, 102, 103, 104, 105, 106, 107, 108, 109, 110, 111, 112, 113, 114, 115, 116, 117, 118, 119, 120, 121]
		},
		{
			"name": "hexadecagon",
			"origin": [8, 8, 8],
			"color": 0,
			"children": [122, 123, 124, 125, 126, 127, 128, 129]
		}
	]
}