{
	"credit": "Made with Blockbench",
	"parent": "block/block",
	"ambientocclusion": false,
	"textures": {
		"0": "divers/panneaux/couleur_entrée",
		"1": "block/blue_shulker_box",
		"2": "divers/panneaux/ecrituredisneyentree",
		"4": "divers/panneaux/mick",
		"particle": "block/end_rod",
		"end_rod": "block/end_rod"
	},
	"elements": [
		{
			"from": [0.99323, 12.84304, 7.62477],
			"to": [14.52923, 15.88864, 8.63997],
			"rotation": {"angle": 0, "axis": "y", "origin": [-17.32544, 14.72135, 7.79]},
			"faces": {
				"north": {"uv": [3, 3, 13, 13], "rotation": 90, "texture": "#1"},
				"east": {"uv": [0, 0, 16, 16], "rotation": 90, "texture": "#1"},
				"south": {"uv": [0, 0, 16, 16], "rotation": 90, "texture": "#0"},
				"west": {"uv": [0, 0, 16, 16], "rotation": 90, "texture": "#1"},
				"up": {"uv": [0, 0, 16, 16], "rotation": 90, "texture": "#1"},
				"down": {"uv": [0, 0, 16, 16], "rotation": 90, "texture": "#1"}
			}
		},
		{
			"from": [14.52923, 12.16624, 7.28637],
			"to": [15.20603, 16.56544, 8.63997],
			"rotation": {"angle": 0, "axis": "y", "origin": [-17.32544, 14.72135, 7.79]},
			"faces": {
				"north": {"uv": [0, 0, 16, 16], "texture": "#0"},
				"east": {"uv": [0, 0, 16, 16], "rotation": 90, "texture": "#0"},
				"south": {"uv": [0, 0, 16, 16], "rotation": 90, "texture": "#0"},
				"west": {"uv": [0, 0, 16, 16], "rotation": 90, "texture": "#0"},
				"up": {"uv": [0, 0, 16, 16], "rotation": 90, "texture": "#0"},
				"down": {"uv": [0, 0, 16, 16], "rotation": 90, "texture": "#0"}
			}
		},
		{
			"from": [0.31643, 12.16624, 7.28637],
			"to": [0.99323, 16.56544, 8.63997],
			"rotation": {"angle": 0, "axis": "y", "origin": [-17.32544, 14.72135, 7.79]},
			"faces": {
				"north": {"uv": [0, 0, 16, 16], "texture": "#0"},
				"east": {"uv": [0, 0, 16, 16], "rotation": 90, "texture": "#0"},
				"south": {"uv": [0, 0, 16, 16], "rotation": 90, "texture": "#0"},
				"west": {"uv": [0, 0, 16, 16], "rotation": 90, "texture": "#0"},
				"up": {"uv": [0, 0, 16, 16], "rotation": 90, "texture": "#0"},
				"down": {"uv": [0, 0, 16, 16], "rotation": 90, "texture": "#0"}
			}
		},
		{
			"from": [0.99323, 15.88864, 7.28637],
			"to": [14.52923, 16.56544, 8.63997],
			"rotation": {"angle": 0, "axis": "z", "origin": [-17.32544, 14.72135, 7.79]},
			"faces": {
				"north": {"uv": [0, 0, 16, 16], "rotation": 90, "texture": "#0"},
				"east": {"uv": [0, 0, 16, 16], "rotation": 90, "texture": "#0"},
				"south": {"uv": [0, 0, 16, 16], "rotation": 90, "texture": "#0"},
				"west": {"uv": [0, 0, 16, 16], "rotation": 90, "texture": "#0"},
				"up": {"uv": [0, 0, 16, 16], "rotation": 90, "texture": "#0"},
				"down": {"uv": [0, 0, 16, 16], "rotation": 90, "texture": "#0"}
			}
		},
		{
			"from": [0.99323, 12.16624, 7.28637],
			"to": [14.52923, 12.84304, 8.63997],
			"rotation": {"angle": 0, "axis": "z", "origin": [-17.32544, 14.72135, 7.79]},
			"faces": {
				"north": {"uv": [0, 0, 16, 16], "rotation": 90, "texture": "#0"},
				"east": {"uv": [0, 0, 16, 16], "rotation": 90, "texture": "#0"},
				"south": {"uv": [0, 0, 16, 16], "rotation": 90, "texture": "#0"},
				"west": {"uv": [0, 0, 16, 16], "rotation": 90, "texture": "#0"},
				"up": {"uv": [0, 0, 16, 16], "rotation": 90, "texture": "#0"},
				"down": {"uv": [0, 0, 16, 16], "rotation": 90, "texture": "#0"}
			}
		},
		{
			"from": [12.80339, 12.50464, 7.52325],
			"to": [12.87107, 16.22704, 8.63997],
			"rotation": {"angle": 0, "axis": "y", "origin": [-17.32544, 14.72135, 7.79]},
			"faces": {
				"north": {"uv": [0, 0, 16, 16], "texture": "#0"},
				"east": {"uv": [0, 0, 16, 16], "rotation": 90, "texture": "#0"},
				"south": {"uv": [0, 0, 16, 16], "rotation": 90, "texture": "#0"},
				"west": {"uv": [0, 0, 16, 16], "rotation": 90, "texture": "#0"},
				"up": {"uv": [0, 0, 16, 16], "rotation": 90, "texture": "#0"},
				"down": {"uv": [0, 0, 16, 16], "rotation": 90, "texture": "#0"}
			}
		},
		{
			"from": [11.11139, 12.50464, 7.52325],
			"to": [11.17907, 16.22704, 8.63997],
			"rotation": {"angle": 0, "axis": "y", "origin": [-17.32544, 14.72135, 7.79]},
			"faces": {
				"north": {"uv": [0, 0, 16, 16], "texture": "#0"},
				"east": {"uv": [0, 0, 16, 16], "rotation": 90, "texture": "#0"},
				"south": {"uv": [0, 0, 16, 16], "rotation": 90, "texture": "#0"},
				"west": {"uv": [0, 0, 16, 16], "rotation": 90, "texture": "#0"},
				"up": {"uv": [0, 0, 16, 16], "rotation": 90, "texture": "#0"},
				"down": {"uv": [0, 0, 16, 16], "rotation": 90, "texture": "#0"}
			}
		},
		{
			"from": [9.41939, 12.50464, 7.52325],
			"to": [9.48707, 16.22704, 8.63997],
			"rotation": {"angle": 0, "axis": "y", "origin": [-17.32544, 14.72135, 7.79]},
			"faces": {
				"north": {"uv": [0, 0, 16, 16], "texture": "#0"},
				"east": {"uv": [0, 0, 16, 16], "rotation": 90, "texture": "#0"},
				"south": {"uv": [0, 0, 16, 16], "rotation": 90, "texture": "#0"},
				"west": {"uv": [0, 0, 16, 16], "rotation": 90, "texture": "#0"},
				"up": {"uv": [0, 0, 16, 16], "rotation": 90, "texture": "#0"},
				"down": {"uv": [0, 0, 16, 16], "rotation": 90, "texture": "#0"}
			}
		},
		{
			"from": [6.03539, 12.50464, 7.52325],
			"to": [6.10307, 16.22704, 8.63997],
			"rotation": {"angle": 0, "axis": "y", "origin": [-17.32544, 14.72135, 7.79]},
			"faces": {
				"north": {"uv": [0, 0, 16, 16], "texture": "#0"},
				"east": {"uv": [0, 0, 16, 16], "rotation": 90, "texture": "#0"},
				"south": {"uv": [0, 0, 16, 16], "rotation": 90, "texture": "#0"},
				"west": {"uv": [0, 0, 16, 16], "rotation": 90, "texture": "#0"},
				"up": {"uv": [0, 0, 16, 16], "rotation": 90, "texture": "#0"},
				"down": {"uv": [0, 0, 16, 16], "rotation": 90, "texture": "#0"}
			}
		},
		{
			"from": [7.72739, 12.50464, 7.52325],
			"to": [7.79507, 16.22704, 8.63997],
			"rotation": {"angle": 0, "axis": "y", "origin": [-17.32544, 14.72135, 7.79]},
			"faces": {
				"north": {"uv": [0, 0, 16, 16], "texture": "#0"},
				"east": {"uv": [0, 0, 16, 16], "rotation": 90, "texture": "#0"},
				"south": {"uv": [0, 0, 16, 16], "rotation": 90, "texture": "#0"},
				"west": {"uv": [0, 0, 16, 16], "rotation": 90, "texture": "#0"},
				"up": {"uv": [0, 0, 16, 16], "rotation": 90, "texture": "#0"},
				"down": {"uv": [0, 0, 16, 16], "rotation": 90, "texture": "#0"}
			}
		},
		{
			"from": [4.34339, 12.50464, 7.52325],
			"to": [4.41107, 16.22704, 8.63997],
			"rotation": {"angle": 0, "axis": "y", "origin": [-17.32544, 14.72135, 7.79]},
			"faces": {
				"north": {"uv": [0, 0, 16, 16], "texture": "#0"},
				"east": {"uv": [0, 0, 16, 16], "rotation": 90, "texture": "#0"},
				"south": {"uv": [0, 0, 16, 16], "rotation": 90, "texture": "#0"},
				"west": {"uv": [0, 0, 16, 16], "rotation": 90, "texture": "#0"},
				"up": {"uv": [0, 0, 16, 16], "rotation": 90, "texture": "#0"},
				"down": {"uv": [0, 0, 16, 16], "rotation": 90, "texture": "#0"}
			}
		},
		{
			"from": [3.70043, 13.51984, 7.59093],
			"to": [11.82203, 15.21184, 7.59093],
			"rotation": {"angle": 0, "axis": "z", "origin": [-17.32544, 14.72135, 7.79]},
			"faces": {
				"north": {"uv": [0.376, 7.352, 15.36, 9.672], "texture": "#2"},
				"east": {"uv": [0.216, 13.68, 13, 16], "texture": "#2"},
				"south": {"uv": [0.216, 13.68, 13, 16], "texture": "#2"},
				"west": {"uv": [0.216, 13.68, 13, 16], "texture": "#2"},
				"up": {"uv": [0.216, 13.68, 13, 16], "texture": "#2"},
				"down": {"uv": [0.216, 13.68, 13, 16], "texture": "#2"}
			}
		},
		{
			"from": [3.70043, 13.51984, 7.55709],
			"to": [11.82203, 15.21184, 7.55709],
			"rotation": {"angle": 0, "axis": "z", "origin": [-17.32544, 14.72135, 7.79]},
			"faces": {
				"north": {"uv": [0.376, 7.352, 15.36, 9.672], "texture": "#2"},
				"east": {"uv": [0.216, 13.68, 13, 16], "texture": "#2"},
				"south": {"uv": [0.216, 13.68, 13, 16], "texture": "#2"},
				"west": {"uv": [0.216, 13.68, 13, 16], "texture": "#2"},
				"up": {"uv": [0.216, 13.68, 13, 16], "texture": "#2"},
				"down": {"uv": [0.216, 13.68, 13, 16], "texture": "#2"}
			}
		},
		{
			"from": [3.70043, 13.51984, 7.52325],
			"to": [11.82203, 15.21184, 7.52325],
			"rotation": {"angle": 0, "axis": "z", "origin": [-17.32544, 14.72135, 7.79]},
			"faces": {
				"north": {"uv": [0.376, 7.352, 15.36, 9.672], "texture": "#2"},
				"east": {"uv": [0.216, 13.68, 13, 16], "texture": "#2"},
				"south": {"uv": [0.216, 13.68, 13, 16], "texture": "#2"},
				"west": {"uv": [0.216, 13.68, 13, 16], "texture": "#2"},
				"up": {"uv": [0.216, 13.68, 13, 16], "texture": "#2"},
				"down": {"uv": [0.216, 13.68, 13, 16], "texture": "#2"}
			}
		},
		{
			"from": [3.70043, 13.51984, 7.48941],
			"to": [11.82203, 15.21184, 7.48941],
			"rotation": {"angle": 0, "axis": "z", "origin": [-17.32544, 14.72135, 7.79]},
			"faces": {
				"north": {"uv": [0.376, 7.352, 15.36, 9.672], "texture": "#2"},
				"east": {"uv": [0.216, 13.68, 13, 16], "texture": "#2"},
				"south": {"uv": [0.216, 13.68, 13, 16], "texture": "#2"},
				"west": {"uv": [0.216, 13.68, 13, 16], "texture": "#2"},
				"up": {"uv": [0.216, 13.68, 13, 16], "texture": "#2"},
				"down": {"uv": [0.216, 13.68, 13, 16], "texture": "#2"}
			}
		},
		{
			"from": [3.70043, 13.51984, 7.45557],
			"to": [11.82203, 15.21184, 7.45557],
			"rotation": {"angle": 0, "axis": "z", "origin": [-17.32544, 14.72135, 7.79]},
			"faces": {
				"north": {"uv": [0.376, 7.352, 15.36, 9.672], "texture": "#2"},
				"east": {"uv": [0.216, 13.68, 13, 16], "texture": "#2"},
				"south": {"uv": [0.216, 13.68, 13, 16], "texture": "#2"},
				"west": {"uv": [0.216, 13.68, 13, 16], "texture": "#2"},
				"up": {"uv": [0.216, 13.68, 13, 16], "texture": "#2"},
				"down": {"uv": [0.216, 13.68, 13, 16], "texture": "#2"}
			}
		},
		{
			"from": [3.70043, 13.51984, 7.42173],
			"to": [11.82203, 15.21184, 7.42173],
			"rotation": {"angle": 0, "axis": "z", "origin": [-17.32544, 14.72135, 7.79]},
			"faces": {
				"north": {"uv": [0.376, 7.352, 15.36, 9.672], "texture": "#2"},
				"east": {"uv": [0.216, 13.68, 13, 16], "texture": "#2"},
				"south": {"uv": [0.216, 13.68, 13, 16], "texture": "#2"},
				"west": {"uv": [0.216, 13.68, 13, 16], "texture": "#2"},
				"up": {"uv": [0.216, 13.68, 13, 16], "texture": "#2"},
				"down": {"uv": [0.216, 13.68, 13, 16], "texture": "#2"}
			}
		},
		{
			"from": [3.70043, 13.51984, 7.38789],
			"to": [11.82203, 15.21184, 7.38789],
			"rotation": {"angle": 0, "axis": "z", "origin": [-17.32544, 14.72135, 7.79]},
			"faces": {
				"north": {"uv": [0.376, 7.352, 15.36, 9.672], "texture": "#2"},
				"east": {"uv": [0.216, 13.68, 13, 16], "texture": "#2"},
				"south": {"uv": [0.216, 13.68, 13, 16], "texture": "#2"},
				"west": {"uv": [0.216, 13.68, 13, 16], "texture": "#2"},
				"up": {"uv": [0.216, 13.68, 13, 16], "texture": "#2"},
				"down": {"uv": [0.216, 13.68, 13, 16], "texture": "#2"}
			}
		},
		{
			"from": [3.70043, 13.51984, 7.35405],
			"to": [11.82203, 15.21184, 7.35405],
			"rotation": {"angle": 0, "axis": "z", "origin": [-17.32544, 14.72135, 7.79]},
			"faces": {
				"north": {"uv": [0.376, 7.352, 15.36, 9.672], "texture": "#2"},
				"east": {"uv": [0.216, 13.68, 13, 16], "texture": "#2"},
				"south": {"uv": [0.216, 13.68, 13, 16], "texture": "#2"},
				"west": {"uv": [0.216, 13.68, 13, 16], "texture": "#2"},
				"up": {"uv": [0.216, 13.68, 13, 16], "texture": "#2"},
				"down": {"uv": [0.216, 13.68, 13, 16], "texture": "#2"}
			}
		},
		{
			"from": [3.70043, 13.51984, 7.32021],
			"to": [11.82203, 15.21184, 7.32021],
			"rotation": {"angle": 0, "axis": "z", "origin": [-17.32544, 14.72135, 7.79]},
			"faces": {
				"north": {"uv": [0.376, 7.352, 15.36, 9.672], "texture": "#2"},
				"east": {"uv": [0.216, 13.68, 13, 16], "texture": "#2"},
				"south": {"uv": [0.216, 13.68, 13, 16], "texture": "#2"},
				"west": {"uv": [0.216, 13.68, 13, 16], "texture": "#2"},
				"up": {"uv": [0.216, 13.68, 13, 16], "texture": "#2"},
				"down": {"uv": [0.216, 13.68, 13, 16], "texture": "#2"}
			}
		},
		{
			"from": [3.70043, 13.51984, 7.28637],
			"to": [11.82203, 15.21184, 7.28637],
			"rotation": {"angle": 0, "axis": "z", "origin": [-17.32544, 14.72135, 7.79]},
			"faces": {
				"north": {"uv": [0.376, 7.352, 15.36, 9.672], "texture": "#2"},
				"east": {"uv": [0.216, 13.68, 13, 16], "texture": "#2"},
				"south": {"uv": [0.216, 13.68, 13, 16], "texture": "#2"},
				"west": {"uv": [0.216, 13.68, 13, 16], "texture": "#2"},
				"up": {"uv": [0.216, 13.68, 13, 16], "texture": "#2"},
				"down": {"uv": [0.216, 13.68, 13, 16], "texture": "#2"}
			}
		},
		{
			"from": [2.95595, 13.18144, 7.62477],
			"to": [3.63275, 14.19664, 7.62477],
			"rotation": {"angle": 0, "axis": "z", "origin": [-17.32544, 14.72135, 7.79]},
			"faces": {
				"north": {"uv": [13.3008, 12.876, 15.4784, 15.6144], "texture": "#2"},
				"east": {"uv": [0.216, 13.68, 13, 16], "texture": "#2"},
				"south": {"uv": [0.216, 13.68, 13, 16], "texture": "#2"},
				"west": {"uv": [0.216, 13.68, 13, 16], "texture": "#2"},
				"up": {"uv": [0.216, 13.68, 13, 16], "texture": "#2"},
				"down": {"uv": [0.216, 13.68, 13, 16], "texture": "#2"}
			}
		},
		{
			"from": [2.95595, 13.18144, 7.59093],
			"to": [3.63275, 14.19664, 7.59093],
			"rotation": {"angle": 0, "axis": "z", "origin": [-17.32544, 14.72135, 7.79]},
			"faces": {
				"north": {"uv": [13.3008, 12.876, 15.4784, 15.6144], "texture": "#2"},
				"east": {"uv": [0.216, 13.68, 13, 16], "texture": "#2"},
				"south": {"uv": [0.216, 13.68, 13, 16], "texture": "#2"},
				"west": {"uv": [0.216, 13.68, 13, 16], "texture": "#2"},
				"up": {"uv": [0.216, 13.68, 13, 16], "texture": "#2"},
				"down": {"uv": [0.216, 13.68, 13, 16], "texture": "#2"}
			}
		},
		{
			"from": [2.95595, 13.18144, 7.55709],
			"to": [3.63275, 14.19664, 7.55709],
			"rotation": {"angle": 0, "axis": "z", "origin": [-17.32544, 14.72135, 7.79]},
			"faces": {
				"north": {"uv": [13.3008, 12.876, 15.4784, 15.6144], "texture": "#2"},
				"east": {"uv": [0.216, 13.68, 13, 16], "texture": "#2"},
				"south": {"uv": [0.216, 13.68, 13, 16], "texture": "#2"},
				"west": {"uv": [0.216, 13.68, 13, 16], "texture": "#2"},
				"up": {"uv": [0.216, 13.68, 13, 16], "texture": "#2"},
				"down": {"uv": [0.216, 13.68, 13, 16], "texture": "#2"}
			}
		},
		{
			"from": [2.95595, 13.18144, 7.52325],
			"to": [3.63275, 14.19664, 7.52325],
			"rotation": {"angle": 0, "axis": "z", "origin": [-17.32544, 14.72135, 7.79]},
			"faces": {
				"north": {"uv": [13.3008, 12.876, 15.4784, 15.6144], "texture": "#2"},
				"east": {"uv": [0.216, 13.68, 13, 16], "texture": "#2"},
				"south": {"uv": [0.216, 13.68, 13, 16], "texture": "#2"},
				"west": {"uv": [0.216, 13.68, 13, 16], "texture": "#2"},
				"up": {"uv": [0.216, 13.68, 13, 16], "texture": "#2"},
				"down": {"uv": [0.216, 13.68, 13, 16], "texture": "#2"}
			}
		},
		{
			"from": [2.95595, 13.18144, 7.48941],
			"to": [3.63275, 14.19664, 7.48941],
			"rotation": {"angle": 0, "axis": "z", "origin": [-17.32544, 14.72135, 7.79]},
			"faces": {
				"north": {"uv": [13.3008, 12.876, 15.4784, 15.6144], "texture": "#2"},
				"east": {"uv": [0.216, 13.68, 13, 16], "texture": "#2"},
				"south": {"uv": [0.216, 13.68, 13, 16], "texture": "#2"},
				"west": {"uv": [0.216, 13.68, 13, 16], "texture": "#2"},
				"up": {"uv": [0.216, 13.68, 13, 16], "texture": "#2"},
				"down": {"uv": [0.216, 13.68, 13, 16], "texture": "#2"}
			}
		},
		{
			"from": [2.95595, 13.18144, 7.45557],
			"to": [3.63275, 14.19664, 7.45557],
			"rotation": {"angle": 0, "axis": "z", "origin": [-17.32544, 14.72135, 7.79]},
			"faces": {
				"north": {"uv": [13.3008, 12.876, 15.4784, 15.6144], "texture": "#2"},
				"east": {"uv": [0.216, 13.68, 13, 16], "texture": "#2"},
				"south": {"uv": [0.216, 13.68, 13, 16], "texture": "#2"},
				"west": {"uv": [0.216, 13.68, 13, 16], "texture": "#2"},
				"up": {"uv": [0.216, 13.68, 13, 16], "texture": "#2"},
				"down": {"uv": [0.216, 13.68, 13, 16], "texture": "#2"}
			}
		},
		{
			"from": [2.95595, 13.18144, 7.42173],
			"to": [3.63275, 14.19664, 7.42173],
			"rotation": {"angle": 0, "axis": "z", "origin": [-17.32544, 14.72135, 7.79]},
			"faces": {
				"north": {"uv": [13.3008, 12.876, 15.4784, 15.6144], "texture": "#2"},
				"east": {"uv": [0.216, 13.68, 13, 16], "texture": "#2"},
				"south": {"uv": [0.216, 13.68, 13, 16], "texture": "#2"},
				"west": {"uv": [0.216, 13.68, 13, 16], "texture": "#2"},
				"up": {"uv": [0.216, 13.68, 13, 16], "texture": "#2"},
				"down": {"uv": [0.216, 13.68, 13, 16], "texture": "#2"}
			}
		},
		{
			"from": [2.95595, 13.18144, 7.38789],
			"to": [3.63275, 14.19664, 7.38789],
			"rotation": {"angle": 0, "axis": "z", "origin": [-17.32544, 14.72135, 7.79]},
			"faces": {
				"north": {"uv": [13.3008, 12.876, 15.4784, 15.6144], "texture": "#2"},
				"east": {"uv": [0.216, 13.68, 13, 16], "texture": "#2"},
				"south": {"uv": [0.216, 13.68, 13, 16], "texture": "#2"},
				"west": {"uv": [0.216, 13.68, 13, 16], "texture": "#2"},
				"up": {"uv": [0.216, 13.68, 13, 16], "texture": "#2"},
				"down": {"uv": [0.216, 13.68, 13, 16], "texture": "#2"}
			}
		},
		{
			"from": [2.95595, 13.18144, 7.35405],
			"to": [3.63275, 14.19664, 7.35405],
			"rotation": {"angle": 0, "axis": "z", "origin": [-17.32544, 14.72135, 7.79]},
			"faces": {
				"north": {"uv": [13.3008, 12.876, 15.4784, 15.6144], "texture": "#2"},
				"east": {"uv": [0.216, 13.68, 13, 16], "texture": "#2"},
				"south": {"uv": [0.216, 13.68, 13, 16], "texture": "#2"},
				"west": {"uv": [0.216, 13.68, 13, 16], "texture": "#2"},
				"up": {"uv": [0.216, 13.68, 13, 16], "texture": "#2"},
				"down": {"uv": [0.216, 13.68, 13, 16], "texture": "#2"}
			}
		},
		{
			"from": [2.95595, 13.18144, 7.32021],
			"to": [3.63275, 14.19664, 7.32021],
			"rotation": {"angle": 0, "axis": "z", "origin": [-17.32544, 14.72135, 7.79]},
			"faces": {
				"north": {"uv": [13.3008, 12.876, 15.4784, 15.6144], "texture": "#2"},
				"east": {"uv": [0.216, 13.68, 13, 16], "texture": "#2"},
				"south": {"uv": [0.216, 13.68, 13, 16], "texture": "#2"},
				"west": {"uv": [0.216, 13.68, 13, 16], "texture": "#2"},
				"up": {"uv": [0.216, 13.68, 13, 16], "texture": "#2"},
				"down": {"uv": [0.216, 13.68, 13, 16], "texture": "#2"}
			}
		},
		{
			"from": [2.00843, 14.53504, 7.32021],
			"to": [2.68523, 15.55024, 7.32021],
			"rotation": {"angle": 0, "axis": "z", "origin": [-17.32544, 14.72135, 7.79]},
			"faces": {
				"north": {"uv": [13.3008, 12.876, 15.4784, 15.6144], "texture": "#2"},
				"east": {"uv": [0.216, 13.68, 13, 16], "texture": "#2"},
				"south": {"uv": [0.216, 13.68, 13, 16], "texture": "#2"},
				"west": {"uv": [0.216, 13.68, 13, 16], "texture": "#2"},
				"up": {"uv": [0.216, 13.68, 13, 16], "texture": "#2"},
				"down": {"uv": [0.216, 13.68, 13, 16], "texture": "#2"}
			}
		},
		{
			"from": [2.00843, 14.53504, 7.35405],
			"to": [2.68523, 15.55024, 7.35405],
			"rotation": {"angle": 0, "axis": "z", "origin": [-17.32544, 14.72135, 7.79]},
			"faces": {
				"north": {"uv": [13.3008, 12.876, 15.4784, 15.6144], "texture": "#2"},
				"east": {"uv": [0.216, 13.68, 13, 16], "texture": "#2"},
				"south": {"uv": [0.216, 13.68, 13, 16], "texture": "#2"},
				"west": {"uv": [0.216, 13.68, 13, 16], "texture": "#2"},
				"up": {"uv": [0.216, 13.68, 13, 16], "texture": "#2"},
				"down": {"uv": [0.216, 13.68, 13, 16], "texture": "#2"}
			}
		},
		{
			"from": [2.00843, 14.53504, 7.38789],
			"to": [2.68523, 15.55024, 7.38789],
			"rotation": {"angle": 0, "axis": "z", "origin": [-17.32544, 14.72135, 7.79]},
			"faces": {
				"north": {"uv": [13.3008, 12.876, 15.4784, 15.6144], "texture": "#2"},
				"east": {"uv": [0.216, 13.68, 13, 16], "texture": "#2"},
				"south": {"uv": [0.216, 13.68, 13, 16], "texture": "#2"},
				"west": {"uv": [0.216, 13.68, 13, 16], "texture": "#2"},
				"up": {"uv": [0.216, 13.68, 13, 16], "texture": "#2"},
				"down": {"uv": [0.216, 13.68, 13, 16], "texture": "#2"}
			}
		},
		{
			"from": [2.00843, 14.53504, 7.42173],
			"to": [2.68523, 15.55024, 7.42173],
			"rotation": {"angle": 0, "axis": "z", "origin": [-17.32544, 14.72135, 7.79]},
			"faces": {
				"north": {"uv": [13.3008, 12.876, 15.4784, 15.6144], "texture": "#2"},
				"east": {"uv": [0.216, 13.68, 13, 16], "texture": "#2"},
				"south": {"uv": [0.216, 13.68, 13, 16], "texture": "#2"},
				"west": {"uv": [0.216, 13.68, 13, 16], "texture": "#2"},
				"up": {"uv": [0.216, 13.68, 13, 16], "texture": "#2"},
				"down": {"uv": [0.216, 13.68, 13, 16], "texture": "#2"}
			}
		},
		{
			"from": [2.00843, 14.53504, 7.45557],
			"to": [2.68523, 15.55024, 7.45557],
			"rotation": {"angle": 0, "axis": "z", "origin": [-17.32544, 14.72135, 7.79]},
			"faces": {
				"north": {"uv": [13.3008, 12.876, 15.4784, 15.6144], "texture": "#2"},
				"east": {"uv": [0.216, 13.68, 13, 16], "texture": "#2"},
				"south": {"uv": [0.216, 13.68, 13, 16], "texture": "#2"},
				"west": {"uv": [0.216, 13.68, 13, 16], "texture": "#2"},
				"up": {"uv": [0.216, 13.68, 13, 16], "texture": "#2"},
				"down": {"uv": [0.216, 13.68, 13, 16], "texture": "#2"}
			}
		},
		{
			"from": [2.00843, 14.53504, 7.48941],
			"to": [2.68523, 15.55024, 7.48941],
			"rotation": {"angle": 0, "axis": "z", "origin": [-17.32544, 14.72135, 7.79]},
			"faces": {
				"north": {"uv": [13.3008, 12.876, 15.4784, 15.6144], "texture": "#2"},
				"east": {"uv": [0.216, 13.68, 13, 16], "texture": "#2"},
				"south": {"uv": [0.216, 13.68, 13, 16], "texture": "#2"},
				"west": {"uv": [0.216, 13.68, 13, 16], "texture": "#2"},
				"up": {"uv": [0.216, 13.68, 13, 16], "texture": "#2"},
				"down": {"uv": [0.216, 13.68, 13, 16], "texture": "#2"}
			}
		},
		{
			"from": [2.00843, 14.53504, 7.52325],
			"to": [2.68523, 15.55024, 7.52325],
			"rotation": {"angle": 0, "axis": "z", "origin": [-17.32544, 14.72135, 7.79]},
			"faces": {
				"north": {"uv": [13.3008, 12.876, 15.4784, 15.6144], "texture": "#2"},
				"east": {"uv": [0.216, 13.68, 13, 16], "texture": "#2"},
				"south": {"uv": [0.216, 13.68, 13, 16], "texture": "#2"},
				"west": {"uv": [0.216, 13.68, 13, 16], "texture": "#2"},
				"up": {"uv": [0.216, 13.68, 13, 16], "texture": "#2"},
				"down": {"uv": [0.216, 13.68, 13, 16], "texture": "#2"}
			}
		},
		{
			"from": [2.00843, 14.53504, 7.55709],
			"to": [2.68523, 15.55024, 7.55709],
			"rotation": {"angle": 0, "axis": "z", "origin": [-17.32544, 14.72135, 7.79]},
			"faces": {
				"north": {"uv": [13.3008, 12.876, 15.4784, 15.6144], "texture": "#2"},
				"east": {"uv": [0.216, 13.68, 13, 16], "texture": "#2"},
				"south": {"uv": [0.216, 13.68, 13, 16], "texture": "#2"},
				"west": {"uv": [0.216, 13.68, 13, 16], "texture": "#2"},
				"up": {"uv": [0.216, 13.68, 13, 16], "texture": "#2"},
				"down": {"uv": [0.216, 13.68, 13, 16], "texture": "#2"}
			}
		},
		{
			"from": [2.00843, 14.53504, 7.59093],
			"to": [2.68523, 15.55024, 7.59093],
			"rotation": {"angle": 0, "axis": "z", "origin": [-17.32544, 14.72135, 7.79]},
			"faces": {
				"north": {"uv": [13.3008, 12.876, 15.4784, 15.6144], "texture": "#2"},
				"east": {"uv": [0.216, 13.68, 13, 16], "texture": "#2"},
				"south": {"uv": [0.216, 13.68, 13, 16], "texture": "#2"},
				"west": {"uv": [0.216, 13.68, 13, 16], "texture": "#2"},
				"up": {"uv": [0.216, 13.68, 13, 16], "texture": "#2"},
				"down": {"uv": [0.216, 13.68, 13, 16], "texture": "#2"}
			}
		},
		{
			"from": [2.00843, 14.53504, 7.62477],
			"to": [2.68523, 15.55024, 7.62477],
			"rotation": {"angle": 0, "axis": "z", "origin": [-17.32544, 14.72135, 7.79]},
			"faces": {
				"north": {"uv": [13.3008, 12.876, 15.4784, 15.6144], "texture": "#2"},
				"east": {"uv": [0.216, 13.68, 13, 16], "texture": "#2"},
				"south": {"uv": [0.216, 13.68, 13, 16], "texture": "#2"},
				"west": {"uv": [0.216, 13.68, 13, 16], "texture": "#2"},
				"up": {"uv": [0.216, 13.68, 13, 16], "texture": "#2"},
				"down": {"uv": [0.216, 13.68, 13, 16], "texture": "#2"}
			}
		},
		{
			"from": [11.88971, 14.43352, 7.32021],
			"to": [12.56651, 15.44872, 7.32021],
			"rotation": {"angle": 0, "axis": "z", "origin": [-17.32544, 14.72135, 7.79]},
			"faces": {
				"north": {"uv": [13.3008, 12.876, 15.4784, 15.6144], "texture": "#2"},
				"east": {"uv": [0.216, 13.68, 13, 16], "texture": "#2"},
				"south": {"uv": [0.216, 13.68, 13, 16], "texture": "#2"},
				"west": {"uv": [0.216, 13.68, 13, 16], "texture": "#2"},
				"up": {"uv": [0.216, 13.68, 13, 16], "texture": "#2"},
				"down": {"uv": [0.216, 13.68, 13, 16], "texture": "#2"}
			}
		},
		{
			"from": [11.88971, 14.43352, 7.35405],
			"to": [12.56651, 15.44872, 7.35405],
			"rotation": {"angle": 0, "axis": "z", "origin": [-17.32544, 14.72135, 7.79]},
			"faces": {
				"north": {"uv": [13.3008, 12.876, 15.4784, 15.6144], "texture": "#2"},
				"east": {"uv": [0.216, 13.68, 13, 16], "texture": "#2"},
				"south": {"uv": [0.216, 13.68, 13, 16], "texture": "#2"},
				"west": {"uv": [0.216, 13.68, 13, 16], "texture": "#2"},
				"up": {"uv": [0.216, 13.68, 13, 16], "texture": "#2"},
				"down": {"uv": [0.216, 13.68, 13, 16], "texture": "#2"}
			}
		},
		{
			"from": [11.88971, 14.43352, 7.38789],
			"to": [12.56651, 15.44872, 7.38789],
			"rotation": {"angle": 0, "axis": "z", "origin": [-17.32544, 14.72135, 7.79]},
			"faces": {
				"north": {"uv": [13.3008, 12.876, 15.4784, 15.6144], "texture": "#2"},
				"east": {"uv": [0.216, 13.68, 13, 16], "texture": "#2"},
				"south": {"uv": [0.216, 13.68, 13, 16], "texture": "#2"},
				"west": {"uv": [0.216, 13.68, 13, 16], "texture": "#2"},
				"up": {"uv": [0.216, 13.68, 13, 16], "texture": "#2"},
				"down": {"uv": [0.216, 13.68, 13, 16], "texture": "#2"}
			}
		},
		{
			"from": [11.88971, 14.43352, 7.42173],
			"to": [12.56651, 15.44872, 7.42173],
			"rotation": {"angle": 0, "axis": "z", "origin": [-17.32544, 14.72135, 7.79]},
			"faces": {
				"north": {"uv": [13.3008, 12.876, 15.4784, 15.6144], "texture": "#2"},
				"east": {"uv": [0.216, 13.68, 13, 16], "texture": "#2"},
				"south": {"uv": [0.216, 13.68, 13, 16], "texture": "#2"},
				"west": {"uv": [0.216, 13.68, 13, 16], "texture": "#2"},
				"up": {"uv": [0.216, 13.68, 13, 16], "texture": "#2"},
				"down": {"uv": [0.216, 13.68, 13, 16], "texture": "#2"}
			}
		},
		{
			"from": [11.88971, 14.43352, 7.45557],
			"to": [12.56651, 15.44872, 7.45557],
			"rotation": {"angle": 0, "axis": "z", "origin": [-17.32544, 14.72135, 7.79]},
			"faces": {
				"north": {"uv": [13.3008, 12.876, 15.4784, 15.6144], "texture": "#2"},
				"east": {"uv": [0.216, 13.68, 13, 16], "texture": "#2"},
				"south": {"uv": [0.216, 13.68, 13, 16], "texture": "#2"},
				"west": {"uv": [0.216, 13.68, 13, 16], "texture": "#2"},
				"up": {"uv": [0.216, 13.68, 13, 16], "texture": "#2"},
				"down": {"uv": [0.216, 13.68, 13, 16], "texture": "#2"}
			}
		},
		{
			"from": [11.88971, 14.43352, 7.48941],
			"to": [12.56651, 15.44872, 7.48941],
			"rotation": {"angle": 0, "axis": "z", "origin": [-17.32544, 14.72135, 7.79]},
			"faces": {
				"north": {"uv": [13.3008, 12.876, 15.4784, 15.6144], "texture": "#2"},
				"east": {"uv": [0.216, 13.68, 13, 16], "texture": "#2"},
				"south": {"uv": [0.216, 13.68, 13, 16], "texture": "#2"},
				"west": {"uv": [0.216, 13.68, 13, 16], "texture": "#2"},
				"up": {"uv": [0.216, 13.68, 13, 16], "texture": "#2"},
				"down": {"uv": [0.216, 13.68, 13, 16], "texture": "#2"}
			}
		},
		{
			"from": [11.88971, 14.43352, 7.52325],
			"to": [12.56651, 15.44872, 7.52325],
			"rotation": {"angle": 0, "axis": "z", "origin": [-17.32544, 14.72135, 7.79]},
			"faces": {
				"north": {"uv": [13.3008, 12.876, 15.4784, 15.6144], "texture": "#2"},
				"east": {"uv": [0.216, 13.68, 13, 16], "texture": "#2"},
				"south": {"uv": [0.216, 13.68, 13, 16], "texture": "#2"},
				"west": {"uv": [0.216, 13.68, 13, 16], "texture": "#2"},
				"up": {"uv": [0.216, 13.68, 13, 16], "texture": "#2"},
				"down": {"uv": [0.216, 13.68, 13, 16], "texture": "#2"}
			}
		},
		{
			"from": [11.88971, 14.43352, 7.55709],
			"to": [12.56651, 15.44872, 7.55709],
			"rotation": {"angle": 0, "axis": "z", "origin": [-17.32544, 14.72135, 7.79]},
			"faces": {
				"north": {"uv": [13.3008, 12.876, 15.4784, 15.6144], "texture": "#2"},
				"east": {"uv": [0.216, 13.68, 13, 16], "texture": "#2"},
				"south": {"uv": [0.216, 13.68, 13, 16], "texture": "#2"},
				"west": {"uv": [0.216, 13.68, 13, 16], "texture": "#2"},
				"up": {"uv": [0.216, 13.68, 13, 16], "texture": "#2"},
				"down": {"uv": [0.216, 13.68, 13, 16], "texture": "#2"}
			}
		},
		{
			"from": [11.88971, 14.43352, 7.59093],
			"to": [12.56651, 15.44872, 7.59093],
			"rotation": {"angle": 0, "axis": "z", "origin": [-17.32544, 14.72135, 7.79]},
			"faces": {
				"north": {"uv": [13.3008, 12.876, 15.4784, 15.6144], "texture": "#2"},
				"east": {"uv": [0.216, 13.68, 13, 16], "texture": "#2"},
				"south": {"uv": [0.216, 13.68, 13, 16], "texture": "#2"},
				"west": {"uv": [0.216, 13.68, 13, 16], "texture": "#2"},
				"up": {"uv": [0.216, 13.68, 13, 16], "texture": "#2"},
				"down": {"uv": [0.216, 13.68, 13, 16], "texture": "#2"}
			}
		},
		{
			"from": [11.88971, 14.43352, 7.62477],
			"to": [12.56651, 15.44872, 7.62477],
			"rotation": {"angle": 0, "axis": "z", "origin": [-17.32544, 14.72135, 7.79]},
			"faces": {
				"north": {"uv": [13.3008, 12.876, 15.4784, 15.6144], "texture": "#2"},
				"east": {"uv": [0.216, 13.68, 13, 16], "texture": "#2"},
				"south": {"uv": [0.216, 13.68, 13, 16], "texture": "#2"},
				"west": {"uv": [0.216, 13.68, 13, 16], "texture": "#2"},
				"up": {"uv": [0.216, 13.68, 13, 16], "texture": "#2"},
				"down": {"uv": [0.216, 13.68, 13, 16], "texture": "#2"}
			}
		},
		{
			"from": [13.10795, 13.41832, 7.62477],
			"to": [13.78475, 14.43352, 7.62477],
			"rotation": {"angle": 0, "axis": "z", "origin": [-17.32544, 14.72135, 7.79]},
			"faces": {
				"north": {"uv": [13.3008, 12.876, 15.4784, 15.6144], "texture": "#2"},
				"east": {"uv": [0.216, 13.68, 13, 16], "texture": "#2"},
				"south": {"uv": [0.216, 13.68, 13, 16], "texture": "#2"},
				"west": {"uv": [0.216, 13.68, 13, 16], "texture": "#2"},
				"up": {"uv": [0.216, 13.68, 13, 16], "texture": "#2"},
				"down": {"uv": [0.216, 13.68, 13, 16], "texture": "#2"}
			}
		},
		{
			"from": [13.10795, 13.41832, 7.59093],
			"to": [13.78475, 14.43352, 7.59093],
			"rotation": {"angle": 0, "axis": "z", "origin": [-17.32544, 14.72135, 7.79]},
			"faces": {
				"north": {"uv": [13.3008, 12.876, 15.4784, 15.6144], "texture": "#2"},
				"east": {"uv": [0.216, 13.68, 13, 16], "texture": "#2"},
				"south": {"uv": [0.216, 13.68, 13, 16], "texture": "#2"},
				"west": {"uv": [0.216, 13.68, 13, 16], "texture": "#2"},
				"up": {"uv": [0.216, 13.68, 13, 16], "texture": "#2"},
				"down": {"uv": [0.216, 13.68, 13, 16], "texture": "#2"}
			}
		},
		{
			"from": [13.10795, 13.41832, 7.55709],
			"to": [13.78475, 14.43352, 7.55709],
			"rotation": {"angle": 0, "axis": "z", "origin": [-17.32544, 14.72135, 7.79]},
			"faces": {
				"north": {"uv": [13.3008, 12.876, 15.4784, 15.6144], "texture": "#2"},
				"east": {"uv": [0.216, 13.68, 13, 16], "texture": "#2"},
				"south": {"uv": [0.216, 13.68, 13, 16], "texture": "#2"},
				"west": {"uv": [0.216, 13.68, 13, 16], "texture": "#2"},
				"up": {"uv": [0.216, 13.68, 13, 16], "texture": "#2"},
				"down": {"uv": [0.216, 13.68, 13, 16], "texture": "#2"}
			}
		},
		{
			"from": [13.10795, 13.41832, 7.52325],
			"to": [13.78475, 14.43352, 7.52325],
			"rotation": {"angle": 0, "axis": "z", "origin": [-17.32544, 14.72135, 7.79]},
			"faces": {
				"north": {"uv": [13.3008, 12.876, 15.4784, 15.6144], "texture": "#2"},
				"east": {"uv": [0.216, 13.68, 13, 16], "texture": "#2"},
				"south": {"uv": [0.216, 13.68, 13, 16], "texture": "#2"},
				"west": {"uv": [0.216, 13.68, 13, 16], "texture": "#2"},
				"up": {"uv": [0.216, 13.68, 13, 16], "texture": "#2"},
				"down": {"uv": [0.216, 13.68, 13, 16], "texture": "#2"}
			}
		},
		{
			"from": [13.10795, 13.41832, 7.48941],
			"to": [13.78475, 14.43352, 7.48941],
			"rotation": {"angle": 0, "axis": "z", "origin": [-17.32544, 14.72135, 7.79]},
			"faces": {
				"north": {"uv": [13.3008, 12.876, 15.4784, 15.6144], "texture": "#2"},
				"east": {"uv": [0.216, 13.68, 13, 16], "texture": "#2"},
				"south": {"uv": [0.216, 13.68, 13, 16], "texture": "#2"},
				"west": {"uv": [0.216, 13.68, 13, 16], "texture": "#2"},
				"up": {"uv": [0.216, 13.68, 13, 16], "texture": "#2"},
				"down": {"uv": [0.216, 13.68, 13, 16], "texture": "#2"}
			}
		},
		{
			"from": [13.10795, 13.41832, 7.45557],
			"to": [13.78475, 14.43352, 7.45557],
			"rotation": {"angle": 0, "axis": "z", "origin": [-17.32544, 14.72135, 7.79]},
			"faces": {
				"north": {"uv": [13.3008, 12.876, 15.4784, 15.6144], "texture": "#2"},
				"east": {"uv": [0.216, 13.68, 13, 16], "texture": "#2"},
				"south": {"uv": [0.216, 13.68, 13, 16], "texture": "#2"},
				"west": {"uv": [0.216, 13.68, 13, 16], "texture": "#2"},
				"up": {"uv": [0.216, 13.68, 13, 16], "texture": "#2"},
				"down": {"uv": [0.216, 13.68, 13, 16], "texture": "#2"}
			}
		},
		{
			"from": [13.10795, 13.41832, 7.42173],
			"to": [13.78475, 14.43352, 7.42173],
			"rotation": {"angle": 0, "axis": "z", "origin": [-17.32544, 14.72135, 7.79]},
			"faces": {
				"north": {"uv": [13.3008, 12.876, 15.4784, 15.6144], "texture": "#2"},
				"east": {"uv": [0.216, 13.68, 13, 16], "texture": "#2"},
				"south": {"uv": [0.216, 13.68, 13, 16], "texture": "#2"},
				"west": {"uv": [0.216, 13.68, 13, 16], "texture": "#2"},
				"up": {"uv": [0.216, 13.68, 13, 16], "texture": "#2"},
				"down": {"uv": [0.216, 13.68, 13, 16], "texture": "#2"}
			}
		},
		{
			"from": [13.10795, 13.41832, 7.38789],
			"to": [13.78475, 14.43352, 7.38789],
			"rotation": {"angle": 0, "axis": "z", "origin": [-17.32544, 14.72135, 7.79]},
			"faces": {
				"north": {"uv": [13.3008, 12.876, 15.4784, 15.6144], "texture": "#2"},
				"east": {"uv": [0.216, 13.68, 13, 16], "texture": "#2"},
				"south": {"uv": [0.216, 13.68, 13, 16], "texture": "#2"},
				"west": {"uv": [0.216, 13.68, 13, 16], "texture": "#2"},
				"up": {"uv": [0.216, 13.68, 13, 16], "texture": "#2"},
				"down": {"uv": [0.216, 13.68, 13, 16], "texture": "#2"}
			}
		},
		{
			"from": [13.10795, 13.41832, 7.35405],
			"to": [13.78475, 14.43352, 7.35405],
			"rotation": {"angle": 0, "axis": "z", "origin": [-17.32544, 14.72135, 7.79]},
			"faces": {
				"north": {"uv": [13.3008, 12.876, 15.4784, 15.6144], "texture": "#2"},
				"east": {"uv": [0.216, 13.68, 13, 16], "texture": "#2"},
				"south": {"uv": [0.216, 13.68, 13, 16], "texture": "#2"},
				"west": {"uv": [0.216, 13.68, 13, 16], "texture": "#2"},
				"up": {"uv": [0.216, 13.68, 13, 16], "texture": "#2"},
				"down": {"uv": [0.216, 13.68, 13, 16], "texture": "#2"}
			}
		},
		{
			"from": [13.10795, 13.41832, 7.32021],
			"to": [13.78475, 14.43352, 7.32021],
			"rotation": {"angle": 0, "axis": "z", "origin": [-17.32544, 14.72135, 7.79]},
			"faces": {
				"north": {"uv": [13.3008, 12.876, 15.4784, 15.6144], "texture": "#2"},
				"east": {"uv": [0.216, 13.68, 13, 16], "texture": "#2"},
				"south": {"uv": [0.216, 13.68, 13, 16], "texture": "#2"},
				"west": {"uv": [0.216, 13.68, 13, 16], "texture": "#2"},
				"up": {"uv": [0.216, 13.68, 13, 16], "texture": "#2"},
				"down": {"uv": [0.216, 13.68, 13, 16], "texture": "#2"}
			}
		},
		{
			"from": [2.65139, 12.50464, 7.52325],
			"to": [2.71907, 16.22704, 8.63997],
			"rotation": {"angle": 0, "axis": "y", "origin": [-17.32544, 14.72135, 7.79]},
			"faces": {
				"north": {"uv": [0, 0, 16, 16], "texture": "#0"},
				"east": {"uv": [0, 0, 16, 16], "rotation": 90, "texture": "#0"},
				"south": {"uv": [0, 0, 16, 16], "rotation": 90, "texture": "#0"},
				"west": {"uv": [0, 0, 16, 16], "rotation": 90, "texture": "#0"},
				"up": {"uv": [0, 0, 16, 16], "rotation": 90, "texture": "#0"},
				"down": {"uv": [0, 0, 16, 16], "rotation": 90, "texture": "#0"}
			}
		},
		{
			"name": "Element",
			"from": [7.46886, 16.53656, 7.68564],
			"to": [8.05361, 16.68275, 8.27039],
			"rotation": {"angle": 0, "axis": "y", "origin": [-17.32544, 14.72135, 7.79]},
			"faces": {
				"north": {"uv": [2, 6, 6, 7], "texture": "#0"},
				"east": {"uv": [2, 6, 6, 7], "texture": "#0"},
				"south": {"uv": [2, 6, 6, 7], "texture": "#0"},
				"west": {"uv": [2, 6, 6, 7], "texture": "#0"},
				"up": {"uv": [2, 2, 6, 6], "texture": "#0"},
				"down": {"uv": [6, 6, 2, 2], "texture": "#0", "cullface": "down"}
			}
		},
		{
			"name": "Element",
			"from": [0.40111, 16.68275, -9.96138],
			"to": [0.69348, 17.41369, -9.669],
			"rotation": {"angle": -45, "axis": "y", "origin": [-17.32544, 14.72135, 7.79]},
			"faces": {
				"north": {"uv": [0, 0, 2, 15], "texture": "#end_rod"},
				"east": {"uv": [0, 0, 2, 15], "texture": "#end_rod"},
				"south": {"uv": [0, 0, 2, 15], "texture": "#end_rod"},
				"west": {"uv": [0, 0, 2, 15], "texture": "#end_rod"},
				"up": {"uv": [2, 0, 4, 2], "texture": "#end_rod", "cullface": "up"}
			}
		},
		{
			"name": "Element",
			"from": [0.32801, 16.90203, -10.03447],
			"to": [0.76658, 17.3406, -9.5959],
			"rotation": {"angle": -45, "axis": "y", "origin": [-17.32544, 14.72135, 7.79]},
			"faces": {
				"north": {"uv": [0, 0, 2, 15], "texture": "#end_rod"},
				"east": {"uv": [0, 0, 2, 15], "texture": "#end_rod"},
				"south": {"uv": [0, 0, 2, 15], "texture": "#end_rod"},
				"west": {"uv": [0, 0, 2, 15], "texture": "#end_rod"},
				"up": {"uv": [2, 0, 4, 2], "texture": "#end_rod", "cullface": "up"},
				"down": {"uv": [2, 0, 4, 2], "texture": "#end_rod"}
			}
		},
		{
			"name": "Element",
			"from": [4.08486, 16.53656, 7.68564],
			"to": [4.66961, 16.68275, 8.27039],
			"rotation": {"angle": 0, "axis": "y", "origin": [-17.32544, 14.72135, 7.79]},
			"faces": {
				"north": {"uv": [2, 6, 6, 7], "texture": "#0"},
				"east": {"uv": [2, 6, 6, 7], "texture": "#0"},
				"south": {"uv": [2, 6, 6, 7], "texture": "#0"},
				"west": {"uv": [2, 6, 6, 7], "texture": "#0"},
				"up": {"uv": [2, 2, 6, 6], "texture": "#0"},
				"down": {"uv": [6, 6, 2, 2], "texture": "#0", "cullface": "down"}
			}
		},
		{
			"name": "Element",
			"from": [-2.06484, 16.90203, -7.64162],
			"to": [-1.62627, 17.3406, -7.20305],
			"rotation": {"angle": -45, "axis": "y", "origin": [-17.32544, 14.72135, 7.79]},
			"faces": {
				"north": {"uv": [0, 0, 2, 15], "texture": "#end_rod"},
				"east": {"uv": [0, 0, 2, 15], "texture": "#end_rod"},
				"south": {"uv": [0, 0, 2, 15], "texture": "#end_rod"},
				"west": {"uv": [0, 0, 2, 15], "texture": "#end_rod"},
				"up": {"uv": [2, 0, 4, 2], "texture": "#end_rod", "cullface": "up"},
				"down": {"uv": [2, 0, 4, 2], "texture": "#end_rod"}
			}
		},
		{
			"name": "Element",
			"from": [-1.99174, 16.68275, -7.56853],
			"to": [-1.69937, 17.41369, -7.27615],
			"rotation": {"angle": -45, "axis": "y", "origin": [-17.32544, 14.72135, 7.79]},
			"faces": {
				"north": {"uv": [0, 0, 2, 15], "texture": "#end_rod"},
				"east": {"uv": [0, 0, 2, 15], "texture": "#end_rod"},
				"south": {"uv": [0, 0, 2, 15], "texture": "#end_rod"},
				"west": {"uv": [0, 0, 2, 15], "texture": "#end_rod"},
				"up": {"uv": [2, 0, 4, 2], "texture": "#end_rod", "cullface": "up"}
			}
		},
		{
			"name": "Element",
			"from": [10.85286, 16.53656, 7.68564],
			"to": [11.43761, 16.68275, 8.27039],
			"rotation": {"angle": 0, "axis": "y", "origin": [-17.32544, 14.72135, 7.79]},
			"faces": {
				"north": {"uv": [2, 6, 6, 7], "texture": "#0"},
				"east": {"uv": [2, 6, 6, 7], "texture": "#0"},
				"south": {"uv": [2, 6, 6, 7], "texture": "#0"},
				"west": {"uv": [2, 6, 6, 7], "texture": "#0"},
				"up": {"uv": [2, 2, 6, 6], "texture": "#0"},
				"down": {"uv": [6, 6, 2, 2], "texture": "#0", "cullface": "down"}
			}
		},
		{
			"name": "Element",
			"from": [2.72086, 16.90203, -12.42732],
			"to": [3.15943, 17.3406, -11.98875],
			"rotation": {"angle": -45, "axis": "y", "origin": [-17.32544, 14.72135, 7.79]},
			"faces": {
				"north": {"uv": [0, 0, 2, 15], "texture": "#end_rod"},
				"east": {"uv": [0, 0, 2, 15], "texture": "#end_rod"},
				"south": {"uv": [0, 0, 2, 15], "texture": "#end_rod"},
				"west": {"uv": [0, 0, 2, 15], "texture": "#end_rod"},
				"up": {"uv": [2, 0, 4, 2], "texture": "#end_rod", "cullface": "up"},
				"down": {"uv": [2, 0, 4, 2], "texture": "#end_rod"}
			}
		},
		{
			"name": "Element",
			"from": [2.79395, 16.68275, -12.35422],
			"to": [3.08633, 17.41369, -12.06185],
			"rotation": {"angle": -45, "axis": "y", "origin": [-17.32544, 14.72135, 7.79]},
			"faces": {
				"north": {"uv": [0, 0, 2, 15], "texture": "#end_rod"},
				"east": {"uv": [0, 0, 2, 15], "texture": "#end_rod"},
				"south": {"uv": [0, 0, 2, 15], "texture": "#end_rod"},
				"west": {"uv": [0, 0, 2, 15], "texture": "#end_rod"},
				"up": {"uv": [2, 0, 4, 2], "texture": "#end_rod", "cullface": "up"}
			}
		},
		{
			"name": "Element",
			"from": [14.23686, 16.53656, 7.68564],
			"to": [14.82161, 16.68275, 8.27039],
			"rotation": {"angle": 0, "axis": "y", "origin": [-17.32544, 14.72135, 7.79]},
			"faces": {
				"north": {"uv": [2, 6, 6, 7], "texture": "#0"},
				"east": {"uv": [2, 6, 6, 7], "texture": "#0"},
				"south": {"uv": [2, 6, 6, 7], "texture": "#0"},
				"west": {"uv": [2, 6, 6, 7], "texture": "#0"},
				"up": {"uv": [2, 2, 6, 6], "texture": "#0"},
				"down": {"uv": [6, 6, 2, 2], "texture": "#0", "cullface": "down"}
			}
		},
		{
			"name": "Element",
			"from": [5.11371, 16.90203, -14.82017],
			"to": [5.55228, 17.3406, -14.3816],
			"rotation": {"angle": -45, "axis": "y", "origin": [-17.32544, 14.72135, 7.79]},
			"faces": {
				"north": {"uv": [0, 0, 2, 15], "texture": "#end_rod"},
				"east": {"uv": [0, 0, 2, 15], "texture": "#end_rod"},
				"south": {"uv": [0, 0, 2, 15], "texture": "#end_rod"},
				"west": {"uv": [0, 0, 2, 15], "texture": "#end_rod"},
				"up": {"uv": [2, 0, 4, 2], "texture": "#end_rod", "cullface": "up"},
				"down": {"uv": [2, 0, 4, 2], "texture": "#end_rod"}
			}
		},
		{
			"name": "Element",
			"from": [5.1868, 16.68275, -14.74707],
			"to": [5.47918, 17.41369, -14.4547],
			"rotation": {"angle": -45, "axis": "y", "origin": [-17.32544, 14.72135, 7.79]},
			"faces": {
				"north": {"uv": [0, 0, 2, 15], "texture": "#end_rod"},
				"east": {"uv": [0, 0, 2, 15], "texture": "#end_rod"},
				"south": {"uv": [0, 0, 2, 15], "texture": "#end_rod"},
				"west": {"uv": [0, 0, 2, 15], "texture": "#end_rod"},
				"up": {"uv": [2, 0, 4, 2], "texture": "#end_rod", "cullface": "up"}
			}
		},
		{
			"name": "Element",
			"from": [0.70086, 16.53656, 7.68564],
			"to": [1.28561, 16.68275, 8.27039],
			"rotation": {"angle": 0, "axis": "y", "origin": [-17.32544, 14.72135, 7.79]},
			"faces": {
				"north": {"uv": [2, 6, 6, 7], "texture": "#0"},
				"east": {"uv": [2, 6, 6, 7], "texture": "#0"},
				"south": {"uv": [2, 6, 6, 7], "texture": "#0"},
				"west": {"uv": [2, 6, 6, 7], "texture": "#0"},
				"up": {"uv": [2, 2, 6, 6], "texture": "#0"},
				"down": {"uv": [6, 6, 2, 2], "texture": "#0", "cullface": "down"}
			}
		},
		{
			"name": "Element",
			"from": [-4.45769, 16.90203, -5.24877],
			"to": [-4.01912, 17.3406, -4.8102],
			"rotation": {"angle": -45, "axis": "y", "origin": [-17.32544, 14.72135, 7.79]},
			"faces": {
				"north": {"uv": [0, 0, 2, 15], "texture": "#end_rod"},
				"east": {"uv": [0, 0, 2, 15], "texture": "#end_rod"},
				"south": {"uv": [0, 0, 2, 15], "texture": "#end_rod"},
				"west": {"uv": [0, 0, 2, 15], "texture": "#end_rod"},
				"up": {"uv": [2, 0, 4, 2], "texture": "#end_rod", "cullface": "up"},
				"down": {"uv": [2, 0, 4, 2], "texture": "#end_rod"}
			}
		},
		{
			"name": "Element",
			"from": [-4.38459, 16.68275, -5.17568],
			"to": [-4.09222, 17.41369, -4.8833],
			"rotation": {"angle": -45, "axis": "y", "origin": [-17.32544, 14.72135, 7.79]},
			"faces": {
				"north": {"uv": [0, 0, 2, 15], "texture": "#end_rod"},
				"east": {"uv": [0, 0, 2, 15], "texture": "#end_rod"},
				"south": {"uv": [0, 0, 2, 15], "texture": "#end_rod"},
				"west": {"uv": [0, 0, 2, 15], "texture": "#end_rod"},
				"up": {"uv": [2, 0, 4, 2], "texture": "#end_rod", "cullface": "up"}
			}
		},
		{
			"name": "Element",
			"from": [-4.6516, 11.29542, 20.73029],
			"to": [-4.35922, 12.02636, 21.02267],
			"rotation": {"angle": 45, "axis": "y", "origin": [-17.32544, 14.72135, 7.79]},
			"faces": {
				"north": {"uv": [0, 0, 2, 15], "rotation": 180, "texture": "#end_rod"},
				"east": {"uv": [0, 0, 2, 15], "rotation": 180, "texture": "#end_rod"},
				"south": {"uv": [0, 0, 2, 15], "rotation": 180, "texture": "#end_rod"},
				"west": {"uv": [0, 0, 2, 15], "rotation": 180, "texture": "#end_rod"},
				"down": {"uv": [2, 0, 4, 2], "texture": "#end_rod", "cullface": "up"}
			}
		},
		{
			"name": "Element",
			"from": [-4.72469, 11.36851, 20.6572],
			"to": [-4.28612, 11.80708, 21.09577],
			"rotation": {"angle": 45, "axis": "y", "origin": [-17.32544, 14.72135, 7.79]},
			"faces": {
				"north": {"uv": [0, 0, 2, 15], "rotation": 180, "texture": "#end_rod"},
				"east": {"uv": [0, 0, 2, 15], "rotation": 180, "texture": "#end_rod"},
				"south": {"uv": [0, 0, 2, 15], "rotation": 180, "texture": "#end_rod"},
				"west": {"uv": [0, 0, 2, 15], "rotation": 180, "texture": "#end_rod"},
				"up": {"uv": [2, 0, 4, 2], "texture": "#end_rod"},
				"down": {"uv": [2, 0, 4, 2], "texture": "#end_rod", "cullface": "up"}
			}
		},
		{
			"name": "Element",
			"from": [0.70086, 12.02636, 7.6872],
			"to": [1.28561, 12.17255, 8.27195],
			"rotation": {"angle": 0, "axis": "y", "origin": [-17.32544, 14.72135, 7.79]},
			"faces": {
				"north": {"uv": [2, 6, 6, 7], "rotation": 180, "texture": "#0"},
				"east": {"uv": [2, 6, 6, 7], "rotation": 180, "texture": "#0"},
				"south": {"uv": [2, 6, 6, 7], "rotation": 180, "texture": "#0"},
				"west": {"uv": [2, 6, 6, 7], "rotation": 180, "texture": "#0"},
				"up": {"uv": [6, 6, 2, 2], "texture": "#0", "cullface": "down"},
				"down": {"uv": [2, 2, 6, 6], "texture": "#0"}
			}
		},
		{
			"name": "Element",
			"from": [-1.34834, 21.34936, 6.93364],
			"to": [0.74041, 22.24755, 9.02239],
			"rotation": {"angle": 0, "axis": "z", "origin": [-2.55997, 22.61152, 7.9788]},
			"faces": {
				"north": {"uv": [2, 6, 6, 7], "texture": "#0"},
				"east": {"uv": [2, 6, 6, 7], "texture": "#0"},
				"south": {"uv": [2, 6, 6, 7], "texture": "#0"},
				"west": {"uv": [2, 6, 6, 7], "texture": "#0"},
				"up": {"uv": [2, 2, 6, 6], "texture": "#0"},
				"down": {"uv": [6, 6, 2, 2], "texture": "#0", "cullface": "down"}
			}
		},
		{
			"name": "Element",
			"from": [14.85726, 17.58936, 6.93364],
			"to": [16.94601, 18.48755, 9.02239],
			"rotation": {"angle": 0, "axis": "z", "origin": [-2.55997, 22.61152, 7.9788]},
			"faces": {
				"north": {"uv": [2, 6, 6, 7], "texture": "#0"},
				"east": {"uv": [2, 6, 6, 7], "texture": "#0"},
				"south": {"uv": [2, 6, 6, 7], "texture": "#0"},
				"west": {"uv": [2, 6, 6, 7], "texture": "#0"},
				"up": {"uv": [2, 2, 6, 6], "texture": "#0"},
				"down": {"uv": [6, 6, 2, 2], "texture": "#0", "cullface": "down"}
			}
		},
		{
			"name": "Element",
			"from": [4.9198, 11.29542, 30.30169],
			"to": [5.21218, 12.02636, 30.59407],
			"rotation": {"angle": 45, "axis": "y", "origin": [-17.32544, 14.72135, 7.79]},
			"faces": {
				"north": {"uv": [0, 0, 2, 15], "rotation": 180, "texture": "#end_rod"},
				"east": {"uv": [0, 0, 2, 15], "rotation": 180, "texture": "#end_rod"},
				"south": {"uv": [0, 0, 2, 15], "rotation": 180, "texture": "#end_rod"},
				"west": {"uv": [0, 0, 2, 15], "rotation": 180, "texture": "#end_rod"},
				"down": {"uv": [2, 0, 4, 2], "texture": "#end_rod", "cullface": "up"}
			}
		},
		{
			"name": "Element",
			"from": [4.84671, 11.36851, 30.2286],
			"to": [5.28527, 11.80708, 30.66716],
			"rotation": {"angle": 45, "axis": "y", "origin": [-17.32544, 14.72135, 7.79]},
			"faces": {
				"north": {"uv": [0, 0, 2, 15], "rotation": 180, "texture": "#end_rod"},
				"east": {"uv": [0, 0, 2, 15], "rotation": 180, "texture": "#end_rod"},
				"south": {"uv": [0, 0, 2, 15], "rotation": 180, "texture": "#end_rod"},
				"west": {"uv": [0, 0, 2, 15], "rotation": 180, "texture": "#end_rod"},
				"up": {"uv": [2, 0, 4, 2], "texture": "#end_rod"},
				"down": {"uv": [2, 0, 4, 2], "texture": "#end_rod", "cullface": "up"}
			}
		},
		{
			"name": "Element",
			"from": [14.23686, 12.02636, 7.6872],
			"to": [14.82161, 12.17255, 8.27195],
			"rotation": {"angle": 0, "axis": "y", "origin": [-17.32544, 14.72135, 7.79]},
			"faces": {
				"north": {"uv": [2, 6, 6, 7], "rotation": 180, "texture": "#0"},
				"east": {"uv": [2, 6, 6, 7], "rotation": 180, "texture": "#0"},
				"south": {"uv": [2, 6, 6, 7], "rotation": 180, "texture": "#0"},
				"west": {"uv": [2, 6, 6, 7], "rotation": 180, "texture": "#0"},
				"up": {"uv": [6, 6, 2, 2], "texture": "#0", "cullface": "down"},
				"down": {"uv": [2, 2, 6, 6], "texture": "#0"}
			}
		},
		{
			"name": "Element",
			"from": [2.52695, 11.29542, 27.90884],
			"to": [2.81933, 12.02636, 28.20122],
			"rotation": {"angle": 45, "axis": "y", "origin": [-17.32544, 14.72135, 7.79]},
			"faces": {
				"north": {"uv": [0, 0, 2, 15], "rotation": 180, "texture": "#end_rod"},
				"east": {"uv": [0, 0, 2, 15], "rotation": 180, "texture": "#end_rod"},
				"south": {"uv": [0, 0, 2, 15], "rotation": 180, "texture": "#end_rod"},
				"west": {"uv": [0, 0, 2, 15], "rotation": 180, "texture": "#end_rod"},
				"down": {"uv": [2, 0, 4, 2], "texture": "#end_rod", "cullface": "up"}
			}
		},
		{
			"name": "Element",
			"from": [2.45386, 11.36851, 27.83575],
			"to": [2.89242, 11.80708, 28.27431],
			"rotation": {"angle": 45, "axis": "y", "origin": [-17.32544, 14.72135, 7.79]},
			"faces": {
				"north": {"uv": [0, 0, 2, 15], "rotation": 180, "texture": "#end_rod"},
				"east": {"uv": [0, 0, 2, 15], "rotation": 180, "texture": "#end_rod"},
				"south": {"uv": [0, 0, 2, 15], "rotation": 180, "texture": "#end_rod"},
				"west": {"uv": [0, 0, 2, 15], "rotation": 180, "texture": "#end_rod"},
				"up": {"uv": [2, 0, 4, 2], "texture": "#end_rod"},
				"down": {"uv": [2, 0, 4, 2], "texture": "#end_rod", "cullface": "up"}
			}
		},
		{
			"name": "Element",
			"from": [10.85286, 12.02636, 7.6872],
			"to": [11.43761, 12.17255, 8.27195],
			"rotation": {"angle": 0, "axis": "y", "origin": [-17.32544, 14.72135, 7.79]},
			"faces": {
				"north": {"uv": [2, 6, 6, 7], "rotation": 180, "texture": "#0"},
				"east": {"uv": [2, 6, 6, 7], "rotation": 180, "texture": "#0"},
				"south": {"uv": [2, 6, 6, 7], "rotation": 180, "texture": "#0"},
				"west": {"uv": [2, 6, 6, 7], "rotation": 180, "texture": "#0"},
				"up": {"uv": [6, 6, 2, 2], "texture": "#0", "cullface": "down"},
				"down": {"uv": [2, 2, 6, 6], "texture": "#0"}
			}
		},
		{
			"name": "Element",
			"from": [-2.25875, 11.29542, 23.12314],
			"to": [-1.96637, 12.02636, 23.41552],
			"rotation": {"angle": 45, "axis": "y", "origin": [-17.32544, 14.72135, 7.79]},
			"faces": {
				"north": {"uv": [0, 0, 2, 15], "rotation": 180, "texture": "#end_rod"},
				"east": {"uv": [0, 0, 2, 15], "rotation": 180, "texture": "#end_rod"},
				"south": {"uv": [0, 0, 2, 15], "rotation": 180, "texture": "#end_rod"},
				"west": {"uv": [0, 0, 2, 15], "rotation": 180, "texture": "#end_rod"},
				"down": {"uv": [2, 0, 4, 2], "texture": "#end_rod", "cullface": "up"}
			}
		},
		{
			"name": "Element",
			"from": [-2.33184, 11.36851, 23.05005],
			"to": [-1.89328, 11.80708, 23.48861],
			"rotation": {"angle": 45, "axis": "y", "origin": [-17.32544, 14.72135, 7.79]},
			"faces": {
				"north": {"uv": [0, 0, 2, 15], "rotation": 180, "texture": "#end_rod"},
				"east": {"uv": [0, 0, 2, 15], "rotation": 180, "texture": "#end_rod"},
				"south": {"uv": [0, 0, 2, 15], "rotation": 180, "texture": "#end_rod"},
				"west": {"uv": [0, 0, 2, 15], "rotation": 180, "texture": "#end_rod"},
				"up": {"uv": [2, 0, 4, 2], "texture": "#end_rod"},
				"down": {"uv": [2, 0, 4, 2], "texture": "#end_rod", "cullface": "up"}
			}
		},
		{
			"name": "Element",
			"from": [4.08486, 12.02636, 7.6872],
			"to": [4.66961, 12.17255, 8.27195],
			"rotation": {"angle": 0, "axis": "y", "origin": [-17.32544, 14.72135, 7.79]},
			"faces": {
				"north": {"uv": [2, 6, 6, 7], "rotation": 180, "texture": "#0"},
				"east": {"uv": [2, 6, 6, 7], "rotation": 180, "texture": "#0"},
				"south": {"uv": [2, 6, 6, 7], "rotation": 180, "texture": "#0"},
				"west": {"uv": [2, 6, 6, 7], "rotation": 180, "texture": "#0"},
				"up": {"uv": [6, 6, 2, 2], "texture": "#0", "cullface": "down"},
				"down": {"uv": [2, 2, 6, 6], "texture": "#0"}
			}
		},
		{
			"name": "Element",
			"from": [0.06101, 11.36851, 25.4429],
			"to": [0.49957, 11.80708, 25.88146],
			"rotation": {"angle": 45, "axis": "y", "origin": [-17.32544, 14.72135, 7.79]},
			"faces": {
				"north": {"uv": [0, 0, 2, 15], "rotation": 180, "texture": "#end_rod"},
				"east": {"uv": [0, 0, 2, 15], "rotation": 180, "texture": "#end_rod"},
				"south": {"uv": [0, 0, 2, 15], "rotation": 180, "texture": "#end_rod"},
				"west": {"uv": [0, 0, 2, 15], "rotation": 180, "texture": "#end_rod"},
				"up": {"uv": [2, 0, 4, 2], "texture": "#end_rod"},
				"down": {"uv": [2, 0, 4, 2], "texture": "#end_rod", "cullface": "up"}
			}
		},
		{
			"name": "Element",
			"from": [0.1341, 11.29542, 25.51599],
			"to": [0.42648, 12.02636, 25.80837],
			"rotation": {"angle": 45, "axis": "y", "origin": [-17.32544, 14.72135, 7.79]},
			"faces": {
				"north": {"uv": [0, 0, 2, 15], "rotation": 180, "texture": "#end_rod"},
				"east": {"uv": [0, 0, 2, 15], "rotation": 180, "texture": "#end_rod"},
				"south": {"uv": [0, 0, 2, 15], "rotation": 180, "texture": "#end_rod"},
				"west": {"uv": [0, 0, 2, 15], "rotation": 180, "texture": "#end_rod"},
				"down": {"uv": [2, 0, 4, 2], "texture": "#end_rod", "cullface": "up"}
			}
		},
		{
			"name": "Element",
			"from": [7.46886, 12.02636, 7.6872],
			"to": [8.05361, 12.17255, 8.27195],
			"rotation": {"angle": 0, "axis": "y", "origin": [-17.32544, 14.72135, 7.79]},
			"faces": {
				"north": {"uv": [2, 6, 6, 7], "rotation": 180, "texture": "#0"},
				"east": {"uv": [2, 6, 6, 7], "rotation": 180, "texture": "#0"},
				"south": {"uv": [2, 6, 6, 7], "rotation": 180, "texture": "#0"},
				"west": {"uv": [2, 6, 6, 7], "rotation": 180, "texture": "#0"},
				"up": {"uv": [6, 6, 2, 2], "texture": "#0", "cullface": "down"},
				"down": {"uv": [2, 2, 6, 6], "texture": "#0"}
			}
		},
		{
			"name": "hexadecagon",
			"from": [-0.49499, -11.82256, 7.28637],
			"to": [-0.22574, 21.64144, 8.63997],
			"rotation": {"angle": -45, "axis": "y", "origin": [-0.36037, 12.84304, 7.96317]},
			"faces": {
				"north": {"uv": [0, 0, 1, 1], "texture": "#0"},
				"east": {"uv": [0, 0, 1, 1], "texture": "#0"},
				"south": {"uv": [0, 0, 1, 1], "texture": "#0"},
				"west": {"uv": [0, 0, 1, 1], "texture": "#0"},
				"up": {"uv": [0, 0, 1, 1], "texture": "#0"},
				"down": {"uv": [0, 0, 1, 1], "texture": "#0"}
			}
		},
		{
			"name": "hexadecagon",
			"from": [-0.49499, -11.82256, 7.28637],
			"to": [-0.22574, 21.64144, 8.63997],
			"rotation": {"angle": -22.5, "axis": "y", "origin": [-0.36037, 12.84304, 7.96317]},
			"faces": {
				"north": {"uv": [0, 0, 1, 1], "texture": "#0"},
				"east": {"uv": [0, 0, 1, 1], "texture": "#0"},
				"south": {"uv": [0, 0, 1, 1], "texture": "#0"},
				"west": {"uv": [0, 0, 1, 1], "texture": "#0"},
				"up": {"uv": [0, 0, 1, 1], "texture": "#0"},
				"down": {"uv": [0, 0, 1, 1], "texture": "#0"}
			}
		},
		{
			"name": "hexadecagon",
			"from": [-0.49499, -11.82256, 7.28637],
			"to": [-0.22574, 21.64144, 8.63997],
			"rotation": {"angle": 0, "axis": "y", "origin": [-0.36037, 12.84304, 7.96317]},
			"faces": {
				"north": {"uv": [0, 0, 1, 1], "texture": "#0"},
				"east": {"uv": [0, 0, 1, 1], "texture": "#0"},
				"south": {"uv": [0, 0, 1, 1], "texture": "#0"},
				"west": {"uv": [0, 0, 1, 1], "texture": "#0"},
				"up": {"uv": [0, 0, 1, 1], "texture": "#0"},
				"down": {"uv": [0, 0, 1, 1], "texture": "#0"}
			}
		},
		{
			"name": "hexadecagon",
			"from": [-0.49499, 22.01744, 7.88797],
			"to": [-0.22574, 31.79344, 8.11357],
			"rotation": {"angle": 0, "axis": "y", "origin": [-0.36037, 12.84304, 7.96317]},
			"faces": {
				"north": {"uv": [14.048, 14, 14.6912, 14.472], "texture": "#2"},
				"east": {"uv": [14.048, 14, 14.6912, 14.472], "texture": "#2"},
				"south": {"uv": [14.048, 14, 14.6912, 14.472], "texture": "#2"},
				"west": {"uv": [14.048, 14, 14.6912, 14.472], "texture": "#2"},
				"up": {"uv": [14.048, 14, 14.6912, 14.472], "texture": "#2"},
				"down": {"uv": [14.048, 14, 14.6912, 14.472], "texture": "#2"}
			}
		},
		{
			"name": "hexadecagon",
			"from": [-0.87099, 31.41744, 7.51197],
			"to": [0.15026, 31.79344, 8.48957],
			"rotation": {"angle": 0, "axis": "y", "origin": [-0.36037, 12.84304, 7.96317]},
			"faces": {
				"north": {"uv": [14.048, 14, 14.6912, 14.472], "texture": "#2"},
				"east": {"uv": [14.048, 14, 14.6912, 14.472], "texture": "#2"},
				"south": {"uv": [14.048, 14, 14.6912, 14.472], "texture": "#2"},
				"west": {"uv": [14.048, 14, 14.6912, 14.472], "texture": "#2"},
				"up": {"uv": [14.048, 14, 14.6912, 14.472], "texture": "#2"},
				"down": {"uv": [14.048, 14, 14.6912, 14.472], "texture": "#2"}
			}
		},
		{
			"name": "hexadecagon",
			"from": [-0.87099, 30.55264, 7.81277],
			"to": [-0.15054, 30.92864, 8.18877],
			"rotation": {"angle": 0, "axis": "y", "origin": [-0.36037, 12.84304, 7.96317]},
			"faces": {
				"north": {"uv": [5.89706, 9.65283, 6.54026, 10.12483], "texture": "#4"},
				"east": {"uv": [5.89706, 9.65283, 6.54026, 10.12483], "texture": "#4"},
				"south": {"uv": [5.89706, 9.65283, 6.54026, 10.12483], "texture": "#4"},
				"west": {"uv": [5.89706, 9.65283, 6.54026, 10.12483], "texture": "#4"},
				"up": {"uv": [5.89706, 9.65283, 6.54026, 10.12483], "texture": "#4"},
				"down": {"uv": [5.89706, 9.65283, 6.54026, 10.12483], "texture": "#4"}
			}
		},
		{
			"name": "hexadecagon",
			"from": [-1.39739, 27.92064, 7.81277],
			"to": [-0.78974, 30.92864, 8.18877],
			"rotation": {"angle": 0, "axis": "y", "origin": [-0.36037, 12.84304, 7.96317]},
			"faces": {
				"north": {"uv": [5.89706, 9.65283, 6.54026, 10.12483], "texture": "#4"},
				"east": {"uv": [5.89706, 9.65283, 6.54026, 10.12483], "texture": "#4"},
				"south": {"uv": [5.89706, 9.65283, 6.54026, 10.12483], "texture": "#4"},
				"west": {"uv": [5.89706, 9.65283, 6.54026, 10.12483], "texture": "#4"},
				"up": {"uv": [5.89706, 9.65283, 6.54026, 10.12483], "texture": "#4"},
				"down": {"uv": [5.89706, 9.65283, 6.54026, 10.12483], "texture": "#4"}
			}
		},
		{
			"name": "hexadecagon",
			"from": [-2.75099, 27.92064, 7.62477],
			"to": [-2.03054, 30.92864, 8.00077],
			"rotation": {"angle": 0, "axis": "y", "origin": [-0.36037, 12.84304, 7.96317]},
			"faces": {
				"north": {"uv": [5.89706, 9.65283, 6.54026, 10.12483], "texture": "#4"},
				"east": {"uv": [5.89706, 9.65283, 6.54026, 10.12483], "texture": "#4"},
				"south": {"uv": [5.89706, 9.65283, 6.54026, 10.12483], "texture": "#4"},
				"west": {"uv": [5.89706, 9.65283, 6.54026, 10.12483], "texture": "#4"},
				"up": {"uv": [5.89706, 9.65283, 6.54026, 10.12483], "texture": "#4"},
				"down": {"uv": [5.89706, 9.65283, 6.54026, 10.12483], "texture": "#4"}
			}
		},
		{
			"name": "hexadecagon",
			"from": [-2.03659, 27.92064, 7.69997],
			"to": [-1.31614, 30.92864, 8.07597],
			"rotation": {"angle": 0, "axis": "y", "origin": [-0.36037, 12.84304, 7.96317]},
			"faces": {
				"north": {"uv": [5.89706, 9.65283, 6.54026, 10.12483], "texture": "#4"},
				"east": {"uv": [5.89706, 9.65283, 6.54026, 10.12483], "texture": "#4"},
				"south": {"uv": [5.89706, 9.65283, 6.54026, 10.12483], "texture": "#4"},
				"west": {"uv": [5.89706, 9.65283, 6.54026, 10.12483], "texture": "#4"},
				"up": {"uv": [5.89706, 9.65283, 6.54026, 10.12483], "texture": "#4"},
				"down": {"uv": [5.89706, 9.65283, 6.54026, 10.12483], "texture": "#4"}
			}
		},
		{
			"name": "hexadecagon",
			"from": [-4.10459, 28.29664, 7.77517],
			"to": [-2.63214, 30.55264, 8.15117],
			"rotation": {"angle": 0, "axis": "y", "origin": [-0.36037, 12.84304, 7.96317]},
			"faces": {
				"north": {"uv": [5.89706, 9.65283, 6.54026, 10.12483], "texture": "#4"},
				"east": {"uv": [5.89706, 9.65283, 6.54026, 10.12483], "texture": "#4"},
				"south": {"uv": [5.89706, 9.65283, 6.54026, 10.12483], "texture": "#4"},
				"west": {"uv": [5.89706, 9.65283, 6.54026, 10.12483], "texture": "#4"},
				"up": {"uv": [5.89706, 9.65283, 6.54026, 10.12483], "texture": "#4"},
				"down": {"uv": [5.89706, 9.65283, 6.54026, 10.12483], "texture": "#4"}
			}
		},
		{
			"name": "hexadecagon",
			"from": [-5.27019, 28.67264, 8.03837],
			"to": [-4.09854, 30.17664, 8.41437],
			"rotation": {"angle": 0, "axis": "y", "origin": [-0.36037, 12.84304, 7.96317]},
			"faces": {
				"north": {"uv": [5.89706, 9.65283, 6.54026, 10.12483], "texture": "#4"},
				"east": {"uv": [5.89706, 9.65283, 6.54026, 10.12483], "texture": "#4"},
				"south": {"uv": [5.89706, 9.65283, 6.54026, 10.12483], "texture": "#4"},
				"west": {"uv": [5.89706, 9.65283, 6.54026, 10.12483], "texture": "#4"},
				"up": {"uv": [5.89706, 9.65283, 6.54026, 10.12483], "texture": "#4"},
				"down": {"uv": [5.89706, 9.65283, 6.54026, 10.12483], "texture": "#4"}
			}
		},
		{
			"name": "hexadecagon",
			"from": [-6.39819, 29.08624, 8.22637],
			"to": [-5.22654, 29.72544, 8.60237],
			"rotation": {"angle": 0, "axis": "y", "origin": [-0.36037, 12.84304, 7.96317]},
			"faces": {
				"north": {"uv": [5.89706, 9.65283, 6.54026, 10.12483], "texture": "#4"},
				"east": {"uv": [5.89706, 9.65283, 6.54026, 10.12483], "texture": "#4"},
				"south": {"uv": [5.89706, 9.65283, 6.54026, 10.12483], "texture": "#4"},
				"west": {"uv": [5.89706, 9.65283, 6.54026, 10.12483], "texture": "#4"},
				"up": {"uv": [5.89706, 9.65283, 6.54026, 10.12483], "texture": "#4"},
				"down": {"uv": [5.89706, 9.65283, 6.54026, 10.12483], "texture": "#4"}
			}
		},
		{
			"name": "hexadecagon",
			"from": [-0.87099, 27.92064, 7.81277],
			"to": [-0.15054, 28.29664, 8.18877],
			"rotation": {"angle": 0, "axis": "y", "origin": [-0.36037, 12.84304, 7.96317]},
			"faces": {
				"north": {"uv": [5.89706, 9.65283, 6.54026, 10.12483], "texture": "#4"},
				"east": {"uv": [5.89706, 9.65283, 6.54026, 10.12483], "texture": "#4"},
				"south": {"uv": [5.89706, 9.65283, 6.54026, 10.12483], "texture": "#4"},
				"west": {"uv": [5.89706, 9.65283, 6.54026, 10.12483], "texture": "#4"},
				"up": {"uv": [5.89706, 9.65283, 6.54026, 10.12483], "texture": "#4"},
				"down": {"uv": [5.89706, 9.65283, 6.54026, 10.12483], "texture": "#4"}
			}
		},
		{
			"name": "hexadecagon",
			"from": [15.74581, 18.23344, 7.88797],
			"to": [16.01506, 28.00944, 8.11357],
			"rotation": {"angle": 0, "axis": "y", "origin": [-0.36037, 12.84304, 7.96317]},
			"faces": {
				"north": {"uv": [14.048, 14, 14.6912, 14.472], "texture": "#2"},
				"east": {"uv": [14.048, 14, 14.6912, 14.472], "texture": "#2"},
				"south": {"uv": [14.048, 14, 14.6912, 14.472], "texture": "#2"},
				"west": {"uv": [14.048, 14, 14.6912, 14.472], "texture": "#2"},
				"up": {"uv": [14.048, 14, 14.6912, 14.472], "texture": "#2"},
				"down": {"uv": [14.048, 14, 14.6912, 14.472], "texture": "#2"}
			}
		},
		{
			"name": "hexadecagon",
			"from": [15.36981, 27.63344, 7.51197],
			"to": [16.39106, 28.00944, 8.48957],
			"rotation": {"angle": 0, "axis": "y", "origin": [-0.36037, 12.84304, 7.96317]},
			"faces": {
				"north": {"uv": [14.048, 14, 14.6912, 14.472], "texture": "#2"},
				"east": {"uv": [14.048, 14, 14.6912, 14.472], "texture": "#2"},
				"south": {"uv": [14.048, 14, 14.6912, 14.472], "texture": "#2"},
				"west": {"uv": [14.048, 14, 14.6912, 14.472], "texture": "#2"},
				"up": {"uv": [14.048, 14, 14.6912, 14.472], "texture": "#2"},
				"down": {"uv": [14.048, 14, 14.6912, 14.472], "texture": "#2"}
			}
		},
		{
			"name": "hexadecagon",
			"from": [15.36981, 26.76864, 7.81277],
			"to": [16.09026, 27.14464, 8.18877],
			"rotation": {"angle": 0, "axis": "y", "origin": [-0.36037, 12.84304, 7.96317]},
			"faces": {
				"north": {"uv": [5.89706, 9.65283, 6.54026, 10.12483], "texture": "#4"},
				"east": {"uv": [5.89706, 9.65283, 6.54026, 10.12483], "texture": "#4"},
				"south": {"uv": [5.89706, 9.65283, 6.54026, 10.12483], "texture": "#4"},
				"west": {"uv": [5.89706, 9.65283, 6.54026, 10.12483], "texture": "#4"},
				"up": {"uv": [5.89706, 9.65283, 6.54026, 10.12483], "texture": "#4"},
				"down": {"uv": [5.89706, 9.65283, 6.54026, 10.12483], "texture": "#4"}
			}
		},
		{
			"name": "hexadecagon",
			"from": [15.36981, 24.13664, 7.81277],
			"to": [16.09026, 24.51264, 8.18877],
			"rotation": {"angle": 0, "axis": "y", "origin": [-0.36037, 12.84304, 7.96317]},
			"faces": {
				"north": {"uv": [5.89706, 9.65283, 6.54026, 10.12483], "texture": "#4"},
				"east": {"uv": [5.89706, 9.65283, 6.54026, 10.12483], "texture": "#4"},
				"south": {"uv": [5.89706, 9.65283, 6.54026, 10.12483], "texture": "#4"},
				"west": {"uv": [5.89706, 9.65283, 6.54026, 10.12483], "texture": "#4"},
				"up": {"uv": [5.89706, 9.65283, 6.54026, 10.12483], "texture": "#4"},
				"down": {"uv": [5.89706, 9.65283, 6.54026, 10.12483], "texture": "#4"}
			}
		},
		{
			"name": "hexadecagon",
			"from": [14.84341, 24.13664, 7.81277],
			"to": [15.45106, 27.14464, 8.18877],
			"rotation": {"angle": 0, "axis": "y", "origin": [-0.36037, 12.84304, 7.96317]},
			"faces": {
				"north": {"uv": [5.89706, 9.65283, 6.54026, 10.12483], "texture": "#4"},
				"east": {"uv": [5.89706, 9.65283, 6.54026, 10.12483], "texture": "#4"},
				"south": {"uv": [5.89706, 9.65283, 6.54026, 10.12483], "texture": "#4"},
				"west": {"uv": [5.89706, 9.65283, 6.54026, 10.12483], "texture": "#4"},
				"up": {"uv": [5.89706, 9.65283, 6.54026, 10.12483], "texture": "#4"},
				"down": {"uv": [5.89706, 9.65283, 6.54026, 10.12483], "texture": "#4"}
			}
		},
		{
			"name": "hexadecagon",
			"from": [12.13621, 24.51264, 7.77517],
			"to": [13.60866, 26.76864, 8.15117],
			"rotation": {"angle": 0, "axis": "y", "origin": [-0.36037, 12.84304, 7.96317]},
			"faces": {
				"north": {"uv": [5.89706, 9.65283, 6.54026, 10.12483], "texture": "#4"},
				"east": {"uv": [5.89706, 9.65283, 6.54026, 10.12483], "texture": "#4"},
				"south": {"uv": [5.89706, 9.65283, 6.54026, 10.12483], "texture": "#4"},
				"west": {"uv": [5.89706, 9.65283, 6.54026, 10.12483], "texture": "#4"},
				"up": {"uv": [5.89706, 9.65283, 6.54026, 10.12483], "texture": "#4"},
				"down": {"uv": [5.89706, 9.65283, 6.54026, 10.12483], "texture": "#4"}
			}
		},
		{
			"name": "hexadecagon",
			"from": [10.97061, 24.88864, 8.03837],
			"to": [12.14226, 26.39264, 8.41437],
			"rotation": {"angle": 0, "axis": "y", "origin": [-0.36037, 12.84304, 7.96317]},
			"faces": {
				"north": {"uv": [5.89706, 9.65283, 6.54026, 10.12483], "texture": "#4"},
				"east": {"uv": [5.89706, 9.65283, 6.54026, 10.12483], "texture": "#4"},
				"south": {"uv": [5.89706, 9.65283, 6.54026, 10.12483], "texture": "#4"},
				"west": {"uv": [5.89706, 9.65283, 6.54026, 10.12483], "texture": "#4"},
				"up": {"uv": [5.89706, 9.65283, 6.54026, 10.12483], "texture": "#4"},
				"down": {"uv": [5.89706, 9.65283, 6.54026, 10.12483], "texture": "#4"}
			}
		},
		{
			"name": "hexadecagon",
			"from": [9.84261, 25.30224, 8.22637],
			"to": [11.01426, 25.94144, 8.60237],
			"rotation": {"angle": 0, "axis": "y", "origin": [-0.36037, 12.84304, 7.96317]},
			"faces": {
				"north": {"uv": [5.89706, 9.65283, 6.54026, 10.12483], "texture": "#4"},
				"east": {"uv": [5.89706, 9.65283, 6.54026, 10.12483], "texture": "#4"},
				"south": {"uv": [5.89706, 9.65283, 6.54026, 10.12483], "texture": "#4"},
				"west": {"uv": [5.89706, 9.65283, 6.54026, 10.12483], "texture": "#4"},
				"up": {"uv": [5.89706, 9.65283, 6.54026, 10.12483], "texture": "#4"},
				"down": {"uv": [5.89706, 9.65283, 6.54026, 10.12483], "texture": "#4"}
			}
		},
		{
			"name": "hexadecagon",
			"from": [13.48981, 24.13664, 7.62477],
			"to": [14.21026, 27.14464, 8.00077],
			"rotation": {"angle": 0, "axis": "y", "origin": [-0.36037, 12.84304, 7.96317]},
			"faces": {
				"north": {"uv": [5.89706, 9.65283, 6.54026, 10.12483], "texture": "#4"},
				"east": {"uv": [5.89706, 9.65283, 6.54026, 10.12483], "texture": "#4"},
				"south": {"uv": [5.89706, 9.65283, 6.54026, 10.12483], "texture": "#4"},
				"west": {"uv": [5.89706, 9.65283, 6.54026, 10.12483], "texture": "#4"},
				"up": {"uv": [5.89706, 9.65283, 6.54026, 10.12483], "texture": "#4"},
				"down": {"uv": [5.89706, 9.65283, 6.54026, 10.12483], "texture": "#4"}
			}
		},
		{
			"name": "hexadecagon",
			"from": [14.20421, 24.13664, 7.69997],
			"to": [14.92466, 27.14464, 8.07597],
			"rotation": {"angle": 0, "axis": "y", "origin": [-0.36037, 12.84304, 7.96317]},
			"faces": {
				"north": {"uv": [5.89706, 9.65283, 6.54026, 10.12483], "texture": "#4"},
				"east": {"uv": [5.89706, 9.65283, 6.54026, 10.12483], "texture": "#4"},
				"south": {"uv": [5.89706, 9.65283, 6.54026, 10.12483], "texture": "#4"},
				"west": {"uv": [5.89706, 9.65283, 6.54026, 10.12483], "texture": "#4"},
				"up": {"uv": [5.89706, 9.65283, 6.54026, 10.12483], "texture": "#4"},
				"down": {"uv": [5.89706, 9.65283, 6.54026, 10.12483], "texture": "#4"}
			}
		},
		{
			"name": "hexadecagon",
			"from": [-0.49499, -11.82256, 7.28637],
			"to": [-0.22574, 21.64144, 8.63997],
			"rotation": {"angle": 22.5, "axis": "y", "origin": [-0.36037, 12.84304, 7.96317]},
			"faces": {
				"north": {"uv": [0, 0, 1, 1], "texture": "#0"},
				"east": {"uv": [0, 0, 1, 1], "texture": "#0"},
				"south": {"uv": [0, 0, 1, 1], "texture": "#0"},
				"west": {"uv": [0, 0, 1, 1], "texture": "#0"},
				"up": {"uv": [0, 0, 1, 1], "texture": "#0"},
				"down": {"uv": [0, 0, 1, 1], "texture": "#0"}
			}
		},
		{
			"name": "hexadecagon",
			"from": [-0.49499, -11.82256, 7.28637],
			"to": [-0.22574, 21.64144, 8.63997],
			"rotation": {"angle": 45, "axis": "y", "origin": [-0.36037, 12.84304, 7.96317]},
			"faces": {
				"north": {"uv": [0, 0, 1, 1], "texture": "#0"},
				"east": {"uv": [0, 0, 1, 1], "texture": "#0"},
				"south": {"uv": [0, 0, 1, 1], "texture": "#0"},
				"west": {"uv": [0, 0, 1, 1], "texture": "#0"},
				"up": {"uv": [0, 0, 1, 1], "texture": "#0"},
				"down": {"uv": [0, 0, 1, 1], "texture": "#0"}
			}
		},
		{
			"name": "hexadecagon",
			"from": [-1.03717, -11.82256, 7.82855],
			"to": [0.31643, 21.64144, 8.0978],
			"rotation": {"angle": -22.5, "axis": "y", "origin": [-0.36037, 12.84304, 7.96317]},
			"faces": {
				"north": {"uv": [0, 0, 1, 1], "texture": "#0"},
				"east": {"uv": [0, 0, 1, 1], "texture": "#0"},
				"south": {"uv": [0, 0, 1, 1], "texture": "#0"},
				"west": {"uv": [0, 0, 1, 1], "texture": "#0"},
				"up": {"uv": [0, 0, 1, 1], "texture": "#0"},
				"down": {"uv": [0, 0, 1, 1], "texture": "#0"}
			}
		},
		{
			"name": "hexadecagon",
			"from": [-1.03717, -11.82256, 7.82855],
			"to": [0.31643, 21.64144, 8.0978],
			"rotation": {"angle": 0, "axis": "y", "origin": [-0.36037, 12.84304, 7.96317]},
			"faces": {
				"north": {"uv": [0, 0, 1, 1], "texture": "#0"},
				"east": {"uv": [0, 0, 1, 1], "texture": "#0"},
				"south": {"uv": [0, 0, 1, 1], "texture": "#0"},
				"west": {"uv": [0, 0, 1, 1], "texture": "#0"},
				"up": {"uv": [0, 0, 1, 1], "texture": "#0"},
				"down": {"uv": [0, 0, 1, 1], "texture": "#0"}
			}
		},
		{
			"name": "hexadecagon",
			"from": [-1.03717, -11.82256, 7.82855],
			"to": [0.31643, 21.64144, 8.0978],
			"rotation": {"angle": 22.5, "axis": "y", "origin": [-0.36037, 12.84304, 7.96317]},
			"faces": {
				"north": {"uv": [0, 0, 1, 1], "texture": "#0"},
				"east": {"uv": [0, 0, 1, 1], "texture": "#0"},
				"south": {"uv": [0, 0, 1, 1], "texture": "#0"},
				"west": {"uv": [0, 0, 1, 1], "texture": "#0"},
				"up": {"uv": [0, 0, 1, 1], "texture": "#0"},
				"down": {"uv": [0, 0, 1, 1], "texture": "#0"}
			}
		},
		{
			"name": "hexadecagon",
			"from": [15.74821, -11.82256, 7.28637],
			"to": [16.01746, 17.58064, 8.63997],
			"rotation": {"angle": -45, "axis": "y", "origin": [15.88283, 12.84304, 7.96317]},
			"faces": {
				"north": {"uv": [0, 0, 1, 1], "texture": "#0"},
				"east": {"uv": [0, 0, 1, 1], "texture": "#0"},
				"south": {"uv": [0, 0, 1, 1], "texture": "#0"},
				"west": {"uv": [0, 0, 1, 1], "texture": "#0"},
				"up": {"uv": [0, 0, 1, 1], "texture": "#0"},
				"down": {"uv": [0, 0, 1, 1], "texture": "#0"}
			}
		},
		{
			"name": "hexadecagon",
			"from": [15.74821, -11.82256, 7.28637],
			"to": [16.01746, 17.58064, 8.63997],
			"rotation": {"angle": -22.5, "axis": "y", "origin": [15.88283, 12.84304, 7.96317]},
			"faces": {
				"north": {"uv": [0, 0, 1, 1], "texture": "#0"},
				"east": {"uv": [0, 0, 1, 1], "texture": "#0"},
				"south": {"uv": [0, 0, 1, 1], "texture": "#0"},
				"west": {"uv": [0, 0, 1, 1], "texture": "#0"},
				"up": {"uv": [0, 0, 1, 1], "texture": "#0"},
				"down": {"uv": [0, 0, 1, 1], "texture": "#0"}
			}
		},
		{
			"name": "hexadecagon",
			"from": [15.74821, -11.82256, 7.28637],
			"to": [16.01746, 17.58064, 8.63997],
			"rotation": {"angle": 0, "axis": "y", "origin": [15.88283, 12.84304, 7.96317]},
			"faces": {
				"north": {"uv": [0, 0, 1, 1], "texture": "#0"},
				"east": {"uv": [0, 0, 1, 1], "texture": "#0"},
				"south": {"uv": [0, 0, 1, 1], "texture": "#0"},
				"west": {"uv": [0, 0, 1, 1], "texture": "#0"},
				"up": {"uv": [0, 0, 1, 1], "texture": "#0"},
				"down": {"uv": [0, 0, 1, 1], "texture": "#0"}
			}
		},
		{
			"name": "hexadecagon",
			"from": [15.74821, -11.82256, 7.28637],
			"to": [16.01746, 17.58064, 8.63997],
			"rotation": {"angle": 22.5, "axis": "y", "origin": [15.88283, 12.84304, 7.96317]},
			"faces": {
				"north": {"uv": [0, 0, 1, 1], "texture": "#0"},
				"east": {"uv": [0, 0, 1, 1], "texture": "#0"},
				"south": {"uv": [0, 0, 1, 1], "texture": "#0"},
				"west": {"uv": [0, 0, 1, 1], "texture": "#0"},
				"up": {"uv": [0, 0, 1, 1], "texture": "#0"},
				"down": {"uv": [0, 0, 1, 1], "texture": "#0"}
			}
		},
		{
			"name": "hexadecagon",
			"from": [15.74821, -11.82256, 7.28637],
			"to": [16.01746, 17.58064, 8.63997],
			"rotation": {"angle": 45, "axis": "y", "origin": [15.88283, 12.84304, 7.96317]},
			"faces": {
				"north": {"uv": [0, 0, 1, 1], "texture": "#0"},
				"east": {"uv": [0, 0, 1, 1], "texture": "#0"},
				"south": {"uv": [0, 0, 1, 1], "texture": "#0"},
				"west": {"uv": [0, 0, 1, 1], "texture": "#0"},
				"up": {"uv": [0, 0, 1, 1], "texture": "#0"},
				"down": {"uv": [0, 0, 1, 1], "texture": "#0"}
			}
		},
		{
			"name": "hexadecagon",
			"from": [15.20603, -11.82256, 7.82855],
			"to": [16.55963, 17.58064, 8.0978],
			"rotation": {"angle": -22.5, "axis": "y", "origin": [15.88283, 12.84304, 7.96317]},
			"faces": {
				"north": {"uv": [0, 0, 1, 1], "texture": "#0"},
				"east": {"uv": [0, 0, 1, 1], "texture": "#0"},
				"south": {"uv": [0, 0, 1, 1], "texture": "#0"},
				"west": {"uv": [0, 0, 1, 1], "texture": "#0"},
				"up": {"uv": [0, 0, 1, 1], "texture": "#0"},
				"down": {"uv": [0, 0, 1, 1], "texture": "#0"}
			}
		},
		{
			"name": "hexadecagon",
			"from": [15.20603, -11.82256, 7.82855],
			"to": [16.55963, 17.58064, 8.0978],
			"rotation": {"angle": 0, "axis": "y", "origin": [15.88283, 12.84304, 7.96317]},
			"faces": {
				"north": {"uv": [0, 0, 1, 1], "texture": "#0"},
				"east": {"uv": [0, 0, 1, 1], "texture": "#0"},
				"south": {"uv": [0, 0, 1, 1], "texture": "#0"},
				"west": {"uv": [0, 0, 1, 1], "texture": "#0"},
				"up": {"uv": [0, 0, 1, 1], "texture": "#0"},
				"down": {"uv": [0, 0, 1, 1], "texture": "#0"}
			}
		},
		{
			"name": "hexadecagon",
			"from": [15.20603, -11.82256, 7.82855],
			"to": [16.55963, 17.58064, 8.0978],
			"rotation": {"angle": 22.5, "axis": "y", "origin": [15.88283, 12.84304, 7.96317]},
			"faces": {
				"north": {"uv": [0, 0, 1, 1], "texture": "#0"},
				"east": {"uv": [0, 0, 1, 1], "texture": "#0"},
				"south": {"uv": [0, 0, 1, 1], "texture": "#0"},
				"west": {"uv": [0, 0, 1, 1], "texture": "#0"},
				"up": {"uv": [0, 0, 1, 1], "texture": "#0"},
				"down": {"uv": [0, 0, 1, 1], "texture": "#0"}
			}
		}
	],
	"display": {
		"thirdperson_righthand": {
			"rotation": [90.25, 0, 0],
			"translation": [-6.25, -3.25, 44.25],
			"scale": [4, 4, 4]
		},
		"thirdperson_lefthand": {
			"rotation": [75, 45, 0],
			"translation": [0, 0, 5]
		},
		"firstperson_righthand": {
			"rotation": [0, 45, 0],
			"translation": [0, 6.9565, 0]
		},
		"firstperson_lefthand": {
			"rotation": [0, 45, 0],
			"translation": [0, 6.9565, 0]
		},
		"ground": {
			"translation": [0, 6.9565, 0]
		},
		"gui": {
			"rotation": [30, 113, 0],
			"translation": [0, 5, 0]
		},
		"head": {
			"translation": [0, 5, -9],
			"scale": [4, 4, 4]
		},
		"fixed": {
			"rotation": [-90, 0, 0],
			"translation": [0, 0, -14],
			"scale": [2, 2, 2]
		}
	},
	"groups": [
		0,
		1,
		2,
		3,
		4,
		5,
		6,
		7,
		8,
		9,
		10,
		11,
		12,
		13,
		14,
		15,
		16,
		17,
		18,
		19,
		20,
		21,
		22,
		23,
		24,
		25,
		26,
		27,
		28,
		29,
		30,
		31,
		32,
		33,
		34,
		35,
		36,
		37,
		38,
		39,
		40,
		41,
		42,
		43,
		44,
		45,
		46,
		47,
		48,
		49,
		50,
		51,
		52,
		53,
		54,
		55,
		56,
		57,
		58,
		59,
		60,
		61,
		{
			"name": "end_rod",
			"origin": [8, 8, 8],
			"color": 0,
			"children": [62, 63, 64, 65, 66, 67, 68, 69, 70, 71, 72, 73, 74, 75, 76, 77, 78, 79, 80, 81, 82, 83, 84, 85, 86, 87, 88, 89, 90, 91, 92, 93]
		},
		{
			"name": "hexadecagon",
			"origin": [8, 8, 8],
			"color": 0,
			"children": [94, 95, 96, 97, 98, 99, 100, 101, 102, 103, 104, 105, 106, 107, 108, 109, 110, 111, 112, 113, 114, 115, 116, 117, 118, 119, 120, 121, 122, 123, 124, 125, 126, 127, 128, 129]
		},
		{
			"name": "hexadecagon",
			"origin": [8, 8, 8],
			"color": 0,
			"children": []
		}
	]
}