{
	"credit": "Made with Blockbench",
	"textures": {
		"1": "logo",
		"3": "block/black_concrete",
		"particle": "logo"
	},
	"elements": [
		{
			"from": [4.4, -0.6, 2.35],
			"to": [5.9, 0, 11.75],
			"rotation": {"angle": 0, "axis": "y", "origin": [8.4, 8, 8]},
			"faces": {
				"north": {"uv": [1, 0, 2, 1], "texture": "#3"},
				"east": {"uv": [1, 0, 2, 1], "texture": "#3"},
				"south": {"uv": [1, 0, 2, 1], "texture": "#3"},
				"west": {"uv": [1, 0, 2, 1], "texture": "#3"},
				"up": {"uv": [1, 0, 2, 1], "texture": "#3"},
				"down": {"uv": [1, 0, 2, 1], "texture": "#3"}
			}
		},
		{
			"from": [4.4, 0, 10.75],
			"to": [5.9, 0.05, 11.75],
			"rotation": {"angle": 0, "axis": "y", "origin": [8.4, 8.6, 16.4]},
			"faces": {
				"north": {"uv": [4, 1, 5, 2], "texture": "#3"},
				"east": {"uv": [4, 1, 5, 2], "texture": "#3"},
				"south": {"uv": [4, 1, 5, 2], "texture": "#3"},
				"west": {"uv": [4, 1, 5, 2], "texture": "#3"},
				"up": {"uv": [4, 1, 5, 2], "texture": "#3"},
				"down": {"uv": [4, 1, 5, 2], "texture": "#3"}
			}
		},
		{
			"from": [10.1, 0, 10.75],
			"to": [11.6, 0.05, 11.75],
			"rotation": {"angle": 0, "axis": "y", "origin": [14.1, 8.6, 16.4]},
			"faces": {
				"north": {"uv": [4, 1, 5, 2], "texture": "#3"},
				"east": {"uv": [4, 1, 5, 2], "texture": "#3"},
				"south": {"uv": [4, 1, 5, 2], "texture": "#3"},
				"west": {"uv": [4, 1, 5, 2], "texture": "#3"},
				"up": {"uv": [4, 1, 5, 2], "texture": "#3"},
				"down": {"uv": [4, 1, 5, 2], "texture": "#3"}
			}
		},
		{
			"from": [4.4, 0, 2.35],
			"to": [5.9, 0.05, 3.35],
			"rotation": {"angle": 0, "axis": "y", "origin": [8.4, 8.6, 8]},
			"faces": {
				"north": {"uv": [4, 1, 5, 2], "texture": "#3"},
				"east": {"uv": [4, 1, 5, 2], "texture": "#3"},
				"south": {"uv": [4, 1, 5, 2], "texture": "#3"},
				"west": {"uv": [4, 1, 5, 2], "texture": "#3"},
				"up": {"uv": [4, 1, 5, 2], "texture": "#3"},
				"down": {"uv": [4, 1, 5, 2], "texture": "#3"}
			}
		},
		{
			"from": [10.1, 0, 2.35],
			"to": [11.6, 0.05, 3.35],
			"rotation": {"angle": 0, "axis": "y", "origin": [14.1, 8.6, 8]},
			"faces": {
				"north": {"uv": [4, 1, 5, 2], "texture": "#3"},
				"east": {"uv": [4, 1, 5, 2], "texture": "#3"},
				"south": {"uv": [4, 1, 5, 2], "texture": "#3"},
				"west": {"uv": [4, 1, 5, 2], "texture": "#3"},
				"up": {"uv": [4, 1, 5, 2], "texture": "#3"},
				"down": {"uv": [4, 1, 5, 2], "texture": "#3"}
			}
		},
		{
			"from": [10.1, -0.6, 2.35],
			"to": [11.6, 0, 11.75],
			"rotation": {"angle": 0, "axis": "y", "origin": [7.6, 8, 8]},
			"faces": {
				"north": {"uv": [1, 0, 2, 1], "texture": "#3"},
				"east": {"uv": [1, 0, 2, 1], "texture": "#3"},
				"south": {"uv": [1, 0, 2, 1], "texture": "#3"},
				"west": {"uv": [1, 0, 2, 1], "texture": "#3"},
				"up": {"uv": [1, 0, 2, 1], "texture": "#3"},
				"down": {"uv": [1, 0, 2, 1], "texture": "#3"}
			}
		},
		{
			"from": [5.65, -1, 1.8],
			"to": [7.3, -0.5, 12.45],
			"rotation": {"angle": 0, "axis": "y", "origin": [8.9, 7.6, 8]},
			"faces": {
				"north": {"uv": [1, 0, 2, 1], "texture": "#3"},
				"east": {"uv": [1, 0, 2, 1], "texture": "#3"},
				"south": {"uv": [1, 0, 2, 1], "texture": "#3"},
				"west": {"uv": [1, 0, 2, 1], "texture": "#3"},
				"up": {"uv": [1, 0, 2, 1], "texture": "#3"},
				"down": {"uv": [1, 0, 2, 1], "texture": "#3"}
			}
		},
		{
			"from": [5.65, -0.5, 1.8],
			"to": [7.3, -0.45, 2.8],
			"rotation": {"angle": 0, "axis": "y", "origin": [8.9, 8.1, 8]},
			"faces": {
				"north": {"uv": [4, 1, 5, 2], "texture": "#3"},
				"east": {"uv": [4, 1, 5, 2], "texture": "#3"},
				"south": {"uv": [4, 1, 5, 2], "texture": "#3"},
				"west": {"uv": [4, 1, 5, 2], "texture": "#3"},
				"up": {"uv": [4, 1, 5, 2], "texture": "#3"},
				"down": {"uv": [4, 1, 5, 2], "texture": "#3"}
			}
		},
		{
			"from": [5.65, -0.5, 11.45],
			"to": [7.3, -0.45, 12.45],
			"rotation": {"angle": 0, "axis": "y", "origin": [8.9, 8.1, 17.65]},
			"faces": {
				"north": {"uv": [4, 1, 5, 2], "texture": "#3"},
				"east": {"uv": [4, 1, 5, 2], "texture": "#3"},
				"south": {"uv": [4, 1, 5, 2], "texture": "#3"},
				"west": {"uv": [4, 1, 5, 2], "texture": "#3"},
				"up": {"uv": [4, 1, 5, 2], "texture": "#3"},
				"down": {"uv": [4, 1, 5, 2], "texture": "#3"}
			}
		},
		{
			"from": [8.7, -1, 1.8],
			"to": [10.35, -0.5, 12.45],
			"rotation": {"angle": 0, "axis": "y", "origin": [7.1, 7.6, 8]},
			"faces": {
				"north": {"uv": [1, 0, 2, 1], "texture": "#3"},
				"east": {"uv": [1, 0, 2, 1], "texture": "#3"},
				"south": {"uv": [1, 0, 2, 1], "texture": "#3"},
				"west": {"uv": [1, 0, 2, 1], "texture": "#3"},
				"up": {"uv": [1, 0, 2, 1], "texture": "#3"},
				"down": {"uv": [1, 0, 2, 1], "texture": "#3"}
			}
		},
		{
			"from": [8.7, -0.5, 1.8],
			"to": [10.35, -0.45, 2.8],
			"rotation": {"angle": 0, "axis": "y", "origin": [7.1, 8.1, 8]},
			"faces": {
				"north": {"uv": [4, 1, 5, 2], "texture": "#3"},
				"east": {"uv": [4, 1, 5, 2], "texture": "#3"},
				"south": {"uv": [4, 1, 5, 2], "texture": "#3"},
				"west": {"uv": [4, 1, 5, 2], "texture": "#3"},
				"up": {"uv": [4, 1, 5, 2], "texture": "#3"},
				"down": {"uv": [4, 1, 5, 2], "texture": "#3"}
			}
		},
		{
			"from": [8.7, -0.5, 11.45],
			"to": [10.35, -0.45, 12.45],
			"rotation": {"angle": 0, "axis": "y", "origin": [7.1, 8.1, 17.65]},
			"faces": {
				"north": {"uv": [4, 1, 5, 2], "texture": "#3"},
				"east": {"uv": [4, 1, 5, 2], "texture": "#3"},
				"south": {"uv": [4, 1, 5, 2], "texture": "#3"},
				"west": {"uv": [4, 1, 5, 2], "texture": "#3"},
				"up": {"uv": [4, 1, 5, 2], "texture": "#3"},
				"down": {"uv": [4, 1, 5, 2], "texture": "#3"}
			}
		},
		{
			"from": [6.9, -0.8, 1.1],
			"to": [8.4, -0.5, 12.9],
			"rotation": {"angle": 0, "axis": "y", "origin": [10.9, 7.6, 8]},
			"faces": {
				"north": {"uv": [1, 0, 2, 1], "texture": "#3"},
				"east": {"uv": [1, 0, 2, 1], "texture": "#3"},
				"south": {"uv": [1, 0, 2, 1], "texture": "#3"},
				"west": {"uv": [1, 0, 2, 1], "texture": "#3"},
				"up": {"uv": [1, 0, 2, 1], "texture": "#3"},
				"down": {"uv": [1, 0, 2, 1], "texture": "#3"}
			}
		},
		{
			"from": [6.9, -0.5, 1.1],
			"to": [8.4, -0.45, 2.1],
			"rotation": {"angle": 0, "axis": "y", "origin": [10.9, 7.9, 8]},
			"faces": {
				"north": {"uv": [4, 1, 5, 2], "texture": "#3"},
				"east": {"uv": [4, 1, 5, 2], "texture": "#3"},
				"south": {"uv": [4, 1, 5, 2], "texture": "#3"},
				"west": {"uv": [4, 1, 5, 2], "texture": "#3"},
				"up": {"uv": [4, 1, 5, 2], "texture": "#3"},
				"down": {"uv": [4, 1, 5, 2], "texture": "#3"}
			}
		},
		{
			"from": [6.9, -0.5, 11.9],
			"to": [8.4, -0.45, 12.9],
			"rotation": {"angle": 0, "axis": "y", "origin": [10.9, 7.9, 18.8]},
			"faces": {
				"north": {"uv": [4, 1, 5, 2], "texture": "#3"},
				"east": {"uv": [4, 1, 5, 2], "texture": "#3"},
				"south": {"uv": [4, 1, 5, 2], "texture": "#3"},
				"west": {"uv": [4, 1, 5, 2], "texture": "#3"},
				"up": {"uv": [4, 1, 5, 2], "texture": "#3"},
				"down": {"uv": [4, 1, 5, 2], "texture": "#3"}
			}
		},
		{
			"from": [8.4, -0.8, 1.1],
			"to": [9.1, -0.5, 12.9],
			"rotation": {"angle": 0, "axis": "y", "origin": [5.1, 7.6, 8]},
			"faces": {
				"north": {"uv": [1, 0, 2, 1], "texture": "#3"},
				"east": {"uv": [1, 0, 2, 1], "texture": "#3"},
				"south": {"uv": [1, 0, 2, 1], "texture": "#3"},
				"west": {"uv": [1, 0, 2, 1], "texture": "#3"},
				"up": {"uv": [1, 0, 2, 1], "texture": "#3"},
				"down": {"uv": [1, 0, 2, 1], "texture": "#3"}
			}
		},
		{
			"from": [8.4, -0.5, 1.1],
			"to": [9.1, -0.45, 2.1],
			"rotation": {"angle": 0, "axis": "y", "origin": [5.1, 7.9, 8]},
			"faces": {
				"north": {"uv": [4, 1, 5, 2], "texture": "#3"},
				"east": {"uv": [4, 1, 5, 2], "texture": "#3"},
				"south": {"uv": [4, 1, 5, 2], "texture": "#3"},
				"west": {"uv": [4, 1, 5, 2], "texture": "#3"},
				"up": {"uv": [4, 1, 5, 2], "texture": "#3"},
				"down": {"uv": [4, 1, 5, 2], "texture": "#3"}
			}
		},
		{
			"from": [8.4, -0.5, 11.9],
			"to": [9.1, -0.45, 12.9],
			"rotation": {"angle": 0, "axis": "y", "origin": [5.1, 7.9, 18.8]},
			"faces": {
				"north": {"uv": [4, 1, 5, 2], "texture": "#3"},
				"east": {"uv": [4, 1, 5, 2], "texture": "#3"},
				"south": {"uv": [4, 1, 5, 2], "texture": "#3"},
				"west": {"uv": [4, 1, 5, 2], "texture": "#3"},
				"up": {"uv": [4, 1, 5, 2], "texture": "#3"},
				"down": {"uv": [4, 1, 5, 2], "texture": "#3"}
			}
		},
		{
			"from": [3.9, -0.3, 2.75],
			"to": [4.4, 0.5, 11.25],
			"rotation": {"angle": 0, "axis": "y", "origin": [1.6, 9, 8]},
			"faces": {
				"north": {"uv": [1, 0, 2, 1], "texture": "#3"},
				"east": {"uv": [1, 0, 2, 1], "texture": "#3"},
				"south": {"uv": [1, 0, 2, 1], "texture": "#3"},
				"west": {"uv": [1, 0, 2, 1], "texture": "#3"},
				"up": {"uv": [1, 0, 2, 1], "texture": "#3"},
				"down": {"uv": [1, 0, 2, 1], "texture": "#3"}
			}
		},
		{
			"from": [3.9, 0.5, 2.75],
			"to": [4.4, 0.55, 11.25],
			"rotation": {"angle": 0, "axis": "y", "origin": [1.6, 9.8, 8]},
			"faces": {
				"north": {"uv": [4, 1, 5, 2], "texture": "#3"},
				"east": {"uv": [4, 1, 5, 2], "texture": "#3"},
				"south": {"uv": [4, 1, 5, 2], "texture": "#3"},
				"west": {"uv": [4, 1, 5, 2], "texture": "#3"},
				"up": {"uv": [4, 1, 5, 2], "texture": "#3"},
				"down": {"uv": [4, 1, 5, 2], "texture": "#3"}
			}
		},
		{
			"from": [11.6, -0.3, 2.75],
			"to": [12.1, 0.5, 11.25],
			"rotation": {"angle": 0, "axis": "y", "origin": [14.4, 9, 8]},
			"faces": {
				"north": {"uv": [1, 0, 2, 1], "texture": "#3"},
				"east": {"uv": [1, 0, 2, 1], "texture": "#3"},
				"south": {"uv": [1, 0, 2, 1], "texture": "#3"},
				"west": {"uv": [1, 0, 2, 1], "texture": "#3"},
				"up": {"uv": [1, 0, 2, 1], "texture": "#3"},
				"down": {"uv": [1, 0, 2, 1], "texture": "#3"}
			}
		},
		{
			"from": [11.6, 0.5, 2.75],
			"to": [12.1, 0.55, 11.25],
			"rotation": {"angle": 0, "axis": "y", "origin": [14.4, 9.8, 8]},
			"faces": {
				"north": {"uv": [4, 1, 5, 2], "texture": "#3"},
				"east": {"uv": [4, 1, 5, 2], "texture": "#3"},
				"south": {"uv": [4, 1, 5, 2], "texture": "#3"},
				"west": {"uv": [4, 1, 5, 2], "texture": "#3"},
				"up": {"uv": [4, 1, 5, 2], "texture": "#3"},
				"down": {"uv": [4, 1, 5, 2], "texture": "#3"}
			}
		},
		{
			"from": [3.6, 0.2, 3.3],
			"to": [4.1, 1.2, 10.45],
			"rotation": {"angle": 0, "axis": "y", "origin": [1.2, 9.5, 8]},
			"faces": {
				"north": {"uv": [1, 0, 2, 1], "texture": "#3"},
				"east": {"uv": [1, 0, 2, 1], "texture": "#3"},
				"south": {"uv": [1, 0, 2, 1], "texture": "#3"},
				"west": {"uv": [1, 0, 2, 1], "texture": "#3"},
				"up": {"uv": [1, 0, 2, 1], "texture": "#3"},
				"down": {"uv": [1, 0, 2, 1], "texture": "#3"}
			}
		},
		{
			"from": [3.6, 1.2, 3.3],
			"to": [4.1, 1.25, 10.45],
			"rotation": {"angle": 0, "axis": "y", "origin": [1.2, 10.5, 8]},
			"faces": {
				"north": {"uv": [4, 1, 5, 2], "texture": "#3"},
				"east": {"uv": [4, 1, 5, 2], "texture": "#3"},
				"south": {"uv": [4, 1, 5, 2], "texture": "#3"},
				"west": {"uv": [4, 1, 5, 2], "texture": "#3"},
				"up": {"uv": [4, 1, 5, 2], "texture": "#3"},
				"down": {"uv": [4, 1, 5, 2], "texture": "#3"}
			}
		},
		{
			"from": [11.9, 0.2, 3.3],
			"to": [12.4, 1.2, 10.45],
			"rotation": {"angle": 0, "axis": "y", "origin": [14.8, 9.5, 8]},
			"faces": {
				"north": {"uv": [1, 0, 2, 1], "texture": "#3"},
				"east": {"uv": [1, 0, 2, 1], "texture": "#3"},
				"south": {"uv": [1, 0, 2, 1], "texture": "#3"},
				"west": {"uv": [1, 0, 2, 1], "texture": "#3"},
				"up": {"uv": [1, 0, 2, 1], "texture": "#3"},
				"down": {"uv": [1, 0, 2, 1], "texture": "#3"}
			}
		},
		{
			"from": [11.9, 1.2, 3.3],
			"to": [12.4, 1.25, 10.45],
			"rotation": {"angle": 0, "axis": "y", "origin": [14.8, 10.5, 8]},
			"faces": {
				"north": {"uv": [4, 1, 5, 2], "texture": "#3"},
				"east": {"uv": [4, 1, 5, 2], "texture": "#3"},
				"south": {"uv": [4, 1, 5, 2], "texture": "#3"},
				"west": {"uv": [4, 1, 5, 2], "texture": "#3"},
				"up": {"uv": [4, 1, 5, 2], "texture": "#3"},
				"down": {"uv": [4, 1, 5, 2], "texture": "#3"}
			}
		},
		{
			"name": "hexadecagon",
			"from": [7.30381, -0.5, 3.4],
			"to": [8.69619, 1.5, 10.4],
			"rotation": {"angle": -45, "axis": "y", "origin": [8, 0, 6.9]},
			"faces": {
				"north": {"uv": [4, 1, 5, 2], "texture": "#3"},
				"east": {"uv": [4, 1, 5, 2], "texture": "#3"},
				"south": {"uv": [4, 1, 5, 2], "texture": "#3"},
				"west": {"uv": [4, 1, 5, 2], "texture": "#3"},
				"up": {"uv": [4, 1, 5, 2], "texture": "#3"},
				"down": {"uv": [4, 1, 5, 2], "texture": "#3"}
			}
		},
		{
			"name": "hexadecagon",
			"from": [7.30381, -0.5, 3.4],
			"to": [8.69619, 1.5, 10.4],
			"rotation": {"angle": -22.5, "axis": "y", "origin": [8, 0, 6.9]},
			"faces": {
				"north": {"uv": [4, 1, 5, 2], "texture": "#3"},
				"east": {"uv": [4, 1, 5, 2], "texture": "#3"},
				"south": {"uv": [4, 1, 5, 2], "texture": "#3"},
				"west": {"uv": [4, 1, 5, 2], "texture": "#3"},
				"up": {"uv": [4, 1, 5, 2], "texture": "#3"},
				"down": {"uv": [4, 1, 5, 2], "texture": "#3"}
			}
		},
		{
			"name": "hexadecagon",
			"from": [7.30381, -0.5, 3.4],
			"to": [8.69619, 1.5, 10.4],
			"rotation": {"angle": 0, "axis": "y", "origin": [8, 0, 6.9]},
			"faces": {
				"north": {"uv": [4, 1, 5, 2], "texture": "#3"},
				"east": {"uv": [4, 1, 5, 2], "texture": "#3"},
				"south": {"uv": [4, 1, 5, 2], "texture": "#3"},
				"west": {"uv": [4, 1, 5, 2], "texture": "#3"},
				"up": {"uv": [4, 1, 5, 2], "texture": "#3"},
				"down": {"uv": [4, 1, 5, 2], "texture": "#3"}
			}
		},
		{
			"name": "hexadecagon",
			"from": [7.30381, -0.5, 3.4],
			"to": [8.69619, 1.5, 10.4],
			"rotation": {"angle": 22.5, "axis": "y", "origin": [8, 0, 6.9]},
			"faces": {
				"north": {"uv": [4, 1, 5, 2], "texture": "#3"},
				"east": {"uv": [4, 1, 5, 2], "texture": "#3"},
				"south": {"uv": [4, 1, 5, 2], "texture": "#3"},
				"west": {"uv": [4, 1, 5, 2], "texture": "#3"},
				"up": {"uv": [4, 1, 5, 2], "texture": "#3"},
				"down": {"uv": [4, 1, 5, 2], "texture": "#3"}
			}
		},
		{
			"name": "hexadecagon",
			"from": [7.30381, -0.5, 3.4],
			"to": [8.69619, 1.5, 10.4],
			"rotation": {"angle": 45, "axis": "y", "origin": [8, 0, 6.9]},
			"faces": {
				"north": {"uv": [4, 1, 5, 2], "texture": "#3"},
				"east": {"uv": [4, 1, 5, 2], "texture": "#3"},
				"south": {"uv": [4, 1, 5, 2], "texture": "#3"},
				"west": {"uv": [4, 1, 5, 2], "texture": "#3"},
				"up": {"uv": [4, 1, 5, 2], "texture": "#3"},
				"down": {"uv": [4, 1, 5, 2], "texture": "#3"}
			}
		},
		{
			"name": "hexadecagon",
			"from": [4.5, -0.5, 6.20381],
			"to": [11.5, 1.5, 7.59619],
			"rotation": {"angle": -22.5, "axis": "y", "origin": [8, 0, 6.9]},
			"faces": {
				"north": {"uv": [4, 1, 5, 2], "texture": "#3"},
				"east": {"uv": [4, 1, 5, 2], "texture": "#3"},
				"south": {"uv": [4, 1, 5, 2], "texture": "#3"},
				"west": {"uv": [4, 1, 5, 2], "texture": "#3"},
				"up": {"uv": [4, 1, 5, 2], "texture": "#3"},
				"down": {"uv": [4, 1, 5, 2], "texture": "#3"}
			}
		},
		{
			"name": "hexadecagon",
			"from": [4.5, -0.5, 6.20381],
			"to": [11.5, 1.5, 7.59619],
			"rotation": {"angle": 0, "axis": "y", "origin": [8, 0, 6.9]},
			"faces": {
				"north": {"uv": [4, 1, 5, 2], "texture": "#3"},
				"east": {"uv": [4, 1, 5, 2], "texture": "#3"},
				"south": {"uv": [4, 1, 5, 2], "texture": "#3"},
				"west": {"uv": [4, 1, 5, 2], "texture": "#3"},
				"up": {"uv": [4, 1, 5, 2], "texture": "#3"},
				"down": {"uv": [4, 1, 5, 2], "texture": "#3"}
			}
		},
		{
			"name": "hexadecagon",
			"from": [4.5, -0.5, 6.20381],
			"to": [11.5, 1.5, 7.59619],
			"rotation": {"angle": 22.5, "axis": "y", "origin": [8, 0, 6.9]},
			"faces": {
				"north": {"uv": [4, 1, 5, 2], "texture": "#3"},
				"east": {"uv": [4, 1, 5, 2], "texture": "#3"},
				"south": {"uv": [4, 1, 5, 2], "texture": "#3"},
				"west": {"uv": [4, 1, 5, 2], "texture": "#3"},
				"up": {"uv": [4, 1, 5, 2], "texture": "#3"},
				"down": {"uv": [4, 1, 5, 2], "texture": "#3"}
			}
		},
		{
			"name": "hexadecagon",
			"from": [7.30381, 1.5, 3.425],
			"to": [8.69619, 5, 10.425],
			"rotation": {"angle": -45, "axis": "y", "origin": [8, 2, 6.925]},
			"faces": {
				"north": {"uv": [1, 0, 2, 1], "texture": "#3"},
				"east": {"uv": [1, 0, 2, 1], "texture": "#3"},
				"south": {"uv": [1, 0, 2, 1], "texture": "#3"},
				"west": {"uv": [1, 0, 2, 1], "texture": "#3"},
				"up": {"uv": [1, 0, 2, 1], "texture": "#3"},
				"down": {"uv": [1, 0, 2, 1], "texture": "#3"}
			}
		},
		{
			"name": "hexadecagon",
			"from": [7.30381, 1.5, 3.425],
			"to": [8.69619, 5, 10.425],
			"rotation": {"angle": -22.5, "axis": "y", "origin": [8, 2, 6.925]},
			"faces": {
				"north": {"uv": [1, 0, 2, 1], "texture": "#3"},
				"east": {"uv": [1, 0, 2, 1], "texture": "#3"},
				"south": {"uv": [1, 0, 2, 1], "texture": "#3"},
				"west": {"uv": [1, 0, 2, 1], "texture": "#3"},
				"up": {"uv": [1, 0, 2, 1], "texture": "#3"},
				"down": {"uv": [1, 0, 2, 1], "texture": "#3"}
			}
		},
		{
			"name": "hexadecagon",
			"from": [7.30381, 1.5, 3.425],
			"to": [8.69619, 5, 10.425],
			"rotation": {"angle": 0, "axis": "y", "origin": [8, 2, 6.925]},
			"faces": {
				"north": {"uv": [1, 0, 2, 1], "texture": "#3"},
				"east": {"uv": [1, 0, 2, 1], "texture": "#3"},
				"south": {"uv": [1, 0, 2, 1], "texture": "#3"},
				"west": {"uv": [1, 0, 2, 1], "texture": "#3"},
				"up": {"uv": [1, 0, 2, 1], "texture": "#3"},
				"down": {"uv": [1, 0, 2, 1], "texture": "#3"}
			}
		},
		{
			"name": "hexadecagon",
			"from": [7.30381, 1.5, 3.425],
			"to": [8.69619, 5, 10.425],
			"rotation": {"angle": 22.5, "axis": "y", "origin": [8, 2, 6.925]},
			"faces": {
				"north": {"uv": [1, 0, 2, 1], "texture": "#3"},
				"east": {"uv": [1, 0, 2, 1], "texture": "#3"},
				"south": {"uv": [1, 0, 2, 1], "texture": "#3"},
				"west": {"uv": [1, 0, 2, 1], "texture": "#3"},
				"up": {"uv": [1, 0, 2, 1], "texture": "#3"},
				"down": {"uv": [1, 0, 2, 1], "texture": "#3"}
			}
		},
		{
			"name": "hexadecagon",
			"from": [7.30381, 1.5, 3.425],
			"to": [8.69619, 5, 10.425],
			"rotation": {"angle": 45, "axis": "y", "origin": [8, 2, 6.925]},
			"faces": {
				"north": {"uv": [1, 0, 2, 1], "texture": "#3"},
				"east": {"uv": [1, 0, 2, 1], "texture": "#3"},
				"south": {"uv": [1, 0, 2, 1], "texture": "#3"},
				"west": {"uv": [1, 0, 2, 1], "texture": "#3"},
				"up": {"uv": [1, 0, 2, 1], "texture": "#3"},
				"down": {"uv": [1, 0, 2, 1], "texture": "#3"}
			}
		},
		{
			"name": "hexadecagon",
			"from": [4.5, 1.5, 6.22881],
			"to": [11.5, 5, 7.62119],
			"rotation": {"angle": -22.5, "axis": "y", "origin": [8, 2, 6.925]},
			"faces": {
				"north": {"uv": [1, 0, 2, 1], "texture": "#3"},
				"east": {"uv": [1, 0, 2, 1], "texture": "#3"},
				"south": {"uv": [1, 0, 2, 1], "texture": "#3"},
				"west": {"uv": [1, 0, 2, 1], "texture": "#3"},
				"up": {"uv": [1, 0, 2, 1], "texture": "#3"},
				"down": {"uv": [1, 0, 2, 1], "texture": "#3"}
			}
		},
		{
			"name": "hexadecagon",
			"from": [4.5, 1.5, 6.22881],
			"to": [11.5, 5, 7.62119],
			"rotation": {"angle": 0, "axis": "y", "origin": [8, 2, 6.925]},
			"faces": {
				"north": {"uv": [1, 0, 2, 1], "texture": "#3"},
				"east": {"uv": [1, 0, 2, 1], "texture": "#3"},
				"south": {"uv": [1, 0, 2, 1], "texture": "#3"},
				"west": {"uv": [1, 0, 2, 1], "texture": "#3"},
				"up": {"uv": [1, 0, 2, 1], "texture": "#3"},
				"down": {"uv": [1, 0, 2, 1], "texture": "#3"}
			}
		},
		{
			"name": "hexadecagon",
			"from": [4.5, 1.5, 6.22881],
			"to": [11.5, 5, 7.62119],
			"rotation": {"angle": 22.5, "axis": "y", "origin": [8, 2, 6.925]},
			"faces": {
				"north": {"uv": [1, 0, 2, 1], "texture": "#3"},
				"east": {"uv": [1, 0, 2, 1], "texture": "#3"},
				"south": {"uv": [1, 0, 2, 1], "texture": "#3"},
				"west": {"uv": [1, 0, 2, 1], "texture": "#3"},
				"up": {"uv": [1, 0, 2, 1], "texture": "#3"},
				"down": {"uv": [1, 0, 2, 1], "texture": "#3"}
			}
		},
		{
			"from": [7, 1, 9.5],
			"to": [9, 3, 10.5],
			"rotation": {"angle": 0, "axis": "y", "origin": [8, 2, 9.899]},
			"faces": {
				"north": {"uv": [0, 0, 2, 2], "texture": "#1"},
				"east": {"uv": [0, 0, 1, 2], "texture": "#1"},
				"south": {"uv": [2.656, 2.496, 13.52, 13.488], "texture": "#1"},
				"west": {"uv": [0, 0, 1, 2], "texture": "#1"},
				"up": {"uv": [0, 0, 2, 1], "rotation": 180, "texture": "#1"},
				"down": {"uv": [0, 0, 2, 1], "rotation": 180, "texture": "#1"}
			}
		}
	],
	"display": {
		"thirdperson_righthand": {
			"rotation": [-18, 55, 0],
			"translation": [0.75, 4.75, -1.25],
			"scale": [0.6, 0.63, 0.56]
		},
		"thirdperson_lefthand": {
			"rotation": [0, 53, 0],
			"translation": [0, 4, 0.75],
			"scale": [0.42, 0.42, 0.4]
		},
		"firstperson_righthand": {
			"rotation": [0, -37, 0],
			"translation": [0, 10.5, 0],
			"scale": [0.89, 1, 0.96]
		},
		"firstperson_lefthand": {
			"rotation": [0, -53, 0],
			"translation": [0, 10.5, 0]
		},
		"ground": {
			"translation": [0, 4.75, 0]
		},
		"gui": {
			"rotation": [13.5, -42.5, -0.5],
			"translation": [-0.5, 7.25, 0.5],
			"scale": [1.2, 1.32, 1.2]
		},
		"head": {
			"rotation": [0, -180, 0],
			"translation": [0.25, 23.75, -2],
			"scale": [2, 2, 2]
		},
		"fixed": {
			"rotation": [0, -180, 0],
			"translation": [0, 12.25, 0],
			"scale": [2.06, 2.06, 2.06]
		}
	},
	"groups": [
		{
			"name": "group",
			"origin": [8, 8, 8],
			"color": 0,
			"children": [0, 1, 2, 3, 4, 5, 6, 7, 8, 9, 10, 11, 12, 13, 14, 15, 16, 17, 18, 19, 20, 21, 22, 23, 24, 25]
		},
		{
			"name": "hexadecagon",
			"origin": [8, 8, 8],
			"color": 0,
			"children": [26, 27, 28, 29, 30, 31, 32, 33]
		},
		{
			"name": "hexadecagon",
			"origin": [8, 8, 8],
			"color": 0,
			"children": [34, 35, 36, 37, 38, 39, 40, 41]
		},
		42
	]
}