{
	"credit": "Made with Blockbench",
	"textures": {
		"1": "skin/hulk",
		"2": "block/black_concrete",
		"3": "logo",
		"particle": "skin/hulk"
	},
	"elements": [
		{
			"from": [3, 0, 4],
			"to": [6, 6, 10],
			"rotation": {"angle": 0, "axis": "y", "origin": [11, 8, 16]},
			"faces": {
				"north": {"uv": [0, 2, 2, 4], "texture": "#1"},
				"east": {"uv": [6, 2, 8, 4], "rotation": 180, "texture": "#1"},
				"south": {"uv": [4, 2, 6, 4], "texture": "#1"},
				"west": {"uv": [2, 2, 4, 4], "texture": "#1"},
				"up": {"uv": [2, 0, 4, 2], "texture": "#1"},
				"down": {"uv": [4, 0, 6, 2], "rotation": 90, "texture": "#1"}
			}
		},
		{
			"from": [6, 3, 4],
			"to": [10, 4, 5],
			"rotation": {"angle": 0, "axis": "y", "origin": [14, 11, 12]},
			"faces": {
				"north": {"uv": [0, 0, 1, 1], "texture": "#2"},
				"east": {"uv": [0, 0, 1, 1], "texture": "#2"},
				"south": {"uv": [0, 0, 1, 1], "texture": "#2"},
				"west": {"uv": [0, 0, 1, 1], "texture": "#2"},
				"up": {"uv": [0, 0, 1, 1], "texture": "#2"},
				"down": {"uv": [0, 0, 1, 1], "texture": "#2"}
			}
		},
		{
			"from": [6, 3, 9],
			"to": [10, 4, 10],
			"rotation": {"angle": 0, "axis": "y", "origin": [14, 11, 17]},
			"faces": {
				"north": {"uv": [0, 0, 4, 1], "texture": "#2"},
				"east": {"uv": [0, 0, 1, 1], "texture": "#2"},
				"south": {"uv": [0, 0, 4, 1], "texture": "#2"},
				"west": {"uv": [0, 0, 1, 1], "texture": "#2"},
				"up": {"uv": [0, 0, 4, 1], "texture": "#2"},
				"down": {"uv": [0, 0, 4, 1], "texture": "#2"}
			}
		},
		{
			"from": [9, 3, 5],
			"to": [10, 4, 9],
			"rotation": {"angle": 0, "axis": "y", "origin": [17, 11, 1]},
			"faces": {
				"north": {"uv": [0, 0, 1, 1], "texture": "#2"},
				"east": {"uv": [0, 0, 4, 1], "texture": "#2"},
				"south": {"uv": [0, 0, 1, 1], "texture": "#2"},
				"west": {"uv": [0, 0, 4, 1], "texture": "#2"},
				"up": {"uv": [0, 0, 4, 1], "rotation": 270, "texture": "#2"},
				"down": {"uv": [0, 0, 4, 1], "rotation": 90, "texture": "#2"}
			}
		},
		{
			"from": [6, 1, 5],
			"to": [6, 5, 9],
			"faces": {
				"north": {"uv": [0, 0, 0, 4], "texture": "#missing"},
				"east": {"uv": [2.656, 2.4, 13.6, 13.44], "texture": "#3"},
				"south": {"uv": [0, 0, 0, 4], "texture": "#missing"},
				"west": {"uv": [0, 0, 4, 4], "texture": "#missing"},
				"up": {"uv": [0, 0, 0, 4], "texture": "#missing"},
				"down": {"uv": [0, 0, 0, 4], "texture": "#missing"}
			}
		}
	],
	"display": {
		"gui": {
			"rotation": [13.5, 42.5, 0.5],
			"translation": [3, 7.5, 0],
			"scale": [1.5, 1.5, 1.5]
		},
		"head": {
			"rotation": [0, -90, 0],
			"translation": [-2.25, 12.75, 4],
			"scale": [2.5, 2.5, 2.5]
		}
	}
}