{
	"credit": "Made with Blockbench",
	"textures": {
		"1": "skin/mickey",
		"2": "block/black_concrete",
		"3": "logo",
		"particle": "skin/mickey"
	},
	"elements": [
		{
			"from": [3, 0, 4],
			"to": [6, 6, 10],
			"rotation": {"angle": 0, "axis": "y", "origin": [11, 8, 16]},
			"faces": {
				"north": {"uv": [0, 2, 2, 4], "texture": "#1"},
				"east": {"uv": [6, 2, 8, 4], "rotation": 180, "texture": "#1"},
				"south": {"uv": [4, 2, 6, 4], "texture": "#1"},
				"west": {"uv": [2, 2, 4, 4], "texture": "#1"},
				"up": {"uv": [2, 0, 4, 2], "texture": "#1"},
				"down": {"uv": [4, 0, 6, 2], "rotation": 90, "texture": "#1"}
			}
		},
		{
			"from": [6, 3, 4],
			"to": [10, 4, 5],
			"rotation": {"angle": 0, "axis": "y", "origin": [14, 11, 12]},
			"faces": {
				"north": {"uv": [0, 0, 1, 1], "texture": "#2"},
				"east": {"uv": [0, 0, 1, 1], "texture": "#2"},
				"south": {"uv": [0, 0, 1, 1], "texture": "#2"},
				"west": {"uv": [0, 0, 1, 1], "texture": "#2"},
				"up": {"uv": [0, 0, 1, 1], "texture": "#2"},
				"down": {"uv": [0, 0, 1, 1], "texture": "#2"}
			}
		},
		{
			"from": [6, 3, 9],
			"to": [10, 4, 10],
			"rotation": {"angle": 0, "axis": "y", "origin": [14, 11, 17]},
			"faces": {
				"north": {"uv": [0, 0, 4, 1], "texture": "#2"},
				"east": {"uv": [0, 0, 1, 1], "texture": "#2"},
				"south": {"uv": [0, 0, 4, 1], "texture": "#2"},
				"west": {"uv": [0, 0, 1, 1], "texture": "#2"},
				"up": {"uv": [0, 0, 4, 1], "texture": "#2"},
				"down": {"uv": [0, 0, 4, 1], "texture": "#2"}
			}
		},
		{
			"from": [9, 3, 5],
			"to": [10, 4, 9],
			"rotation": {"angle": 0, "axis": "y", "origin": [17, 11, 1]},
			"faces": {
				"north": {"uv": [0, 0, 1, 1], "texture": "#2"},
				"east": {"uv": [0, 0, 4, 1], "texture": "#2"},
				"south": {"uv": [0, 0, 1, 1], "texture": "#2"},
				"west": {"uv": [0, 0, 4, 1], "texture": "#2"},
				"up": {"uv": [0, 0, 4, 1], "rotation": 270, "texture": "#2"},
				"down": {"uv": [0, 0, 4, 1], "rotation": 90, "texture": "#2"}
			}
		},
		{
			"from": [6, 1, 5],
			"to": [6, 5, 9],
			"faces": {
				"north": {"uv": [0, 0, 0, 4], "texture": "#missing"},
				"east": {"uv": [2.56, 2.56, 13.536, 13.472], "texture": "#3"},
				"south": {"uv": [0, 0, 0, 4], "texture": "#missing"},
				"west": {"uv": [0, 0, 4, 4], "texture": "#missing"},
				"up": {"uv": [0, 0, 0, 4], "texture": "#missing"},
				"down": {"uv": [0, 0, 0, 4], "texture": "#missing"}
			}
		},
		{
			"from": [3.84946, 4.9825, 3.07047],
			"to": [4.54946, 7.7825, 4.47047],
			"rotation": {"angle": 0, "axis": "y", "origin": [22.19946, 11.3825, 5.77047]},
			"faces": {
				"north": {"uv": [7.25, 2, 7.75, 4], "texture": "#2"},
				"east": {"uv": [6.75, 2, 7.5, 4], "texture": "#2"},
				"south": {"uv": [7.25, 2, 7.75, 4], "texture": "#2"},
				"west": {"uv": [6.75, 2, 7.5, 4], "texture": "#2"},
				"up": {"uv": [6.25, 2.25, 7.5, 2.5], "rotation": 90, "texture": "#2"},
				"down": {"uv": [7.25, 2, 7.75, 4], "rotation": 270, "texture": "#2"}
			}
		},
		{
			"from": [3.84946, 4.9825, 10.07047],
			"to": [4.54946, 7.7825, 11.47047],
			"rotation": {"angle": 0, "axis": "y", "origin": [22.19946, 11.3825, 5.77047]},
			"faces": {
				"north": {"uv": [7.25, 2, 7.75, 4], "texture": "#2"},
				"east": {"uv": [6.75, 2, 7.5, 4], "texture": "#2"},
				"south": {"uv": [7.25, 2, 7.75, 4], "texture": "#2"},
				"west": {"uv": [6.75, 2, 7.5, 4], "texture": "#2"},
				"up": {"uv": [6.25, 2.25, 7.5, 2.5], "rotation": 90, "texture": "#2"},
				"down": {"uv": [7.25, 2, 7.75, 4], "rotation": 270, "texture": "#2"}
			}
		},
		{
			"from": [3.9, 5.6825, 2.4],
			"to": [4.6, 7.0825, 3.1],
			"rotation": {"angle": 0, "axis": "x", "origin": [4.51, 11.3825, 1.35]},
			"faces": {
				"north": {"uv": [6.5, 2.5, 7, 4], "texture": "#2"},
				"east": {"uv": [7.25, 2, 7.75, 4], "texture": "#2"},
				"south": {"uv": [6.5, 2.5, 7, 4], "texture": "#2"},
				"west": {"uv": [7.25, 2, 7.75, 4], "texture": "#2"},
				"up": {"uv": [6.25, 2.25, 7.5, 2.5], "texture": "#2"},
				"down": {"uv": [7.25, 2, 7.75, 4], "texture": "#2"}
			}
		},
		{
			"from": [3.9, 5.6825, 4.4],
			"to": [4.6, 7.0825, 5.1],
			"rotation": {"angle": 0, "axis": "x", "origin": [4.51, 11.3825, 1.35]},
			"faces": {
				"north": {"uv": [6.5, 2.5, 7, 4], "texture": "#2"},
				"east": {"uv": [7.25, 2, 7.75, 4], "texture": "#2"},
				"south": {"uv": [6.5, 2.5, 7, 4], "texture": "#2"},
				"west": {"uv": [7.25, 2, 7.75, 4], "texture": "#2"},
				"up": {"uv": [6.25, 2.25, 7.5, 2.5], "texture": "#2"},
				"down": {"uv": [7.25, 2, 7.75, 4], "texture": "#2"}
			}
		},
		{
			"from": [3.9, 5.6825, 9.4],
			"to": [4.6, 7.0825, 10.1],
			"rotation": {"angle": 0, "axis": "x", "origin": [4.51, 11.3825, 1.35]},
			"faces": {
				"north": {"uv": [6.5, 2.5, 7, 4], "texture": "#2"},
				"east": {"uv": [7.25, 2, 7.75, 4], "texture": "#2"},
				"south": {"uv": [6.5, 2.5, 7, 4], "texture": "#2"},
				"west": {"uv": [7.25, 2, 7.75, 4], "texture": "#2"},
				"up": {"uv": [6.25, 2.25, 7.5, 2.5], "texture": "#2"},
				"down": {"uv": [7.25, 2, 7.75, 4], "texture": "#2"}
			}
		},
		{
			"from": [3.9, 5.6825, 11.4],
			"to": [4.6, 7.0825, 12.1],
			"rotation": {"angle": 0, "axis": "x", "origin": [4.51, 11.3825, 1.35]},
			"faces": {
				"north": {"uv": [6.5, 2.5, 7, 4], "texture": "#2"},
				"east": {"uv": [7.25, 2, 7.75, 4], "texture": "#2"},
				"south": {"uv": [6.5, 2.5, 7, 4], "texture": "#2"},
				"west": {"uv": [7.25, 2, 7.75, 4], "texture": "#2"},
				"up": {"uv": [6.25, 2.25, 7.5, 2.5], "texture": "#2"},
				"down": {"uv": [7.25, 2, 7.75, 4], "texture": "#2"}
			}
		},
		{
			"from": [2.9, 1, 6],
			"to": [2.9, 1.8, 7.8],
			"faces": {
				"north": {"uv": [0, 0, 0, 0.8], "texture": "#missing"},
				"east": {"uv": [0, 0, 1.8, 0.8], "texture": "#missing"},
				"south": {"uv": [0, 0, 0, 0.8], "texture": "#missing"},
				"west": {"uv": [6, 2.75, 7.8, 3.55], "texture": "#1"},
				"up": {"uv": [0, 0, 0, 1.8], "texture": "#missing"},
				"down": {"uv": [0, 0, 0, 1.8], "texture": "#missing"}
			}
		}
	],
	"display": {
		"gui": {
			"rotation": [13.5, 42.5, 0.5],
			"translation": [3, 7.5, 0],
			"scale": [1.5, 1.5, 1.5]
		},
		"head": {
			"rotation": [0, -90, 0],
			"translation": [-2.25, 12.75, 4],
			"scale": [2.5, 2.5, 2.5]
		}
	}
}